0.000000000000000000e+00,-1.150888806478178594e-06
3.333333333333333287e-02,-6.259310794121120125e-06
6.666666666666666574e-02,-2.380080104558146559e-06
1.000000000000000056e-01,-1.980190245376434177e-05
1.333333333333333315e-01,-2.635653800098225474e-06
1.666666666666666574e-01,-2.489832695573568344e-05
2.000000000000000111e-01,-4.102019738638773561e-05
2.333333333333333370e-01,6.545355427078902721e-05
2.666666666666666630e-01,-2.529375778976827860e-04
2.999999999999999889e-01,3.909423248842358589e-04
3.333333333333333148e-01,-6.558486493304371834e-04
3.666666666666666408e-01,4.975182237103581429e-04
4.000000000000000222e-01,3.962519404012709856e-04
4.333333333333333481e-01,-8.779337629675865173e-03
4.666666666666666741e-01,-2.088847197592258453e-02
5.000000000000000000e-01,-2.712334692478179932e-02
5.333333333333333259e-01,-3.281912207603454590e-02
5.666666666666666519e-01,-4.281727224588394165e-02
5.999999999999999778e-01,-4.964829236268997192e-02
6.333333333333333037e-01,-4.463316500186920166e-02
6.666666666666666297e-01,-3.409972786903381348e-02
6.999999999999999556e-01,-2.704743295907974243e-02
7.333333333333332815e-01,-1.822451129555702209e-02
7.666666666666666075e-01,-1.584972371347248554e-03
8.000000000000000444e-01,1.579216867685317993e-02
8.333333333333333703e-01,2.522167190909385681e-02
8.666666666666666963e-01,3.275352343916893005e-02
9.000000000000000222e-01,4.762469232082366943e-02
9.333333333333333481e-01,6.337457150220870972e-02
9.666666666666666741e-01,7.072076946496963501e-02
1.000000000000000000e+00,7.097510993480682373e-02
1.033333333333333215e+00,7.149766385555267334e-02
1.066666666666666652e+00,6.606028228998184204e-02
1.100000000000000089e+00,4.644831269979476929e-02
1.133333333333333304e+00,1.833008415997028351e-02
1.166666666666666741e+00,-7.348614744842052460e-03
1.199999999999999956e+00,-2.195989340543746948e-02
1.233333333333333393e+00,-3.041469864547252655e-02
1.266666666666666607e+00,-4.035263881087303162e-02
1.300000000000000044e+00,-4.576341435313224792e-02
1.333333333333333259e+00,-3.802201151847839355e-02
1.366666666666666696e+00,-2.199786156415939331e-02
1.399999999999999911e+00,-7.421173155307769775e-03
1.433333333333333348e+00,-3.263566875830292702e-03
1.466666666666666563e+00,-4.232612438499927521e-03
1.500000000000000000e+00,-1.807574299164116383e-03
1.533333333333333215e+00,-3.643415984697639942e-04
1.566666666666666652e+00,-7.914893329143524170e-03
1.600000000000000089e+00,-1.945124752819538116e-02
1.633333333333333304e+00,-2.714315429329872131e-02
1.666666666666666741e+00,-2.879744209349155426e-02
1.699999999999999956e+00,-3.016824088990688324e-02
1.733333333333333393e+00,-3.200116381049156189e-02
1.766666666666666607e+00,-2.981825359165668488e-02
1.800000000000000044e+00,-2.795244194567203522e-02
1.833333333333333259e+00,-3.288262709975242615e-02
1.866666666666666696e+00,-3.691242262721061707e-02
1.899999999999999911e+00,-3.295889869332313538e-02
1.933333333333333348e+00,-3.021398931741714478e-02
1.966666666666666563e+00,-3.869252279400825500e-02
2.000000000000000000e+00,-5.127850547432899475e-02
2.033333333333333215e+00,-5.560991168022155762e-02
2.066666666666666430e+00,-5.118353664875030518e-02
2.100000000000000089e+00,-4.793750122189521790e-02
2.133333333333333304e+00,-5.312125384807586670e-02
2.166666666666666519e+00,-5.811488255858421326e-02
2.200000000000000178e+00,-5.607705190777778625e-02
2.233333333333333393e+00,-5.474585294723510742e-02
2.266666666666666607e+00,-6.120848655700683594e-02
2.299999999999999822e+00,-6.670755892992019653e-02
2.333333333333333481e+00,-6.407432258129119873e-02
2.366666666666666696e+00,-5.872614309191703796e-02
2.399999999999999911e+00,-5.918337777256965637e-02
2.433333333333333126e+00,-5.699170008301734924e-02
2.466666666666666785e+00,-4.043459519743919373e-02
2.500000000000000000e+00,-1.629254780709743500e-02
2.533333333333333215e+00,2.549943514168262482e-03
2.566666666666666430e+00,7.384188938885927200e-03
2.600000000000000089e+00,6.725423969328403473e-03
2.633333333333333304e+00,1.028703432530164719e-02
2.666666666666666519e+00,1.096643507480621338e-02
2.700000000000000178e+00,-5.528132896870374680e-04
2.733333333333333393e+00,-1.566377095878124237e-02
2.766666666666666607e+00,-2.382726036012172699e-02
2.799999999999999822e+00,-3.151552751660346985e-02
2.833333333333333481e+00,-4.649445042014122009e-02
2.866666666666666696e+00,-6.056383624672889709e-02
2.899999999999999911e+00,-6.579025834798812866e-02
2.933333333333333126e+00,-6.869038194417953491e-02
2.966666666666666785e+00,-7.578420639038085938e-02
3.000000000000000000e+00,-7.880380004644393921e-02
3.033333333333333215e+00,-6.994906067848205566e-02
3.066666666666666430e+00,-5.627397447824478149e-02
3.100000000000000089e+00,-4.507272690534591675e-02
3.133333333333333304e+00,-3.071107901632785797e-02
3.166666666666666519e+00,-1.317214686423540115e-02
3.200000000000000178e+00,-1.567434403114020824e-03
3.233333333333333393e+00,1.792266266420483589e-04
3.266666666666666607e+00,1.426966977305710316e-03
3.299999999999999822e+00,1.059822272509336472e-02
3.333333333333333481e+00,2.098629996180534363e-02
3.366666666666666696e+00,2.484204992651939392e-02
3.399999999999999911e+00,2.827287651598453522e-02
3.433333333333333126e+00,3.985122963786125183e-02
3.466666666666666785e+00,5.314254760742187500e-02
3.500000000000000000e+00,5.780431628227233887e-02
3.533333333333333215e+00,5.910955369472503662e-02
3.566666666666666430e+00,6.620194762945175171e-02
3.600000000000000089e+00,7.328555732965469360e-02
3.633333333333333304e+00,7.034642249345779419e-02
3.666666666666666519e+00,6.208539009094238281e-02
3.699999999999999734e+00,5.731135234236717224e-02
3.733333333333333393e+00,5.003826692700386047e-02
3.766666666666666607e+00,3.041847795248031616e-02
3.799999999999999822e+00,3.335330635309219360e-03
3.833333333333333481e+00,-2.012668177485466003e-02
3.866666666666666696e+00,-3.130178153514862061e-02
3.899999999999999911e+00,-3.724259883165359497e-02
3.933333333333333126e+00,-4.785357043147087097e-02
3.966666666666666785e+00,-5.723182857036590576e-02
4.000000000000000000e+00,-5.668312683701515198e-02
4.033333333333333215e+00,-5.164960771799087524e-02
4.066666666666666430e+00,-5.183277651667594910e-02
4.099999999999999645e+00,-5.119543522596359253e-02
4.133333333333332860e+00,-4.086244851350784302e-02
4.166666666666666963e+00,-2.659549191594123840e-02
4.200000000000000178e+00,-1.752127520740032196e-02
4.233333333333333393e+00,-7.259093225002288818e-03
4.266666666666666607e+00,1.156442612409591675e-02
4.299999999999999822e+00,3.268856182694435120e-02
4.333333333333333037e+00,4.612459987401962280e-02
4.366666666666666252e+00,4.955607280135154724e-02
4.400000000000000355e+00,5.210003629326820374e-02
4.433333333333333570e+00,6.251141428947448730e-02
4.466666666666666785e+00,7.469253987073898315e-02
4.500000000000000000e+00,7.834292203187942505e-02
4.533333333333333215e+00,6.761486828327178955e-02
4.566666666666666430e+00,4.943939670920372009e-02
4.599999999999999645e+00,3.457458317279815674e-02
4.633333333333332860e+00,2.647940441966056824e-02
4.666666666666666963e+00,1.818625256419181824e-02
4.700000000000000178e+00,1.218683784827589989e-03
4.733333333333333393e+00,-1.840310730040073395e-02
4.766666666666666607e+00,-3.201336041092872620e-02
4.799999999999999822e+00,-3.990641236305236816e-02
4.833333333333333037e+00,-4.855377227067947388e-02
4.866666666666666252e+00,-5.207758769392967224e-02
4.900000000000000355e+00,-4.253984987735748291e-02
4.933333333333333570e+00,-2.493986487388610840e-02
4.966666666666666785e+00,-9.660088457167148590e-03
5.000000000000000000e+00,-5.644287914037704468e-03
5.033333333333333215e+00,-8.057966828346252441e-03
5.066666666666666430e+00,-6.804902572184801102e-03
5.099999999999999645e+00,-6.585044786334037781e-03
5.133333333333332860e+00,-1.645501703023910522e-02
5.166666666666666963e+00,-2.867501601576805115e-02
5.200000000000000178e+00,-3.221108391880989075e-02
5.233333333333333393e+00,-3.343801945447921753e-02
5.266666666666666607e+00,-4.204791784286499023e-02
5.299999999999999822e+00,-5.079403519630432129e-02
5.333333333333333037e+00,-4.901468008756637573e-02
5.366666666666666252e+00,-4.323447123169898987e-02
5.400000000000000355e+00,-4.335292428731918335e-02
5.433333333333333570e+00,-4.238844662904739380e-02
5.466666666666666785e+00,-2.929147705435752869e-02
5.500000000000000000e+00,-1.047522109001874924e-02
5.533333333333333215e+00,2.487441990524530411e-03
5.566666666666666430e+00,6.575098726898431778e-03
5.599999999999999645e+00,1.160502154380083084e-02
5.633333333333332860e+00,2.562646940350532532e-02
5.666666666666666963e+00,4.152153059840202332e-02
5.700000000000000178e+00,4.984652623534202576e-02
5.733333333333333393e+00,4.410985857248306274e-02
5.766666666666666607e+00,2.961354516446590424e-02
5.799999999999999822e+00,1.620503142476081848e-02
5.833333333333333037e+00,1.254988461732864380e-02
5.866666666666666252e+00,1.482073869556188583e-02
5.900000000000000355e+00,1.560083311051130295e-02
5.933333333333333570e+00,1.926509477198123932e-02
5.966666666666666785e+00,2.635622024536132812e-02
6.000000000000000000e+00,2.657419443130493164e-02
6.033333333333333215e+00,1.251662708818912506e-02
6.066666666666666430e+00,-8.230711333453655243e-03
6.099999999999999645e+00,-2.514986693859100342e-02
6.133333333333332860e+00,-3.150340914726257324e-02
6.166666666666666963e+00,-3.265503048896789551e-02
6.200000000000000178e+00,-3.709505870938301086e-02
6.233333333333333393e+00,-4.097158834338188171e-02
6.266666666666666607e+00,-3.687179461121559143e-02
6.299999999999999822e+00,-2.936659194529056549e-02
6.333333333333333037e+00,-2.542978338897228241e-02
6.366666666666666252e+00,-2.078605815768241882e-02
6.400000000000000355e+00,-9.899877943098545074e-03
6.433333333333333570e+00,-2.768416889011859894e-04
6.466666666666666785e+00,5.988352349959313869e-04
6.500000000000000000e+00,1.235705451108515263e-03
6.533333333333333215e+00,8.547413162887096405e-03
6.566666666666666430e+00,1.480984315276145935e-02
6.599999999999999645e+00,1.291404291987419128e-02
6.633333333333332860e+00,1.161383744329214096e-02
6.666666666666666963e+00,1.765364594757556915e-02
6.700000000000000178e+00,2.339394576847553253e-02
6.733333333333333393e+00,2.219381183385848999e-02
6.766666666666666607e+00,2.312455140054225922e-02
6.799999999999999822e+00,3.264915943145751953e-02
6.833333333333333037e+00,4.258023202419281006e-02
6.866666666666666252e+00,4.602921381592750549e-02
6.899999999999999467e+00,4.973547533154487610e-02
6.933333333333333570e+00,5.923693627119064331e-02
6.966666666666666785e+00,6.645390391349792480e-02
7.000000000000000000e+00,6.485547870397567749e-02
7.033333333333333215e+00,6.367413699626922607e-02
7.066666666666666430e+00,6.913863122463226318e-02
7.099999999999999645e+00,7.299900054931640625e-02
7.133333333333332860e+00,6.843924522399902344e-02
7.166666666666666963e+00,6.157279014587402344e-02
7.200000000000000178e+00,5.777148529887199402e-02
7.233333333333333393e+00,5.040980130434036255e-02
7.266666666666666607e+00,3.396847471594810486e-02
7.299999999999999822e+00,1.805112324655056000e-02
7.333333333333333037e+00,9.156792424619197845e-03
7.366666666666666252e+00,1.983031863346695900e-03
7.399999999999999467e+00,-1.271445304155349731e-02
7.433333333333333570e+00,-2.624134905636310577e-02
7.466666666666666785e+00,-2.568455599248409271e-02
7.500000000000000000e+00,-1.592548377811908722e-02
7.533333333333333215e+00,-9.917330928146839142e-03
7.566666666666666430e+00,-1.664924807846546173e-02
7.599999999999999645e+00,-2.687495015561580658e-02
7.633333333333332860e+00,-2.770586498081684113e-02
7.666666666666666963e+00,-1.634242385625839233e-02
7.700000000000000178e+00,-4.274082370102405548e-03
7.733333333333333393e+00,-1.616319059394299984e-03
7.766666666666666607e+00,-3.658570349216461182e-04
7.799999999999999822e+00,1.024676859378814697e-02
7.833333333333333037e+00,2.136974409222602844e-02
7.866666666666666252e+00,2.059226296842098236e-02
7.899999999999999467e+00,1.518378034234046936e-02
7.933333333333333570e+00,1.694629341363906860e-02
7.966666666666666785e+00,2.378845214843750000e-02
8.000000000000000000e+00,2.437946759164333344e-02
8.033333333333333215e+00,2.074466086924076080e-02
8.066666666666666430e+00,2.268325723707675934e-02
8.099999999999999645e+00,2.730020694434642792e-02
8.133333333333332860e+00,2.329136244952678680e-02
8.166666666666666075e+00,1.301021967083215714e-02
8.199999999999999289e+00,6.372207775712013245e-03
8.233333333333332504e+00,1.563710859045386314e-03
8.266666666666665719e+00,-8.251570165157318115e-03
8.300000000000000711e+00,-1.897625625133514404e-02
8.333333333333333925e+00,-2.087368257343769073e-02
8.366666666666667140e+00,-1.636414602398872375e-02
8.400000000000000355e+00,-1.457203365862369537e-02
8.433333333333333570e+00,-1.304654311388731003e-02
8.466666666666666785e+00,-6.675473880022764206e-03
8.500000000000000000e+00,2.727563551161438227e-04
8.533333333333333215e+00,-2.665843814611434937e-03
8.566666666666666430e+00,-1.009099930524826050e-02
8.599999999999999645e+00,-1.186887174844741821e-02
8.633333333333332860e+00,-1.524423062801361084e-02
8.666666666666666075e+00,-2.461868710815906525e-02
8.699999999999999289e+00,-3.084416687488555908e-02
8.733333333333332504e+00,-2.780676633119583130e-02
8.766666666666665719e+00,-2.446817606687545776e-02
8.800000000000000711e+00,-3.267104178667068481e-02
8.833333333333333925e+00,-4.544684290885925293e-02
8.866666666666667140e+00,-5.048660561442375183e-02
8.900000000000000355e+00,-4.475483670830726624e-02
8.933333333333333570e+00,-3.847911953926086426e-02
8.966666666666666785e+00,-3.867926821112632751e-02
9.000000000000000000e+00,-3.747365251183509827e-02
9.033333333333333215e+00,-2.876137010753154755e-02
9.066666666666666430e+00,-2.161802165210247040e-02
9.099999999999999645e+00,-2.325549162924289703e-02
9.133333333333332860e+00,-2.590168267488479614e-02
9.166666666666666075e+00,-2.328115887939929962e-02
9.199999999999999289e+00,-2.413037233054637909e-02
9.233333333333332504e+00,-3.451073914766311646e-02
9.266666666666665719e+00,-4.634159058332443237e-02
9.300000000000000711e+00,-5.091505870223045349e-02
9.333333333333333925e+00,-4.304445534944534302e-02
9.366666666666667140e+00,-2.768648229539394379e-02
9.400000000000000355e+00,-1.313226018100976944e-02
9.433333333333333570e+00,-3.700651228427886963e-03
9.466666666666666785e+00,5.448705051094293594e-03
9.500000000000000000e+00,2.127067372202873230e-02
9.533333333333333215e+00,3.876204416155815125e-02
9.566666666666666430e+00,4.937319830060005188e-02
9.599999999999999645e+00,4.490165412425994873e-02
9.633333333333332860e+00,3.007401153445243835e-02
9.666666666666666075e+00,1.706353388726711273e-02
9.699999999999999289e+00,1.677854917943477631e-02
9.733333333333332504e+00,2.153945155441761017e-02
9.766666666666665719e+00,2.049876004457473755e-02
9.800000000000000711e+00,1.800246909260749817e-02
9.833333333333333925e+00,2.406561002135276794e-02
9.866666666666667140e+00,3.103003092110157013e-02
9.900000000000000355e+00,2.852602303028106689e-02
9.933333333333333570e+00,2.350363507866859436e-02
9.966666666666666785e+00,2.678851224482059479e-02
1.000000000000000000e+01,3.078646771609783173e-02
1.003333333333333321e+01,2.526958473026752472e-02
1.006666666666666643e+01,1.710272207856178284e-02
1.009999999999999964e+01,1.690606214106082916e-02
1.013333333333333286e+01,1.719289645552635193e-02
1.016666666666666607e+01,7.949258200824260712e-03
1.019999999999999929e+01,-4.089974332600831985e-03
1.023333333333333250e+01,-8.583416230976581573e-03
1.026666666666666572e+01,-1.282425969839096069e-02
1.030000000000000071e+01,-2.654106356203556061e-02
1.033333333333333393e+01,-4.315389692783355713e-02
1.036666666666666714e+01,-5.082709342241287231e-02
1.040000000000000036e+01,-4.593638703227043152e-02
1.043333333333333357e+01,-3.667166829109191895e-02
1.046666666666666679e+01,-3.209608793258666992e-02
1.050000000000000000e+01,-2.527322992682456970e-02
1.053333333333333321e+01,-6.934834644198417664e-03
1.056666666666666643e+01,1.667929440736770630e-02
1.059999999999999964e+01,3.421177342534065247e-02
1.063333333333333286e+01,3.593928739428520203e-02
1.066666666666666607e+01,2.879269234836101532e-02
1.069999999999999929e+01,2.389557659626007080e-02
1.073333333333333250e+01,2.687471546232700348e-02
1.076666666666666572e+01,2.981645800173282623e-02
1.080000000000000071e+01,2.274102903902530670e-02
1.083333333333333393e+01,1.137227471917867661e-02
1.086666666666666714e+01,4.136335104703903198e-03
1.090000000000000036e+01,-4.131426569074392319e-03
1.093333333333333357e+01,-1.354282535612583160e-02
1.096666666666666679e+01,-1.766898855566978455e-02
1.100000000000000000e+01,-2.249047346413135529e-02
1.103333333333333321e+01,-3.188310563564300537e-02
1.106666666666666643e+01,-3.807032108306884766e-02
1.109999999999999964e+01,-3.292266279458999634e-02
1.113333333333333286e+01,-2.364356629550457001e-02
1.116666666666666607e+01,-1.935371570289134979e-02
1.119999999999999929e+01,-1.399445440620183945e-02
1.123333333333333250e+01,3.465092449914664030e-04
1.126666666666666572e+01,1.628168486058712006e-02
1.130000000000000071e+01,2.491197735071182251e-02
1.133333333333333393e+01,3.232952579855918884e-02
1.136666666666666714e+01,4.606867581605911255e-02
1.140000000000000036e+01,5.861029773950576782e-02
1.143333333333333357e+01,6.130018457770347595e-02
1.146666666666666679e+01,6.055928394198417664e-02
1.150000000000000000e+01,6.381380558013916016e-02
1.153333333333333321e+01,6.324089318513870239e-02
1.156666666666666643e+01,5.041081458330154419e-02
1.159999999999999964e+01,3.238221630454063416e-02
1.163333333333333286e+01,1.936380565166473389e-02
1.166666666666666607e+01,8.392405696213245392e-03
1.169999999999999929e+01,-8.768189698457717896e-03
1.173333333333333250e+01,-2.547711133956909180e-02
1.176666666666666572e+01,-3.121040575206279755e-02
1.180000000000000071e+01,-3.334574773907661438e-02
1.183333333333333393e+01,-4.190323129296302795e-02
1.186666666666666714e+01,-5.010686442255973816e-02
1.190000000000000036e+01,-4.728202894330024719e-02
1.193333333333333357e+01,-4.091827198863029480e-02
1.196666666666666679e+01,-4.109894856810569763e-02
1.200000000000000000e+01,-4.097246751189231873e-02
1.203333333333333321e+01,-2.978455647826194763e-02
1.206666666666666643e+01,-1.511745527386665344e-02
1.209999999999999964e+01,-7.150759454816579819e-03
1.213333333333333286e+01,9.030331275425851345e-04
1.216666666666666607e+01,1.971020177006721497e-02
1.219999999999999929e+01,4.173077270388603210e-02
1.223333333333333250e+01,5.467091128230094910e-02
1.226666666666666572e+01,5.096547305583953857e-02
1.230000000000000071e+01,3.667981177568435669e-02
1.233333333333333393e+01,2.147985063493251801e-02
1.236666666666666714e+01,1.401385758072137833e-02
1.240000000000000036e+01,8.812553249299526215e-03
1.243333333333333357e+01,-4.531257320195436478e-03
1.246666666666666679e+01,-2.175998501479625702e-02
1.250000000000000000e+01,-3.312143310904502869e-02
1.253333333333333321e+01,-4.053537920117378235e-02
1.256666666666666643e+01,-5.011104792356491089e-02
1.259999999999999964e+01,-5.712074786424636841e-02
1.263333333333333286e+01,-5.406613275408744812e-02
1.266666666666666607e+01,-4.757091030478477478e-02
1.269999999999999929e+01,-4.526907578110694885e-02
1.273333333333333250e+01,-3.909018263220787048e-02
1.276666666666666572e+01,-1.966063678264617920e-02
1.280000000000000071e+01,6.558500695973634720e-03
1.283333333333333393e+01,2.672367542982101440e-02
1.286666666666666714e+01,3.117011673748493195e-02
1.290000000000000036e+01,2.631448023021221161e-02
1.293333333333333357e+01,2.314246632158756256e-02
1.296666666666666679e+01,2.548409998416900635e-02
1.300000000000000000e+01,2.513586543500423431e-02
1.303333333333333321e+01,1.345965266227722168e-02
1.306666666666666643e+01,-3.218997735530138016e-03
1.309999999999999964e+01,-1.452630572021007538e-02
1.313333333333333286e+01,-1.309170201420783997e-02
1.316666666666666607e+01,-5.139958113431930542e-03
1.319999999999999929e+01,-4.798500449396669865e-04
1.323333333333333250e+01,9.798383107408881187e-04
1.326666666666666572e+01,7.019172422587871552e-03
1.329999999999999893e+01,1.184088084846735001e-02
1.333333333333333393e+01,6.667264737188816071e-03
1.336666666666666714e+01,-3.358894027769565582e-03
1.340000000000000036e+01,-9.707971476018428802e-03
1.343333333333333357e+01,-1.553352084010839462e-02
1.346666666666666679e+01,-2.896422520279884338e-02
1.350000000000000000e+01,-4.468290880322456360e-02
1.353333333333333321e+01,-5.310050025582313538e-02
1.356666666666666643e+01,-5.208206176757812500e-02
1.359999999999999964e+01,-5.023802816867828369e-02
1.363333333333333286e+01,-5.724137276411056519e-02
1.366666666666666607e+01,-6.799557805061340332e-02
1.369999999999999929e+01,-7.159542292356491089e-02
1.373333333333333250e+01,-5.945825576782226562e-02
1.376666666666666572e+01,-3.858789429068565369e-02
1.379999999999999893e+01,-2.134377881884574890e-02
1.383333333333333393e+01,-1.684441231191158295e-02
1.386666666666666714e+01,-1.929937861859798431e-02
1.390000000000000036e+01,-1.841525547206401825e-02
1.393333333333333357e+01,-1.032815128564834595e-02
1.396666666666666679e+01,-3.061603056266903877e-03
1.400000000000000000e+01,-5.747179500758647919e-03
1.403333333333333321e+01,-1.277610473334789276e-02
1.406666666666666643e+01,-1.583960838615894318e-02
1.409999999999999964e+01,-1.877302117645740509e-02
1.413333333333333286e+01,-2.995157986879348755e-02
1.416666666666666607e+01,-4.278140887618064880e-02
1.419999999999999929e+01,-4.869901761412620544e-02
1.423333333333333250e+01,-5.249179527163505554e-02
1.426666666666666572e+01,-6.274355202913284302e-02
1.429999999999999893e+01,-7.283121347427368164e-02
1.433333333333333393e+01,-7.441356778144836426e-02
1.436666666666666714e+01,-7.341898232698440552e-02
1.440000000000000036e+01,-7.874131947755813599e-02
1.443333333333333357e+01,-8.367171883583068848e-02
1.446666666666666679e+01,-7.862623035907745361e-02
1.450000000000000000e+01,-6.931476294994354248e-02
1.453333333333333321e+01,-6.422141194343566895e-02
1.456666666666666643e+01,-5.734697356820106506e-02
1.459999999999999964e+01,-3.923320770263671875e-02
1.463333333333333286e+01,-1.625815965235233307e-02
1.466666666666666607e+01,9.513549739494919777e-04
1.469999999999999929e+01,5.504593718796968460e-03
1.473333333333333250e+01,4.447946324944496155e-03
1.476666666666666572e+01,6.302199792116880417e-03
1.479999999999999893e+01,5.552505608648061752e-03
1.483333333333333393e+01,-5.895277485251426697e-03
1.486666666666666714e+01,-2.135117352008819580e-02
1.490000000000000036e+01,-3.073226287961006165e-02
1.493333333333333357e+01,-2.899887226521968842e-02
1.496666666666666679e+01,-2.362948656082153320e-02
1.500000000000000000e+01,-2.328654564917087555e-02
1.503333333333333321e+01,-2.287315763533115387e-02
1.506666666666666643e+01,-1.447168458253145218e-02
1.509999999999999964e+01,-4.139273893088102341e-03
1.513333333333333286e+01,-6.360622937791049480e-04
1.516666666666666607e+01,9.708844590932130814e-04
1.519999999999999929e+01,8.027639240026473999e-03
1.523333333333333250e+01,1.467458810657262802e-02
1.526666666666666572e+01,1.277787610888481140e-02
1.529999999999999893e+01,7.187337614595890045e-03
1.533333333333333393e+01,4.987189080566167831e-03
1.536666666666666714e+01,6.621867069043219090e-04
1.540000000000000036e+01,-1.260557398200035095e-02
1.543333333333333357e+01,-2.953741140663623810e-02
1.546666666666666679e+01,-4.090357199311256409e-02
1.550000000000000000e+01,-3.767968341708183289e-02
1.553333333333333321e+01,-2.510186843574047089e-02
1.556666666666666643e+01,-1.467611733824014664e-02
1.559999999999999964e+01,-9.550095535814762115e-03
1.563333333333333286e+01,-3.196185920387506485e-03
1.566666666666666607e+01,1.490691793151199818e-03
1.569999999999999929e+01,-1.837320625782012939e-03
1.573333333333333250e+01,-8.217402733862400055e-03
1.576666666666666572e+01,-8.208729326725006104e-03
1.579999999999999893e+01,-6.201595067977905273e-03
1.583333333333333393e+01,-1.019135024398565292e-02
1.586666666666666714e+01,-1.645726710557937622e-02
1.590000000000000036e+01,-1.817665807902812958e-02
1.593333333333333357e+01,-2.027464471757411957e-02
1.596666666666666679e+01,-2.817867510020732880e-02
1.600000000000000000e+01,-3.315296024084091187e-02
1.603333333333333144e+01,-2.781375125050544739e-02
1.606666666666666643e+01,-2.052473835647106171e-02
1.610000000000000142e+01,-2.277798391878604889e-02
1.613333333333333286e+01,-2.656739205121994019e-02
1.616666666666666785e+01,-2.093465067446231842e-02
1.619999999999999929e+01,-1.237567421048879623e-02
1.623333333333333428e+01,-1.205732021480798721e-02
1.626666666666666572e+01,-1.203190349042415619e-02
1.630000000000000071e+01,-1.496447715908288956e-03
1.633333333333333215e+01,1.233029458671808243e-02
1.636666666666666714e+01,1.801156625151634216e-02
1.639999999999999858e+01,2.317292429506778717e-02
1.643333333333333357e+01,3.672606125473976135e-02
1.646666666666666501e+01,5.080793797969818115e-02
1.650000000000000000e+01,5.404650792479515076e-02
1.653333333333333144e+01,5.436382815241813660e-02
1.656666666666666643e+01,6.252714991569519043e-02
1.660000000000000142e+01,7.136721909046173096e-02
1.663333333333333286e+01,6.923058629035949707e-02
1.666666666666666785e+01,6.209953129291534424e-02
1.669999999999999929e+01,6.026486307382583618e-02
1.673333333333333428e+01,5.696060508489608765e-02
1.676666666666666572e+01,4.354794323444366455e-02
1.680000000000000071e+01,2.852342464029788971e-02
1.683333333333333215e+01,2.055016346275806427e-02
1.686666666666666714e+01,1.261250022798776627e-02
1.689999999999999858e+01,-1.830604393035173416e-03
1.693333333333333357e+01,-1.419349294155836105e-02
1.696666666666666501e+01,-1.687442883849143982e-02
1.700000000000000000e+01,-1.715123280882835388e-02
1.703333333333333144e+01,-2.177092991769313812e-02
1.706666666666666643e+01,-2.232731692492961884e-02
1.710000000000000142e+01,-1.099448744207620621e-02
1.713333333333333286e+01,5.118896253407001495e-03
1.716666666666666785e+01,1.647499576210975647e-02
1.719999999999999929e+01,1.574013754725456238e-02
1.723333333333333428e+01,8.014632388949394226e-03
1.726666666666666572e+01,2.095595467835664749e-03
1.730000000000000071e+01,2.547898038756102324e-04
1.733333333333333215e+01,-2.725053112953901291e-03
1.736666666666666714e+01,-7.875151932239532471e-03
1.739999999999999858e+01,-8.401796221733093262e-03
1.743333333333333357e+01,-3.440729575231671333e-03
1.746666666666666501e+01,-1.141101820394396782e-03
1.750000000000000000e+01,-9.557595476508140564e-03
1.753333333333333144e+01,-2.313393168151378632e-02
1.756666666666666643e+01,-3.192085027694702148e-02
1.760000000000000142e+01,-2.884024567902088165e-02
1.763333333333333286e+01,-2.012763917446136475e-02
1.766666666666666785e+01,-1.490687765181064606e-02
1.769999999999999929e+01,-8.631834760308265686e-03
1.773333333333333428e+01,7.556117139756679535e-03
1.776666666666666572e+01,2.822679840028285980e-02
1.780000000000000071e+01,4.177433252334594727e-02
1.783333333333333215e+01,3.791172802448272705e-02
1.786666666666666714e+01,2.394947409629821777e-02
1.789999999999999858e+01,1.208697911351919174e-02
1.793333333333333357e+01,1.071562618017196655e-02
1.796666666666666501e+01,1.350700110197067261e-02
1.800000000000000000e+01,1.290304772555828094e-02
1.803333333333333144e+01,1.464724261313676834e-02
1.806666666666666643e+01,2.285671047866344452e-02
1.810000000000000142e+01,2.872750721871852875e-02
1.813333333333333286e+01,2.427749522030353546e-02
1.816666666666666785e+01,1.608982495963573456e-02
1.819999999999999929e+01,1.267273258417844772e-02
1.823333333333333428e+01,7.057483308017253876e-03
1.826666666666666572e+01,-7.150886114686727524e-03
1.830000000000000071e+01,-2.282057702541351318e-02
1.833333333333333215e+01,-3.142943605780601501e-02
1.836666666666666714e+01,-3.921819105744361877e-02
1.839999999999999858e+01,-5.075205117464065552e-02
1.843333333333333357e+01,-5.834702029824256897e-02
1.846666666666666501e+01,-5.330426990985870361e-02
1.850000000000000000e+01,-4.187374562025070190e-02
1.853333333333333144e+01,-3.266981244087219238e-02
1.856666666666666643e+01,-2.325897477567195892e-02
1.860000000000000142e+01,-6.141118705272674561e-03
1.863333333333333286e+01,1.193500868976116180e-02
1.866666666666666785e+01,2.272283844649791718e-02
1.869999999999999929e+01,3.228326141834259033e-02
1.873333333333333428e+01,4.910081252455711365e-02
1.876666666666666572e+01,6.634820997714996338e-02
1.880000000000000071e+01,7.475113868713378906e-02
1.883333333333333215e+01,7.386447489261627197e-02
1.886666666666666714e+01,7.153609395027160645e-02
1.889999999999999858e+01,7.018968462944030762e-02
1.893333333333333357e+01,6.285940855741500854e-02
1.896666666666666501e+01,5.333533510565757751e-02
1.900000000000000000e+01,4.921223968267440796e-02
1.903333333333333144e+01,4.472678154706954956e-02
1.906666666666666643e+01,3.139567747712135315e-02
1.910000000000000142e+01,1.579862087965011597e-02
1.913333333333333286e+01,7.534144446253776550e-03
1.916666666666666785e+01,6.157917086966335773e-04
1.919999999999999929e+01,-1.344356592744588852e-02
1.923333333333333428e+01,-2.901167050004005432e-02
1.926666666666666572e+01,-3.678782284259796143e-02
1.930000000000000071e+01,-4.286742955446243286e-02
1.933333333333333215e+01,-5.579495429992675781e-02
1.936666666666666714e+01,-6.990742683410644531e-02
1.939999999999999858e+01,-7.533463835716247559e-02
1.943333333333333357e+01,-7.465045899152755737e-02
1.946666666666666501e+01,-7.525783777236938477e-02
1.950000000000000000e+01,-7.164389640092849731e-02
1.953333333333333144e+01,-5.463283881545066833e-02
1.956666666666666643e+01,-3.018135763704776764e-02
1.960000000000000142e+01,-9.626736864447593689e-03
1.963333333333333286e+01,-2.624348038807511330e-03
1.966666666666666785e+01,-2.371391281485557556e-03
1.969999999999999929e+01,5.597486742772161961e-04
1.973333333333333428e+01,1.637186971493065357e-03
1.976666666666666572e+01,-5.971703212708234787e-03
1.980000000000000071e+01,-1.448078267276287079e-02
1.983333333333333215e+01,-1.470317970961332321e-02
1.986666666666666714e+01,-1.277717854827642441e-02
1.989999999999999858e+01,-1.843311451375484467e-02
1.993333333333333357e+01,-2.479998767375946045e-02
1.996666666666666501e+01,-2.275245822966098785e-02
2.000000000000000000e+01,-1.838013529777526855e-02
2.003333333333333144e+01,-2.130294032394886017e-02
2.006666666666666643e+01,-2.471841312944889069e-02
2.010000000000000142e+01,-1.973404549062252045e-02
2.013333333333333286e+01,-1.258882787078619003e-02
2.016666666666666785e+01,-1.285983901470899582e-02
2.019999999999999929e+01,-1.538608781993389130e-02
2.023333333333333428e+01,-1.108207367360591888e-02
2.026666666666666572e+01,-6.304069422185420990e-03
2.030000000000000071e+01,-9.666646830737590790e-03
2.033333333333333215e+01,-1.541998982429504395e-02
2.036666666666666714e+01,-1.461533550173044205e-02
2.039999999999999858e+01,-1.367006916552782059e-02
2.043333333333333357e+01,-2.117000520229339600e-02
2.046666666666666501e+01,-3.136717155575752258e-02
2.050000000000000000e+01,-3.520121425390243530e-02
2.053333333333333144e+01,-3.856275603175163269e-02
2.056666666666666643e+01,-4.707248508930206299e-02
2.060000000000000142e+01,-5.396450683474540710e-02
2.063333333333333286e+01,-5.022910237312316895e-02
2.066666666666666785e+01,-4.221240431070327759e-02
2.069999999999999929e+01,-3.845431655645370483e-02
2.073333333333333428e+01,-3.332804888486862183e-02
2.076666666666666572e+01,-1.781093887984752655e-02
2.080000000000000071e+01,2.101021818816661835e-03
2.083333333333333215e+01,1.604206487536430359e-02
2.086666666666666714e+01,1.996883377432823181e-02
2.089999999999999858e+01,2.174698561429977417e-02
2.093333333333333357e+01,3.038300387561321259e-02
2.096666666666666501e+01,4.043778404593467712e-02
2.100000000000000000e+01,4.419757425785064697e-02
2.103333333333333144e+01,4.722569510340690613e-02
2.106666666666666643e+01,5.390955135226249695e-02
2.110000000000000142e+01,5.754124373197555542e-02
2.113333333333333286e+01,5.066024139523506165e-02
2.116666666666666785e+01,3.953740745782852173e-02
2.119999999999999929e+01,3.299812972545623779e-02
2.123333333333333428e+01,2.605579607188701630e-02
2.126666666666666572e+01,1.119588408619165421e-02
2.130000000000000071e+01,-5.765950307250022888e-03
2.133333333333333215e+01,-1.641174778342247009e-02
2.136666666666666714e+01,-2.476843819022178650e-02
2.139999999999999858e+01,-3.831252083182334900e-02
2.143333333333333357e+01,-5.157902464270591736e-02
2.146666666666666501e+01,-5.686044692993164062e-02
2.150000000000000000e+01,-5.906674265861511230e-02
2.153333333333333144e+01,-6.474927067756652832e-02
2.156666666666666643e+01,-6.715092808008193970e-02
2.160000000000000142e+01,-5.854228883981704712e-02
2.163333333333333286e+01,-4.712607339024543762e-02
2.166666666666666785e+01,-4.026331380009651184e-02
2.169999999999999929e+01,-3.050406277179718018e-02
2.173333333333333428e+01,-9.867447428405284882e-03
2.176666666666666572e+01,1.296106819063425064e-02
2.180000000000000071e+01,2.595268562436103821e-02
2.183333333333333215e+01,3.168635442852973938e-02
2.186666666666666714e+01,3.908018022775650024e-02
2.189999999999999858e+01,4.244664683938026428e-02
2.193333333333333357e+01,3.076993115246295929e-02
2.196666666666666501e+01,1.014513056725263596e-02
2.200000000000000000e+01,-6.886923220008611679e-03
2.203333333333333144e+01,-1.377887371927499771e-02
2.206666666666666643e+01,-1.942327804863452911e-02
2.210000000000000142e+01,-3.149502351880073547e-02
2.213333333333333286e+01,-4.346497356891632080e-02
2.216666666666666785e+01,-4.879625141620635986e-02
2.219999999999999929e+01,-5.201855674386024475e-02
2.223333333333333428e+01,-5.881059914827346802e-02
2.226666666666666572e+01,-6.125950813293457031e-02
2.230000000000000071e+01,-5.119805783033370972e-02
2.233333333333333215e+01,-3.703391551971435547e-02
2.236666666666666714e+01,-2.601661533117294312e-02
2.239999999999999858e+01,-1.102735660970211029e-02
2.243333333333333357e+01,9.637651965022087097e-03
2.246666666666666501e+01,2.489919587969779968e-02
2.250000000000000000e+01,2.569749578833580017e-02
2.253333333333333144e+01,1.976700127124786377e-02
2.256666666666666643e+01,1.831271499395370483e-02
2.260000000000000142e+01,2.076649107038974762e-02
2.263333333333333286e+01,1.742955110967159271e-02
2.266666666666666785e+01,5.092731211334466934e-03
2.269999999999999929e+01,-5.971224978566169739e-03
2.273333333333333428e+01,-9.342928417026996613e-03
2.276666666666666572e+01,-1.308193989098072052e-02
2.280000000000000071e+01,-2.377489395439624786e-02
2.283333333333333215e+01,-3.232667595148086548e-02
2.286666666666666714e+01,-3.240623325109481812e-02
2.289999999999999858e+01,-3.215568140149116516e-02
2.293333333333333357e+01,-3.809415921568870544e-02
2.296666666666666501e+01,-4.102725163102149963e-02
2.300000000000000000e+01,-3.472987562417984009e-02
2.303333333333333144e+01,-2.801340632140636444e-02
2.306666666666666643e+01,-3.144128620624542236e-02
2.310000000000000142e+01,-3.661397472023963928e-02
2.313333333333333286e+01,-3.136903047561645508e-02
2.316666666666666785e+01,-2.249451167881488800e-02
2.319999999999999929e+01,-2.044112794101238251e-02
2.323333333333333428e+01,-1.682136021554470062e-02
2.326666666666666572e+01,3.340482362546026707e-04
2.330000000000000071e+01,2.419585175812244415e-02
2.333333333333333215e+01,4.213542118668556213e-02
2.336666666666666714e+01,4.797788336873054504e-02
2.339999999999999858e+01,5.055594071745872498e-02
2.343333333333333357e+01,5.715327709913253784e-02
2.346666666666666501e+01,6.022858992218971252e-02
2.350000000000000000e+01,5.339257419109344482e-02
2.353333333333333144e+01,4.539502784609794617e-02
2.356666666666666643e+01,4.371540993452072144e-02
2.360000000000000142e+01,4.095017537474632263e-02
2.363333333333333286e+01,3.050935640931129456e-02
2.366666666666666785e+01,2.097618207335472107e-02
2.369999999999999929e+01,2.002635225653648376e-02
2.373333333333333428e+01,2.044008485972881317e-02
2.376666666666666572e+01,1.533396821469068527e-02
2.380000000000000071e+01,1.271982025355100632e-02
2.383333333333333215e+01,2.044020965695381165e-02
2.386666666666666714e+01,3.147510439157485962e-02
2.389999999999999858e+01,3.694964200258255005e-02
2.393333333333333357e+01,3.459824994206428528e-02
2.396666666666666501e+01,3.136307746171951294e-02
2.400000000000000000e+01,3.493506833910942078e-02
2.403333333333333144e+01,4.068926721811294556e-02
2.406666666666666643e+01,4.172121733427047729e-02
2.410000000000000142e+01,4.237037152051925659e-02
2.413333333333333286e+01,5.025026202201843262e-02
2.416666666666666785e+01,6.081742793321609497e-02
2.419999999999999929e+01,6.573315709829330444e-02
2.423333333333333428e+01,6.300548464059829712e-02
2.426666666666666572e+01,5.968691036105155945e-02
2.430000000000000071e+01,5.983330681920051575e-02
2.433333333333333215e+01,5.641970410943031311e-02
2.436666666666666714e+01,4.024593159556388855e-02
2.439999999999999858e+01,1.680409722030162811e-02
2.443333333333333357e+01,-1.255851821042597294e-03
2.446666666666666501e+01,-3.283391939476132393e-03
2.450000000000000000e+01,4.607487935572862625e-03
2.453333333333333144e+01,1.070403121411800385e-02
2.456666666666666643e+01,7.469672244042158127e-03
2.460000000000000142e+01,2.601796062663197517e-03
2.463333333333333286e+01,4.742484074085950851e-03
2.466666666666666785e+01,7.548497524112462997e-03
2.469999999999999929e+01,3.391342004761099815e-03
2.473333333333333428e+01,-1.453103614039719105e-04
2.476666666666666572e+01,5.670597776770591736e-03
2.480000000000000071e+01,1.460382807999849319e-02
2.483333333333333215e+01,1.878433302044868469e-02
2.486666666666666714e+01,2.398109994828701019e-02
2.489999999999999858e+01,3.324045613408088684e-02
2.493333333333333357e+01,3.850622102618217468e-02
2.496666666666666501e+01,3.196903690695762634e-02
2.500000000000000000e+01,2.099172212183475494e-02
2.503333333333333144e+01,1.451944559812545776e-02
2.506666666666666643e+01,6.733248941600322723e-03
2.510000000000000142e+01,-9.433532133698463440e-03
2.513333333333333286e+01,-2.649061940610408783e-02
2.516666666666666785e+01,-3.545027971267700195e-02
2.519999999999999929e+01,-4.209400713443756104e-02
2.523333333333333428e+01,-5.445804819464683533e-02
2.526666666666666572e+01,-6.558144837617874146e-02
2.530000000000000071e+01,-6.630161404609680176e-02
2.533333333333333215e+01,-6.223358213901519775e-02
2.536666666666666714e+01,-6.173865124583244324e-02
2.539999999999999858e+01,-5.801425874233245850e-02
2.543333333333333357e+01,-4.161306098103523254e-02
2.546666666666666501e+01,-1.795657910406589508e-02
2.550000000000000000e+01,2.021060558035969734e-03
2.553333333333333144e+01,1.008082553744316101e-02
2.556666666666666643e+01,1.308112777769565582e-02
2.560000000000000142e+01,2.056692540645599365e-02
2.563333333333333286e+01,2.679524756968021393e-02
2.566666666666666785e+01,2.309252694249153137e-02
2.569999999999999929e+01,1.472528185695409775e-02
2.573333333333333428e+01,1.138218585401773453e-02
2.576666666666666572e+01,7.259893696755170822e-03
2.580000000000000071e+01,-6.510743871331214905e-03
2.583333333333333215e+01,-2.457768470048904419e-02
2.586666666666666714e+01,-3.567300736904144287e-02
2.589999999999999858e+01,-3.579336032271385193e-02
2.593333333333333357e+01,-3.281776979565620422e-02
2.596666666666666501e+01,-3.646641969680786133e-02
2.600000000000000000e+01,-3.993612900376319885e-02
2.603333333333333144e+01,-3.411071002483367920e-02
2.606666666666666643e+01,-2.502886764705181122e-02
2.609999999999999787e+01,-2.230872213840484619e-02
2.613333333333333286e+01,-1.913151890039443970e-02
2.616666666666666785e+01,-6.395250093191862106e-03
2.619999999999999929e+01,9.861476719379425049e-03
2.623333333333333428e+01,1.941876299679279327e-02
2.626666666666666572e+01,2.580540254712104797e-02
2.630000000000000071e+01,3.693360462784767151e-02
2.633333333333333215e+01,4.682720080018043518e-02
2.636666666666666714e+01,4.593095183372497559e-02
2.639999999999999858e+01,4.095164686441421509e-02
2.643333333333333357e+01,4.078393802046775818e-02
2.646666666666666501e+01,3.951397165656089783e-02
2.650000000000000000e+01,2.770565450191497803e-02
2.653333333333333144e+01,1.168607361614704132e-02
2.656666666666666643e+01,3.851270012091845274e-04
2.659999999999999787e+01,-1.028923224657773972e-02
2.663333333333333286e+01,-2.369650639593601227e-02
2.666666666666666785e+01,-3.116647526621818542e-02
2.669999999999999929e+01,-2.418242394924163818e-02
2.673333333333333428e+01,-8.428491652011871338e-03
2.676666666666666572e+01,4.957653582096099854e-03
2.680000000000000071e+01,7.090639788657426834e-03
2.683333333333333215e+01,3.165692323818802834e-03
2.686666666666666714e+01,2.875799778848886490e-03
2.689999999999999858e+01,8.163133170455694199e-04
2.693333333333333357e+01,-1.068623457103967667e-02
2.696666666666666501e+01,-2.606891095638275146e-02
2.700000000000000000e+01,-3.488957136869430542e-02
2.703333333333333144e+01,-3.820000216364860535e-02
2.706666666666666643e+01,-4.337764903903007507e-02
2.709999999999999787e+01,-4.546336457133293152e-02
2.713333333333333286e+01,-3.465253487229347229e-02
2.716666666666666785e+01,-1.619776897132396698e-02
2.719999999999999929e+01,-1.583925681188702583e-03
2.723333333333333428e+01,-9.659827337600290775e-04
2.726666666666666572e+01,-7.900982163846492767e-03
2.730000000000000071e+01,-1.048218831419944763e-02
2.733333333333333215e+01,-8.429136942140758038e-04
2.736666666666666714e+01,1.310391817241907120e-02
2.739999999999999858e+01,2.131273597478866577e-02
2.743333333333333357e+01,1.627088524401187897e-02
2.746666666666666501e+01,3.748975228518247604e-03
2.750000000000000000e+01,-6.542639341205358505e-03
2.753333333333333144e+01,-4.446424543857574463e-03
2.756666666666666643e+01,5.457568448036909103e-03
2.759999999999999787e+01,1.188670378178358078e-02
2.763333333333333286e+01,7.117877248674631119e-03
2.766666666666666785e+01,-4.451561544556170702e-04
2.769999999999999929e+01,-7.272011134773492813e-04
2.773333333333333428e+01,-3.851016517728567123e-04
2.776666666666666572e+01,-1.071398518979549408e-02
2.780000000000000071e+01,-2.776916325092315674e-02
2.783333333333333215e+01,-3.967550024390220642e-02
2.786666666666666714e+01,-3.715519234538078308e-02
2.789999999999999858e+01,-2.449839562177658081e-02
2.793333333333333357e+01,-1.422074157744646072e-02
2.796666666666666501e+01,-1.397328451275825500e-02
2.800000000000000000e+01,-1.584348455071449280e-02
2.803333333333333144e+01,-8.847790770232677460e-03
2.806666666666666643e+01,-6.668704445473849773e-04
2.809999999999999787e+01,-1.995341852307319641e-03
2.813333333333333286e+01,-8.174496702849864960e-03
2.816666666666666785e+01,-8.604308590292930603e-03
2.819999999999999929e+01,-6.262439303100109100e-03
2.823333333333333428e+01,-9.031139314174652100e-03
2.826666666666666572e+01,-1.238195784389972687e-02
2.830000000000000071e+01,-1.000961661338806152e-02
2.833333333333333215e+01,-6.064053624868392944e-03
2.836666666666666714e+01,-6.895670201629400253e-03
2.839999999999999858e+01,-5.140832159668207169e-03
2.843333333333333357e+01,5.998116452246904373e-03
2.846666666666666501e+01,1.739006303250789642e-02
2.850000000000000000e+01,1.938126608729362488e-02
2.853333333333333144e+01,1.924841664731502533e-02
2.856666666666666643e+01,2.813765406608581543e-02
2.859999999999999787e+01,3.825953230261802673e-02
2.863333333333333286e+01,3.909845277667045593e-02
2.866666666666666785e+01,3.771860525012016296e-02
2.869999999999999929e+01,4.526221379637718201e-02
2.873333333333333428e+01,5.393274128437042236e-02
2.876666666666666572e+01,5.295673012733459473e-02
2.880000000000000071e+01,4.737798869609832764e-02
2.883333333333333215e+01,4.817399755120277405e-02
2.886666666666666714e+01,5.219209939241409302e-02
2.889999999999999858e+01,5.002589523792266846e-02
2.893333333333333357e+01,4.586258530616760254e-02
2.896666666666666501e+01,4.910214617848396301e-02
2.900000000000000000e+01,5.610123649239540100e-02
2.903333333333333144e+01,5.667775124311447144e-02
2.906666666666666643e+01,5.051900446414947510e-02
2.909999999999999787e+01,4.664753749966621399e-02
2.913333333333333286e+01,4.152175039052963257e-02
2.916666666666666785e+01,2.555150911211967468e-02
2.919999999999999929e+01,3.605709876865148544e-03
2.923333333333333428e+01,-1.144786458462476730e-02
2.926666666666666572e+01,-9.592289105057716370e-03
2.930000000000000071e+01,2.196296583861112595e-03
2.933333333333333215e+01,1.137817464768886566e-02
2.936666666666666714e+01,9.384145028889179230e-03
2.939999999999999858e+01,4.243989940732717514e-03
2.943333333333333357e+01,4.435508511960506439e-03
2.946666666666666501e+01,3.818318946287035942e-03
2.950000000000000000e+01,-4.280246794223785400e-03
2.953333333333333144e+01,-1.175545342266559601e-02
2.956666666666666643e+01,-1.065683644264936447e-02
2.959999999999999787e+01,-8.181831799447536469e-03
2.963333333333333286e+01,-1.333509851247072220e-02
2.966666666666666785e+01,-1.811816915869712830e-02
2.969999999999999929e+01,-1.270384993404150009e-02
2.973333333333333428e+01,-3.748024813830852509e-03
2.976666666666666572e+01,-1.766615896485745907e-03
2.980000000000000071e+01,-8.827057172311469913e-05
2.983333333333333215e+01,1.091988570988178253e-02
2.986666666666666714e+01,2.467417344450950623e-02
2.989999999999999858e+01,3.088125959038734436e-02
2.993333333333333357e+01,3.599110990762710571e-02
2.996666666666666501e+01,4.683697968721389771e-02
3.000000000000000000e+01,5.614273622632026672e-02
3.003333333333333144e+01,5.406888201832771301e-02
3.006666666666666643e+01,4.766381531953811646e-02
3.009999999999999787e+01,4.612885415554046631e-02
3.013333333333333286e+01,4.334766417741775513e-02
3.016666666666666785e+01,2.961460687220096588e-02
3.019999999999999929e+01,1.003423146903514862e-02
3.023333333333333428e+01,-4.467155784368515015e-03
3.026666666666666572e+01,-5.284024402499198914e-03
3.030000000000000071e+01,7.128975703381001949e-04
3.033333333333333215e+01,2.605840098112821579e-03
3.036666666666666714e+01,5.266877269605174661e-05
3.039999999999999858e+01,6.238460191525518894e-04
3.043333333333333357e+01,4.341942723840475082e-03
3.046666666666666501e+01,3.947361838072538376e-03
3.050000000000000000e+01,5.040078423917293549e-03
3.053333333333333144e+01,1.398237422108650208e-02
3.056666666666666643e+01,2.322763018310070038e-02
3.059999999999999787e+01,2.418021298944950104e-02
3.063333333333333286e+01,2.275944314897060394e-02
3.066666666666666785e+01,2.805451676249504089e-02
3.069999999999999929e+01,3.360794484615325928e-02
3.073333333333333428e+01,3.111173957586288452e-02
3.076666666666666572e+01,2.632992155849933624e-02
3.080000000000000071e+01,2.752264589071273804e-02
3.083333333333333215e+01,2.816489711403846741e-02
3.086666666666666714e+01,1.885428465902805328e-02
3.089999999999999858e+01,4.949708003550767899e-03
3.093333333333333357e+01,-4.533298313617706299e-03
3.096666666666666501e+01,-9.704100899398326874e-03
3.100000000000000000e+01,-1.757149212062358856e-02
3.103333333333333144e+01,-2.314851246774196625e-02
3.106666666666666643e+01,-1.871586032211780548e-02
3.109999999999999787e+01,-1.042802724987268448e-02
3.113333333333333286e+01,-6.965732201933860779e-03
3.116666666666666785e+01,-2.794611733406782150e-03
3.119999999999999929e+01,9.571189992129802704e-03
3.123333333333333428e+01,2.419147267937660217e-02
3.126666666666666572e+01,3.284700959920883179e-02
3.130000000000000071e+01,3.917051106691360474e-02
3.133333333333333215e+01,4.959003999829292297e-02
3.136666666666666714e+01,5.816872045397758484e-02
3.139999999999999858e+01,5.694906413555145264e-02
3.143333333333333357e+01,5.065202340483665466e-02
3.146666666666666501e+01,4.579410701990127563e-02
3.150000000000000000e+01,3.643188998103141785e-02
3.153333333333333144e+01,1.884865947067737579e-02
3.156666666666666643e+01,2.584441332146525383e-03
3.159999999999999787e+01,-5.135733168572187424e-03
3.163333333333333286e+01,-1.179244928061962128e-02
3.166666666666666785e+01,-2.538954466581344604e-02
3.169999999999999929e+01,-3.771670907735824585e-02
3.173333333333333428e+01,-4.174178466200828552e-02
3.176666666666666572e+01,-4.505699872970581055e-02
3.180000000000000071e+01,-5.511283129453659058e-02
3.183333333333333215e+01,-6.433756649494171143e-02
3.186666666666666714e+01,-6.551279872655868530e-02
3.189999999999999858e+01,-6.210461258888244629e-02
3.193333333333333357e+01,-5.981501936912536621e-02
3.196666666666666501e+01,-5.063325539231300354e-02
