0.000000000000000000e+00,1.187954012493719347e-06
3.333333333333333287e-02,6.458747520809993148e-06
6.666666666666666574e-02,2.442772029098705389e-06
1.000000000000000056e-01,2.041948755504563451e-05
1.333333333333333315e-01,2.670784397196257487e-06
1.666666666666666574e-01,2.568097988842055202e-05
2.000000000000000111e-01,4.212757630739361048e-05
2.333333333333333370e-01,-6.754013156751170754e-05
2.666666666666666630e-01,2.598895225673913956e-04
2.999999999999999889e-01,-4.075330216437578201e-04
3.333333333333333148e-01,6.810519262216985226e-04
3.666666666666666408e-01,-5.362750962376594543e-04
4.000000000000000222e-01,-3.588178369682282209e-04
4.333333333333333481e-01,9.168341755867004395e-03
4.666666666666666741e-01,2.190240100026130676e-02
5.000000000000000000e-01,2.866388857364654541e-02
5.333333333333333259e-01,3.333427757024765015e-02
5.666666666666666519e-01,4.406397789716720581e-02
5.999999999999999778e-01,5.482131242752075195e-02
6.333333333333333037e-01,5.702638626098632812e-02
6.666666666666666297e-01,5.701382458209991455e-02
6.999999999999999556e-01,6.375477463006973267e-02
7.333333333333332815e-01,7.139001786708831787e-02
7.666666666666666075e-01,7.099194079637527466e-02
8.000000000000000444e-01,6.846286356449127197e-02
8.333333333333333703e-01,7.239089161157608032e-02
8.666666666666666963e-01,7.652617245912551880e-02
9.000000000000000222e-01,7.175112515687942505e-02
9.333333333333333481e-01,6.418644636869430542e-02
9.666666666666666741e-01,6.271061301231384277e-02
1.000000000000000000e+00,6.105878949165344238e-02
1.033333333333333215e+00,4.976485297083854675e-02
1.066666666666666652e+00,3.537083417177200317e-02
1.100000000000000089e+00,2.732932008802890778e-02
1.133333333333333304e+00,1.929761469364166260e-02
1.166666666666666741e+00,1.230493071489036083e-03
1.199999999999999956e+00,-2.235046587884426117e-02
1.233333333333333393e+00,-4.062642529606819153e-02
1.266666666666666607e+00,-4.465276002883911133e-02
1.300000000000000044e+00,-4.178859293460845947e-02
1.333333333333333259e+00,-4.286222159862518311e-02
1.366666666666666696e+00,-4.232710599899291992e-02
1.399999999999999911e+00,-3.058275952935218811e-02
1.433333333333333348e+00,-1.247526705265045166e-02
1.466666666666666563e+00,9.694891050457954407e-04
1.500000000000000000e+00,6.740919314324855804e-03
1.533333333333333215e+00,1.314194407314062119e-02
1.566666666666666652e+00,2.587012201547622681e-02
1.600000000000000089e+00,3.629242628812789917e-02
1.633333333333333304e+00,3.430748730897903442e-02
1.666666666666666741e+00,2.599589526653289795e-02
1.699999999999999956e+00,2.203995548188686371e-02
1.733333333333333393e+00,1.655930839478969574e-02
1.766666666666666607e+00,-1.750529336277395487e-04
1.800000000000000044e+00,-2.115487679839134216e-02
1.833333333333333259e+00,-3.315964341163635254e-02
1.866666666666666696e+00,-2.878719940781593323e-02
1.899999999999999911e+00,-1.585625857114791870e-02
1.933333333333333348e+00,-4.011000040918588638e-03
1.966666666666666563e+00,2.172442327719181776e-04
2.000000000000000000e+00,1.300369738601148129e-03
2.033333333333333215e+00,5.526045337319374084e-03
2.066666666666666430e+00,6.990088615566492081e-03
2.100000000000000089e+00,-2.237268054159358144e-04
2.133333333333333304e+00,-7.119184359908103943e-03
2.166666666666666519e+00,-5.958700552582740784e-03
2.200000000000000178e+00,-4.118243698030710220e-03
2.233333333333333393e+00,-7.931567728519439697e-03
2.266666666666666607e+00,-8.409200236201286316e-03
2.299999999999999822e+00,2.084125531837344170e-03
2.333333333333333481e+00,1.598552614450454712e-02
2.366666666666666696e+00,2.433890104293823242e-02
2.399999999999999911e+00,2.477049827575683594e-02
2.433333333333333126e+00,2.334771864116191864e-02
2.466666666666666785e+00,2.690687775611877441e-02
2.500000000000000000e+00,3.197824954986572266e-02
2.533333333333333215e+00,3.220670670270919800e-02
2.566666666666666430e+00,2.894751541316509247e-02
2.600000000000000089e+00,2.828451618552207947e-02
2.633333333333333304e+00,3.205005824565887451e-02
2.666666666666666519e+00,3.449070081114768982e-02
2.700000000000000178e+00,2.891504764556884766e-02
2.733333333333333393e+00,1.944638229906558990e-02
2.766666666666666607e+00,1.233036909252405167e-02
2.799999999999999822e+00,4.570467863231897354e-03
2.833333333333333481e+00,-2.847849391400814056e-03
2.866666666666666696e+00,-5.188548006117343903e-03
2.899999999999999911e+00,-9.854569099843502045e-03
2.933333333333333126e+00,-1.979181729257106781e-02
2.966666666666666785e+00,-2.585954219102859497e-02
3.000000000000000000e+00,-2.065957896411418915e-02
3.033333333333333215e+00,-1.206761412322521210e-02
3.066666666666666430e+00,-7.759749423712491989e-03
3.100000000000000089e+00,-1.555346767418086529e-03
3.133333333333333304e+00,9.420593269169330597e-03
3.166666666666666519e+00,1.751736737787723541e-02
3.200000000000000178e+00,1.576773636043071747e-02
3.233333333333333393e+00,1.111419592052698135e-02
3.266666666666666607e+00,1.110659446567296982e-02
3.299999999999999822e+00,8.137688972055912018e-03
3.333333333333333481e+00,-5.642574746161699295e-03
3.366666666666666696e+00,-2.314437553286552429e-02
3.399999999999999911e+00,-3.404520079493522644e-02
3.433333333333333126e+00,-3.198361396789550781e-02
3.466666666666666785e+00,-2.264845930039882660e-02
3.500000000000000000e+00,-1.589111797511577606e-02
3.533333333333333215e+00,-1.746582239866256714e-02
3.566666666666666430e+00,-2.104184031486511230e-02
3.600000000000000089e+00,-1.701420731842517853e-02
3.633333333333333304e+00,-1.069727446883916855e-02
3.666666666666666519e+00,-1.147979497909545898e-02
3.699999999999999734e+00,-1.425002608448266983e-02
3.733333333333333393e+00,-9.455238468945026398e-03
3.766666666666666607e+00,-2.549007767811417580e-03
3.799999999999999822e+00,-2.882342319935560226e-03
3.833333333333333481e+00,-5.558196920901536942e-03
3.866666666666666696e+00,-3.023173194378614426e-03
3.899999999999999911e+00,-1.813837909139692783e-03
3.933333333333333126e+00,-1.092448923736810684e-02
3.966666666666666785e+00,-2.520928904414176941e-02
4.000000000000000000e+00,-3.444298729300498962e-02
4.033333333333333215e+00,-3.031509369611740112e-02
4.066666666666666430e+00,-1.938279718160629272e-02
4.099999999999999645e+00,-1.218512933701276779e-02
4.133333333333332860e+00,-8.029468357563018799e-03
4.166666666666666963e+00,-4.152096807956695557e-04
4.200000000000000178e+00,3.961775917559862137e-03
4.233333333333333393e+00,-4.445165395736694336e-03
4.266666666666666607e+00,-2.013631537556648254e-02
4.299999999999999822e+00,-3.260170668363571167e-02
4.333333333333333037e+00,-3.385720402002334595e-02
4.366666666666666252e+00,-3.044551983475685120e-02
4.400000000000000355e+00,-3.126604110002517700e-02
4.433333333333333570e+00,-2.981869131326675415e-02
4.466666666666666785e+00,-1.753337122499942780e-02
4.500000000000000000e+00,-5.888538435101509094e-04
4.533333333333333215e+00,1.068661641329526901e-02
4.566666666666666430e+00,1.227229461073875427e-02
4.599999999999999645e+00,1.266102585941553116e-02
4.633333333333332860e+00,2.117665670812129974e-02
4.666666666666666963e+00,3.149627521634101868e-02
4.700000000000000178e+00,3.398799523711204529e-02
4.733333333333333393e+00,3.517023473978042603e-02
4.766666666666666607e+00,4.441420361399650574e-02
4.799999999999999822e+00,5.543932318687438965e-02
4.833333333333333037e+00,5.832367017865180969e-02
4.866666666666666252e+00,5.969352647662162781e-02
4.900000000000000355e+00,6.746179610490798950e-02
4.933333333333333570e+00,7.423917204141616821e-02
4.966666666666666785e+00,6.936486810445785522e-02
5.000000000000000000e+00,5.681749805808067322e-02
5.033333333333333215e+00,4.530294612050056458e-02
5.066666666666666430e+00,3.178419172763824463e-02
5.099999999999999645e+00,1.886290311813354492e-02
5.133333333333332860e+00,1.247298158705234528e-02
5.166666666666666963e+00,6.968186702579259872e-03
5.200000000000000178e+00,-5.381424911320209503e-03
5.233333333333333393e+00,-2.036425471305847168e-02
5.266666666666666607e+00,-3.113855421543121338e-02
5.299999999999999822e+00,-4.079202190041542053e-02
5.333333333333333037e+00,-5.492422729730606079e-02
5.366666666666666252e+00,-6.899976730346679688e-02
5.400000000000000355e+00,-7.610642164945602417e-02
5.433333333333333570e+00,-7.845600694417953491e-02
5.466666666666666785e+00,-8.253247290849685669e-02
5.500000000000000000e+00,-8.437296003103256226e-02
5.533333333333333215e+00,-7.785067707300186157e-02
5.566666666666666430e+00,-6.996186822652816772e-02
5.599999999999999645e+00,-6.797798722982406616e-02
5.633333333333332860e+00,-6.393074989318847656e-02
5.666666666666666963e+00,-5.025980994105339050e-02
5.700000000000000178e+00,-3.466520458459854126e-02
5.733333333333333393e+00,-2.660409174859523773e-02
5.766666666666666607e+00,-1.804230548441410065e-02
5.799999999999999822e+00,1.074650092050433159e-03
5.833333333333333037e+00,2.594146318733692169e-02
5.866666666666666252e+00,4.423597082495689392e-02
5.900000000000000355e+00,4.518055543303489685e-02
5.933333333333333570e+00,3.609339147806167603e-02
5.966666666666666785e+00,2.893534302711486816e-02
6.000000000000000000e+00,3.098114207386970520e-02
6.033333333333333215e+00,3.444599360227584839e-02
6.066666666666666430e+00,3.096069954335689545e-02
6.099999999999999645e+00,2.386165782809257507e-02
6.133333333333332860e+00,2.120774239301681519e-02
6.166666666666666963e+00,1.616109721362590790e-02
6.200000000000000178e+00,5.535086151212453842e-03
6.233333333333333393e+00,-1.992135308682918549e-03
6.266666666666666607e+00,-6.321986438706517220e-04
6.299999999999999822e+00,9.997956112783867866e-06
6.333333333333333037e+00,-1.151487138122320175e-02
6.366666666666666252e+00,-2.871825359761714935e-02
6.400000000000000355e+00,-3.928914666175842285e-02
6.433333333333333570e+00,-3.676717728376388550e-02
6.466666666666666785e+00,-3.015159815549850464e-02
6.500000000000000000e+00,-2.725660242140293121e-02
6.533333333333333215e+00,-2.066368609666824341e-02
6.566666666666666430e+00,-4.109577741473913193e-03
6.599999999999999645e+00,1.330476440489292145e-02
6.633333333333332860e+00,2.403221093118190765e-02
6.666666666666666963e+00,3.540350496768951416e-02
6.700000000000000178e+00,5.220256373286247253e-02
6.733333333333333393e+00,6.483538448810577393e-02
6.766666666666666607e+00,6.596214324235916138e-02
6.799999999999999822e+00,6.327532976865768433e-02
6.833333333333333037e+00,6.273692846298217773e-02
6.866666666666666252e+00,5.607238411903381348e-02
6.899999999999999467e+00,4.218297824263572693e-02
6.933333333333333570e+00,3.111763112246990204e-02
6.966666666666666785e+00,2.866253256797790527e-02
7.000000000000000000e+00,2.529937401413917542e-02
7.033333333333333215e+00,1.397343538701534271e-02
7.066666666666666430e+00,2.636176999658346176e-03
7.099999999999999645e+00,-3.073571017012000084e-03
7.133333333333332860e+00,-1.154109463095664978e-02
7.166666666666666963e+00,-2.250218391418457031e-02
7.200000000000000178e+00,-2.617059648036956787e-02
7.233333333333333393e+00,-2.219644188880920410e-02
7.266666666666666607e+00,-2.221392095088958740e-02
7.299999999999999822e+00,-3.293613716959953308e-02
7.333333333333333037e+00,-4.590653255581855774e-02
7.366666666666666252e+00,-5.174570903182029724e-02
7.399999999999999467e+00,-4.630764946341514587e-02
7.433333333333333570e+00,-3.373888507485389709e-02
7.466666666666666785e+00,-2.036770991981029510e-02
7.500000000000000000e+00,-9.905970655381679535e-03
7.533333333333333215e+00,3.197697515133768320e-04
7.566666666666666430e+00,9.187861345708370209e-03
7.599999999999999645e+00,1.153391320258378983e-02
7.633333333333332860e+00,3.689822973683476448e-03
7.666666666666666963e+00,-5.815969314426183701e-03
7.700000000000000178e+00,-9.516163729131221771e-03
7.733333333333333393e+00,-6.827698089182376862e-03
7.766666666666666607e+00,-2.052774420008063316e-03
7.799999999999999822e+00,6.054575205780565739e-04
7.833333333333333037e+00,4.778739064931869507e-03
7.866666666666666252e+00,1.564329676330089569e-02
7.899999999999999467e+00,3.044715896248817444e-02
7.933333333333333570e+00,4.267191514372825623e-02
7.966666666666666785e+00,4.262836650013923645e-02
8.000000000000000000e+00,3.305830806493759155e-02
8.033333333333333215e+00,2.547467686235904694e-02
8.066666666666666430e+00,1.871616020798683167e-02
8.099999999999999645e+00,4.357111174613237381e-03
8.133333333333332860e+00,-1.428381353616714478e-02
8.166666666666666075e+00,-2.578157931566238403e-02
8.199999999999999289e+00,-3.205330669879913330e-02
8.233333333333332504e+00,-4.260395839810371399e-02
8.266666666666665719e+00,-5.309191718697547913e-02
8.300000000000000711e+00,-5.178797617554664612e-02
8.333333333333333925e+00,-4.062080755829811096e-02
8.366666666666667140e+00,-2.990416251122951508e-02
8.400000000000000355e+00,-2.067571319639682770e-02
8.433333333333333570e+00,-3.624506527557969093e-03
8.466666666666666785e+00,1.724791154265403748e-02
8.500000000000000000e+00,3.151522204279899597e-02
8.533333333333333215e+00,4.061684384942054749e-02
8.566666666666666430e+00,4.626832902431488037e-02
8.599999999999999645e+00,4.534701257944107056e-02
8.633333333333332860e+00,4.229748994112014771e-02
8.666666666666666075e+00,4.527354612946510315e-02
8.699999999999999289e+00,5.155747756361961365e-02
8.733333333333332504e+00,5.400335416197776794e-02
8.766666666666665719e+00,5.335318669676780701e-02
8.800000000000000711e+00,5.459058284759521484e-02
8.833333333333333925e+00,5.464728176593780518e-02
8.866666666666667140e+00,4.901072010397911072e-02
8.900000000000000355e+00,4.522660002112388611e-02
8.933333333333333570e+00,4.929623007774353027e-02
8.966666666666666785e+00,5.227092280983924866e-02
9.000000000000000000e+00,4.751467704772949219e-02
9.033333333333333215e+00,4.315615072846412659e-02
9.066666666666666430e+00,4.572558775544166565e-02
9.099999999999999645e+00,4.651784151792526245e-02
9.133333333333332860e+00,3.870404139161109924e-02
9.166666666666666075e+00,3.023375570774078369e-02
9.199999999999999289e+00,2.797085791826248169e-02
9.233333333333332504e+00,2.390346117317676544e-02
9.266666666666665719e+00,1.119609642773866653e-02
9.300000000000000711e+00,-1.887001330032944679e-03
9.333333333333333925e+00,-5.736477673053741455e-03
9.366666666666667140e+00,-8.985705673694610596e-03
9.400000000000000355e+00,-2.345076017081737518e-02
9.433333333333333570e+00,-4.430523887276649475e-02
9.466666666666666785e+00,-5.885581672191619873e-02
9.500000000000000000e+00,-5.614459887146949768e-02
9.533333333333333215e+00,-4.372712224721908569e-02
9.566666666666666430e+00,-3.372635692358016968e-02
9.599999999999999645e+00,-2.809149213135242462e-02
9.633333333333332860e+00,-1.805853284895420074e-02
9.666666666666666075e+00,-6.549519486725330353e-03
9.699999999999999289e+00,-6.444471364375203848e-05
9.733333333333332504e+00,5.751385819166898727e-03
9.766666666666665719e+00,1.716264523565769196e-02
9.800000000000000711e+00,2.889508381485939026e-02
9.833333333333333925e+00,3.396997228264808655e-02
9.866666666666667140e+00,3.693625330924987793e-02
9.900000000000000355e+00,4.446329921483993530e-02
9.933333333333333570e+00,5.190011858940124512e-02
9.966666666666666785e+00,5.234079807996749878e-02
1.000000000000000000e+01,5.046150460839271545e-02
1.003333333333333321e+01,5.317462235689163208e-02
1.006666666666666643e+01,5.570321157574653625e-02
1.009999999999999964e+01,5.084229633212089539e-02
1.013333333333333286e+01,4.346179217100143433e-02
1.016666666666666607e+01,4.080632328987121582e-02
1.019999999999999929e+01,3.792229667305946350e-02
1.023333333333333250e+01,2.721624635159969330e-02
1.026666666666666572e+01,1.376999914646148682e-02
1.030000000000000071e+01,5.198239348828792572e-03
1.033333333333333393e+01,-3.663532668724656105e-03
1.036666666666666714e+01,-2.066876366734504700e-02
1.040000000000000036e+01,-4.020126536488533020e-02
1.043333333333333357e+01,-5.249639227986335754e-02
1.046666666666666679e+01,-5.013072490692138672e-02
1.050000000000000000e+01,-3.937783464789390564e-02
1.053333333333333321e+01,-3.064567409455776215e-02
1.056666666666666643e+01,-2.751850709319114685e-02
1.059999999999999964e+01,-2.278744429349899292e-02
1.063333333333333286e+01,-8.076280355453491211e-03
1.066666666666666607e+01,1.092245616018772125e-02
1.069999999999999929e+01,2.396355941891670227e-02
1.073333333333333250e+01,2.353987842798233032e-02
1.076666666666666572e+01,1.625862717628479004e-02
1.080000000000000071e+01,1.199172716587781906e-02
1.083333333333333393e+01,8.369201794266700745e-03
1.086666666666666714e+01,-1.742483931593596935e-03
1.090000000000000036e+01,-1.177685242146253586e-02
1.093333333333333357e+01,-1.268230937421321869e-02
1.096666666666666679e+01,-1.032924465835094452e-02
1.100000000000000000e+01,-1.370331645011901855e-02
1.103333333333333321e+01,-1.679729297757148743e-02
1.106666666666666643e+01,-1.125700771808624268e-02
1.109999999999999964e+01,-3.547885455191135406e-03
1.113333333333333286e+01,-2.270909724757075310e-03
1.116666666666666607e+01,-5.917127127759158611e-04
1.119999999999999929e+01,9.872749447822570801e-03
1.123333333333333250e+01,2.247539535164833069e-02
1.126666666666666572e+01,2.875858359038829803e-02
1.130000000000000071e+01,3.463502973318099976e-02
1.133333333333333393e+01,4.537607729434967041e-02
1.136666666666666714e+01,5.325223878026008606e-02
1.140000000000000036e+01,5.011940747499465942e-02
1.143333333333333357e+01,4.324658587574958801e-02
1.146666666666666679e+01,4.089885205030441284e-02
1.150000000000000000e+01,3.621565178036689758e-02
1.153333333333333321e+01,2.116578631103038788e-02
1.156666666666666643e+01,3.241532016545534134e-03
1.159999999999999964e+01,-7.959423586726188660e-03
1.163333333333333286e+01,-1.081170514225959778e-02
1.166666666666666607e+01,-1.300137024372816086e-02
1.169999999999999929e+01,-2.180964872241020203e-02
1.173333333333333250e+01,-3.236049786210060120e-02
1.176666666666666572e+01,-3.753612190485000610e-02
1.180000000000000071e+01,-4.203615337610244751e-02
1.183333333333333393e+01,-5.208479240536689758e-02
1.186666666666666714e+01,-6.266532093286514282e-02
1.190000000000000036e+01,-6.676632165908813477e-02
1.193333333333333357e+01,-6.898281723260879517e-02
1.196666666666666679e+01,-7.534848898649215698e-02
1.200000000000000000e+01,-8.083439618349075317e-02
1.203333333333333321e+01,-7.839699834585189819e-02
1.206666666666666643e+01,-7.278718799352645874e-02
1.209999999999999964e+01,-7.090935856103897095e-02
1.213333333333333286e+01,-6.799868494272232056e-02
1.216666666666666607e+01,-5.690623447299003601e-02
1.219999999999999929e+01,-4.244965314865112305e-02
1.223333333333333250e+01,-3.105990588665008545e-02
1.226666666666666572e+01,-1.601073518395423889e-02
1.230000000000000071e+01,2.000396605581045151e-03
1.233333333333333393e+01,1.392231602221727371e-02
1.236666666666666714e+01,1.972930878400802612e-02
1.240000000000000036e+01,2.764751389622688293e-02
1.243333333333333357e+01,3.293537721037864685e-02
1.246666666666666679e+01,2.606997452676296234e-02
1.250000000000000000e+01,1.158694457262754440e-02
1.253333333333333321e+01,1.110429759137332439e-03
1.256666666666666643e+01,4.226896446198225021e-03
1.259999999999999964e+01,1.422785874456167221e-02
1.263333333333333286e+01,1.870620436966419220e-02
1.266666666666666607e+01,1.039408985525369644e-02
1.269999999999999929e+01,-3.455386497080326080e-03
1.273333333333333250e+01,-1.245983969420194626e-02
1.276666666666666572e+01,-1.011562161147594452e-02
1.280000000000000071e+01,-2.211446641013026237e-03
1.283333333333333393e+01,1.666876254603266716e-03
1.286666666666666714e+01,-3.112892853096127510e-03
1.290000000000000036e+01,-1.071298588067293167e-02
1.293333333333333357e+01,-1.385968085378408432e-02
1.296666666666666679e+01,-1.841482147574424744e-02
1.300000000000000000e+01,-2.841620147228240967e-02
1.303333333333333321e+01,-3.541740775108337402e-02
1.306666666666666643e+01,-3.107506968080997467e-02
1.309999999999999964e+01,-2.204306051135063171e-02
1.313333333333333286e+01,-1.691300049424171448e-02
1.316666666666666607e+01,-9.850389324128627777e-03
1.319999999999999929e+01,-9.618438198231160641e-04
1.323333333333333250e+01,2.914621261879801750e-03
1.326666666666666572e+01,7.750949822366237640e-03
1.329999999999999893e+01,2.270581386983394623e-02
1.333333333333333393e+01,4.267493262887001038e-02
1.336666666666666714e+01,5.682506412267684937e-02
1.340000000000000036e+01,5.650383606553077698e-02
1.343333333333333357e+01,4.849845916032791138e-02
1.346666666666666679e+01,4.291829839348793030e-02
1.350000000000000000e+01,3.529496863484382629e-02
1.353333333333333321e+01,2.004595100879669189e-02
1.356666666666666643e+01,4.505079705268144608e-03
1.359999999999999964e+01,-1.798783545382320881e-03
1.363333333333333286e+01,-4.694439936429262161e-03
1.366666666666666607e+01,-1.325715705752372742e-02
1.369999999999999929e+01,-2.225830964744091034e-02
1.373333333333333250e+01,-2.407018840312957764e-02
1.376666666666666572e+01,-2.548556961119174957e-02
1.379999999999999893e+01,-3.536969423294067383e-02
1.383333333333333393e+01,-4.732711613178253174e-02
1.386666666666666714e+01,-5.204538628458976746e-02
1.390000000000000036e+01,-5.225275456905364990e-02
1.393333333333333357e+01,-5.522973835468292236e-02
1.396666666666666679e+01,-5.401261895895004272e-02
1.400000000000000000e+01,-3.867195919156074524e-02
1.403333333333333321e+01,-1.475896779447793961e-02
1.406666666666666643e+01,6.819270551204681396e-03
1.409999999999999964e+01,1.801192946732044220e-02
1.413333333333333286e+01,2.573231607675552368e-02
1.416666666666666607e+01,3.949080035090446472e-02
1.419999999999999929e+01,5.374655127525329590e-02
1.423333333333333250e+01,6.021805480122566223e-02
1.426666666666666572e+01,6.411465257406234741e-02
1.429999999999999893e+01,7.428342103958129883e-02
1.433333333333333393e+01,8.525039255619049072e-02
1.436666666666666714e+01,8.780269324779510498e-02
1.440000000000000036e+01,8.101886510848999023e-02
1.443333333333333357e+01,7.399078458547592163e-02
1.446666666666666679e+01,7.527527213096618652e-02
1.450000000000000000e+01,7.945413142442703247e-02
1.453333333333333321e+01,7.689352333545684814e-02
1.456666666666666643e+01,6.505114585161209106e-02
1.459999999999999964e+01,5.281597748398780823e-02
1.463333333333333286e+01,5.003604665398597717e-02
1.466666666666666607e+01,5.117521807551383972e-02
1.469999999999999929e+01,4.704390093684196472e-02
1.473333333333333250e+01,4.146267101168632507e-02
1.476666666666666572e+01,4.232143610715866089e-02
1.479999999999999893e+01,4.365181550383567810e-02
1.483333333333333393e+01,3.636430576443672180e-02
1.486666666666666714e+01,2.667431160807609558e-02
1.490000000000000036e+01,2.345194853842258453e-02
1.493333333333333357e+01,2.027599699795246124e-02
1.496666666666666679e+01,7.228419184684753418e-03
1.500000000000000000e+01,-1.072912570089101791e-02
1.503333333333333321e+01,-2.288026735186576843e-02
1.506666666666666643e+01,-2.190160751342773438e-02
1.509999999999999964e+01,-1.560769323259592056e-02
1.513333333333333286e+01,-1.441136002540588379e-02
1.516666666666666607e+01,-1.259570941329002380e-02
1.519999999999999929e+01,-1.173453638330101967e-03
1.523333333333333250e+01,1.234735827893018723e-02
1.526666666666666572e+01,1.737596094608306885e-02
1.529999999999999893e+01,1.977076567709445953e-02
1.533333333333333393e+01,2.878437563776969910e-02
1.536666666666666714e+01,3.684740886092185974e-02
1.540000000000000036e+01,3.324891254305839539e-02
1.543333333333333357e+01,2.401240542531013489e-02
1.546666666666666679e+01,1.902099139988422394e-02
1.550000000000000000e+01,1.384266838431358337e-02
1.553333333333333321e+01,9.324996790383011103e-05
1.556666666666666643e+01,-1.719486154615879059e-02
1.559999999999999964e+01,-2.859461493790149689e-02
1.563333333333333286e+01,-3.419053182005882263e-02
1.566666666666666607e+01,-4.217570275068283081e-02
1.569999999999999929e+01,-4.777606576681137085e-02
1.573333333333333250e+01,-4.109403863549232483e-02
1.576666666666666572e+01,-2.627444267272949219e-02
1.579999999999999893e+01,-1.492276228964328766e-02
1.583333333333333393e+01,-1.178917475044727325e-02
1.586666666666666714e+01,-7.778597064316272736e-03
1.590000000000000036e+01,8.020623587071895599e-03
1.593333333333333357e+01,2.810773625969886780e-02
1.596666666666666679e+01,3.951511159539222717e-02
1.600000000000000000e+01,3.525018692016601562e-02
1.603333333333333144e+01,2.391295880079269409e-02
1.606666666666666643e+01,1.502834167331457138e-02
1.610000000000000142e+01,1.466587465256452560e-02
1.613333333333333286e+01,1.872385479509830475e-02
1.616666666666666785e+01,2.084895223379135132e-02
1.619999999999999929e+01,2.203023433685302734e-02
1.623333333333333428e+01,2.709394693374633789e-02
1.626666666666666572e+01,3.205027431249618530e-02
1.630000000000000071e+01,3.119208104908466339e-02
1.633333333333333215e+01,2.853805385529994965e-02
1.636666666666666714e+01,2.995014563202857971e-02
1.639999999999999858e+01,3.137801215052604675e-02
1.643333333333333357e+01,2.641199342906475067e-02
1.646666666666666501e+01,1.872165128588676453e-02
1.650000000000000000e+01,1.411042176187038422e-02
1.653333333333333144e+01,8.740613237023353577e-03
1.656666666666666643e+01,-3.091300139203667641e-03
1.660000000000000142e+01,-1.742819510400295258e-02
1.663333333333333286e+01,-2.743992954492568970e-02
1.666666666666666785e+01,-3.148818016052246094e-02
1.669999999999999929e+01,-3.352988138794898987e-02
1.673333333333333428e+01,-3.109832666814327240e-02
1.676666666666666572e+01,-2.572178654372692108e-02
1.680000000000000071e+01,-2.281330712139606476e-02
1.683333333333333215e+01,-1.949917338788509369e-02
1.686666666666666714e+01,-1.069519575685262680e-02
1.689999999999999858e+01,-4.125942476093769073e-03
1.693333333333333357e+01,-6.867537740617990494e-03
1.696666666666666501e+01,-1.072585303336381912e-02
1.700000000000000000e+01,-8.358566090464591980e-03
1.703333333333333144e+01,-7.303817663341760635e-03
1.706666666666666643e+01,-1.493205968290567398e-02
1.710000000000000142e+01,-2.334508486092090607e-02
1.713333333333333286e+01,-2.498075179755687714e-02
1.716666666666666785e+01,-2.696509845554828644e-02
1.719999999999999929e+01,-3.575823083519935608e-02
1.723333333333333428e+01,-4.211927950382232666e-02
1.726666666666666572e+01,-3.488561883568763733e-02
1.730000000000000071e+01,-1.947810128331184387e-02
1.733333333333333215e+01,-8.000129833817481995e-03
1.736666666666666714e+01,-9.312219917774200439e-03
1.739999999999999858e+01,-1.575296185910701752e-02
1.743333333333333357e+01,-1.697863452136516571e-02
1.746666666666666501e+01,-1.431139744818210602e-02
1.750000000000000000e+01,-1.593423075973987579e-02
1.753333333333333144e+01,-1.559824217110872269e-02
1.756666666666666643e+01,-7.348720449954271317e-03
1.760000000000000142e+01,1.515409210696816444e-03
1.763333333333333286e+01,2.756864414550364017e-04
1.766666666666666785e+01,-6.813994608819484711e-03
1.769999999999999929e+01,-9.836023673415184021e-03
1.773333333333333428e+01,-8.456093259155750275e-03
1.776666666666666572e+01,-1.104612462222576141e-02
1.780000000000000071e+01,-1.358984969556331635e-02
1.783333333333333215e+01,-8.489425294101238251e-03
1.786666666666666714e+01,-8.422854589298367500e-04
1.789999999999999858e+01,2.438341500237584114e-03
1.793333333333333357e+01,8.231174200773239136e-03
1.796666666666666501e+01,1.921660080552101135e-02
1.800000000000000000e+01,2.679643221199512482e-02
1.803333333333333144e+01,2.336115576326847076e-02
1.806666666666666643e+01,1.597886905074119568e-02
1.810000000000000142e+01,1.327140629291534424e-02
1.813333333333333286e+01,9.127398952841758728e-03
1.816666666666666785e+01,-3.777526784688234329e-03
1.819999999999999929e+01,-1.784263551235198975e-02
1.823333333333333428e+01,-2.416954934597015381e-02
1.826666666666666572e+01,-2.871578745543956757e-02
1.830000000000000071e+01,-3.894548863172531128e-02
1.833333333333333215e+01,-4.738350212574005127e-02
1.836666666666666714e+01,-4.491800069808959961e-02
1.839999999999999858e+01,-3.754600882530212402e-02
1.843333333333333357e+01,-3.304684534668922424e-02
1.846666666666666501e+01,-2.492494508624076843e-02
1.850000000000000000e+01,-9.974998421967029572e-03
1.853333333333333144e+01,3.516041673719882965e-03
1.856666666666666643e+01,7.294540759176015854e-03
1.860000000000000142e+01,8.493952453136444092e-03
1.863333333333333286e+01,1.644447632133960724e-02
1.866666666666666785e+01,2.543219923973083496e-02
1.869999999999999929e+01,2.760747820138931274e-02
1.873333333333333428e+01,3.006527945399284363e-02
1.876666666666666572e+01,4.217613488435745239e-02
1.880000000000000071e+01,5.830384790897369385e-02
1.883333333333333215e+01,6.764056533575057983e-02
1.886666666666666714e+01,6.176508963108062744e-02
1.889999999999999858e+01,4.696936160326004028e-02
1.893333333333333357e+01,3.500698506832122803e-02
1.896666666666666501e+01,3.471523523330688477e-02
1.900000000000000000e+01,4.036497697234153748e-02
1.903333333333333144e+01,4.131047427654266357e-02
1.906666666666666643e+01,2.952878922224044800e-02
1.910000000000000142e+01,1.194355078041553497e-02
1.913333333333333286e+01,-6.368082831613719463e-04
1.916666666666666785e+01,-5.231697577983140945e-03
1.919999999999999929e+01,-9.404665790498256683e-03
1.923333333333333428e+01,-2.134324051439762115e-02
1.926666666666666572e+01,-3.451433405280113220e-02
1.930000000000000071e+01,-3.912675008177757263e-02
1.933333333333333215e+01,-4.026507958769798279e-02
1.936666666666666714e+01,-4.621641337871551514e-02
1.939999999999999858e+01,-5.059849098324775696e-02
1.943333333333333357e+01,-4.379560798406600952e-02
1.946666666666666501e+01,-3.112795017659664154e-02
1.950000000000000000e+01,-2.159539796411991119e-02
1.953333333333333144e+01,-1.172276958823204041e-02
1.956666666666666643e+01,4.075672011822462082e-03
1.960000000000000142e+01,1.951138488948345184e-02
1.963333333333333286e+01,2.629521489143371582e-02
1.966666666666666785e+01,3.004922531545162201e-02
1.969999999999999929e+01,3.881605714559555054e-02
1.973333333333333428e+01,4.695529118180274963e-02
1.976666666666666572e+01,4.604772478342056274e-02
1.980000000000000071e+01,4.182399436831474304e-02
1.983333333333333215e+01,4.247147217392921448e-02
1.986666666666666714e+01,4.235683381557464600e-02
1.989999999999999858e+01,3.300116211175918579e-02
1.993333333333333357e+01,2.019846625626087189e-02
1.996666666666666501e+01,1.217003166675567627e-02
2.000000000000000000e+01,3.256970783695578575e-03
2.003333333333333144e+01,-1.511966343969106674e-02
2.006666666666666643e+01,-3.707238286733627319e-02
2.010000000000000142e+01,-5.181586369872093201e-02
2.013333333333333286e+01,-5.012319236993789673e-02
2.016666666666666785e+01,-3.803683072328567505e-02
2.019999999999999929e+01,-2.715281397104263306e-02
2.023333333333333428e+01,-2.660217322409152985e-02
2.026666666666666572e+01,-3.012995421886444092e-02
2.030000000000000071e+01,-2.890889532864093781e-02
2.033333333333333215e+01,-2.851783670485019684e-02
2.036666666666666714e+01,-3.501256182789802551e-02
2.039999999999999858e+01,-4.116795957088470459e-02
2.043333333333333357e+01,-3.821579366922378540e-02
2.046666666666666501e+01,-3.223387151956558228e-02
2.050000000000000000e+01,-3.225615993142127991e-02
2.053333333333333144e+01,-3.211581334471702576e-02
2.056666666666666643e+01,-2.292144112288951874e-02
2.060000000000000142e+01,-1.061049103736877441e-02
2.063333333333333286e+01,-4.118802491575479507e-03
2.066666666666666785e+01,2.615183591842651367e-03
2.069999999999999929e+01,1.827988214790821075e-02
2.073333333333333428e+01,3.680806979537010193e-02
2.076666666666666572e+01,4.766297340393066406e-02
2.080000000000000071e+01,4.792612791061401367e-02
2.083333333333333215e+01,4.568987339735031128e-02
2.086666666666666714e+01,4.940604418516159058e-02
2.089999999999999858e+01,5.198081582784652710e-02
2.093333333333333357e+01,4.345339536666870117e-02
2.096666666666666501e+01,2.936252020299434662e-02
2.100000000000000000e+01,1.892692968249320984e-02
2.103333333333333144e+01,8.816344663500785828e-03
2.106666666666666643e+01,-9.278343059122562408e-03
2.110000000000000142e+01,-2.935341745615005493e-02
2.113333333333333286e+01,-4.144456982612609863e-02
2.116666666666666785e+01,-4.531155899167060852e-02
2.119999999999999929e+01,-4.891525208950042725e-02
2.123333333333333428e+01,-4.794133827090263367e-02
2.126666666666666572e+01,-3.415347263216972351e-02
2.130000000000000071e+01,-1.529023796319961548e-02
2.133333333333333215e+01,-1.958198612555861473e-03
2.136666666666666714e+01,1.099803112447261810e-02
2.139999999999999858e+01,2.918721921741962433e-02
2.143333333333333357e+01,4.371389374136924744e-02
2.146666666666666501e+01,4.368808865547180176e-02
2.150000000000000000e+01,3.507122024893760681e-02
2.153333333333333144e+01,2.938392758369445801e-02
2.156666666666666643e+01,3.076034039258956909e-02
2.160000000000000142e+01,2.966451644897460938e-02
2.163333333333333286e+01,1.760802604258060455e-02
2.166666666666666785e+01,1.618354348465800285e-03
2.169999999999999929e+01,-9.682262316346168518e-03
2.173333333333333428e+01,-1.429752539843320847e-02
2.176666666666666572e+01,-1.902169175446033478e-02
2.180000000000000071e+01,-3.089138120412826538e-02
2.183333333333333215e+01,-4.482674226164817810e-02
2.186666666666666714e+01,-5.299053341150283813e-02
2.189999999999999858e+01,-5.310131609439849854e-02
2.193333333333333357e+01,-5.010486394166946411e-02
2.196666666666666501e+01,-4.273782297968864441e-02
2.200000000000000000e+01,-2.637678384780883789e-02
2.203333333333333144e+01,-9.013133123517036438e-03
2.206666666666666643e+01,2.518563298508524895e-03
2.210000000000000142e+01,1.591011695563793182e-02
2.213333333333333286e+01,3.305812180042266846e-02
2.216666666666666785e+01,4.409221187233924866e-02
2.219999999999999929e+01,4.129839316010475159e-02
2.223333333333333428e+01,3.308299183845520020e-02
2.226666666666666572e+01,2.720495499670505524e-02
2.230000000000000071e+01,2.088472805917263031e-02
2.233333333333333215e+01,9.561438113451004028e-03
2.236666666666666714e+01,2.069037873297929764e-03
2.239999999999999858e+01,5.297226365655660629e-03
2.243333333333333357e+01,1.216819323599338531e-02
2.246666666666666501e+01,1.524802949279546738e-02
2.250000000000000000e+01,1.557779870927333832e-02
2.253333333333333144e+01,1.895442977547645569e-02
2.256666666666666643e+01,2.648038975894451141e-02
2.260000000000000142e+01,3.058449365198612213e-02
2.263333333333333286e+01,2.569263800978660583e-02
2.266666666666666785e+01,1.991595886647701263e-02
2.269999999999999929e+01,1.998610608279705048e-02
2.273333333333333428e+01,1.814679056406021118e-02
2.276666666666666572e+01,8.555934764444828033e-03
2.280000000000000071e+01,6.159421172924339771e-04
2.283333333333333215e+01,1.439980580471456051e-03
2.286666666666666714e+01,3.270209999755024910e-03
2.289999999999999858e+01,3.030401130672544241e-04
2.293333333333333357e+01,1.892376109026372433e-03
2.296666666666666501e+01,1.509517896920442581e-02
2.300000000000000000e+01,3.216410800814628601e-02
2.303333333333333144e+01,4.497371613979339600e-02
2.306666666666666643e+01,4.840990528464317322e-02
2.310000000000000142e+01,4.689018055796623230e-02
2.313333333333333286e+01,4.658434167504310608e-02
2.316666666666666785e+01,4.426569119095802307e-02
2.319999999999999929e+01,3.469331935048103333e-02
2.323333333333333428e+01,2.229335904121398926e-02
2.326666666666666572e+01,1.349827740341424942e-02
2.330000000000000071e+01,5.097720306366682053e-03
2.333333333333333215e+01,-7.820292375981807709e-03
2.336666666666666714e+01,-1.716252602636814117e-02
2.339999999999999858e+01,-1.634117588400840759e-02
2.343333333333333357e+01,-1.412380114197731018e-02
2.346666666666666501e+01,-1.745124347507953644e-02
2.350000000000000000e+01,-1.840078085660934448e-02
2.353333333333333144e+01,-1.017041783779859543e-02
2.356666666666666643e+01,-1.223382889293134212e-03
2.360000000000000142e+01,1.311747473664581776e-03
2.363333333333333286e+01,5.145591683685779572e-03
2.366666666666666785e+01,1.735527254641056061e-02
2.369999999999999929e+01,2.979722060263156891e-02
2.373333333333333428e+01,3.513993322849273682e-02
2.376666666666666572e+01,4.061944782733917236e-02
2.380000000000000071e+01,5.215673148632049561e-02
2.383333333333333215e+01,6.136399507522583008e-02
2.386666666666666714e+01,6.070407852530479431e-02
2.389999999999999858e+01,5.771687626838684082e-02
2.393333333333333357e+01,6.121743842959403992e-02
2.396666666666666501e+01,6.301786005496978760e-02
2.400000000000000000e+01,5.206215381622314453e-02
2.403333333333333144e+01,3.452160954475402832e-02
2.406666666666666643e+01,2.116132341325283051e-02
2.410000000000000142e+01,1.234403066337108612e-02
2.413333333333333286e+01,7.561303209513425827e-05
2.416666666666666785e+01,-9.663119912147521973e-03
2.419999999999999929e+01,-7.391868624836206436e-03
2.423333333333333428e+01,5.870041786693036556e-04
2.426666666666666572e+01,3.951744176447391510e-03
2.430000000000000071e+01,7.583650760352611542e-03
2.433333333333333215e+01,1.792213506996631622e-02
2.436666666666666714e+01,2.894785255193710327e-02
2.439999999999999858e+01,3.101414255797863007e-02
2.443333333333333357e+01,2.903427369892597198e-02
2.446666666666666501e+01,3.157486766576766968e-02
2.450000000000000000e+01,3.431514278054237366e-02
2.453333333333333144e+01,3.015197440981864929e-02
2.456666666666666643e+01,2.599104493856430054e-02
2.460000000000000142e+01,2.988815121352672577e-02
2.463333333333333286e+01,3.457462787628173828e-02
2.466666666666666785e+01,3.192257881164550781e-02
2.469999999999999929e+01,2.868376858532428741e-02
2.473333333333333428e+01,3.307497501373291016e-02
2.476666666666666572e+01,3.802612051367759705e-02
2.480000000000000071e+01,3.528386726975440979e-02
2.483333333333333215e+01,3.144603967666625977e-02
2.486666666666666714e+01,3.504223003983497620e-02
2.489999999999999858e+01,3.988104686141014099e-02
2.493333333333333357e+01,3.801142051815986633e-02
2.496666666666666501e+01,3.604199364781379700e-02
2.500000000000000000e+01,4.226579517126083374e-02
2.503333333333333144e+01,4.973761364817619324e-02
2.506666666666666643e+01,5.009391531348228455e-02
2.510000000000000142e+01,4.973065853118896484e-02
2.513333333333333286e+01,5.717330053448677063e-02
2.516666666666666785e+01,6.582364439964294434e-02
2.519999999999999929e+01,6.712486594915390015e-02
2.523333333333333428e+01,6.720278412103652954e-02
2.526666666666666572e+01,7.453378289937973022e-02
2.530000000000000071e+01,8.269905298948287964e-02
2.533333333333333215e+01,8.276215940713882446e-02
2.536666666666666714e+01,7.942114770412445068e-02
2.539999999999999858e+01,8.125533908605575562e-02
2.543333333333333357e+01,8.221352845430374146e-02
2.546666666666666501e+01,7.342293858528137207e-02
2.550000000000000000e+01,6.047265604138374329e-02
2.553333333333333144e+01,5.121946707367897034e-02
2.556666666666666643e+01,3.914138674736022949e-02
2.560000000000000142e+01,1.699550077319145203e-02
2.563333333333333286e+01,-9.273187257349491119e-03
2.566666666666666785e+01,-2.950399182736873627e-02
2.569999999999999929e+01,-3.544384613633155823e-02
2.573333333333333428e+01,-3.349483013153076172e-02
2.576666666666666572e+01,-3.357297927141189575e-02
2.580000000000000071e+01,-3.094416670501232147e-02
2.583333333333333215e+01,-1.800938136875629425e-02
2.586666666666666714e+01,-1.098208245821297169e-03
2.589999999999999858e+01,1.057452708482742310e-02
2.593333333333333357e+01,2.053655870258808136e-02
2.596666666666666501e+01,3.656212612986564636e-02
2.600000000000000000e+01,5.283318459987640381e-02
2.603333333333333144e+01,6.126436218619346619e-02
2.606666666666666643e+01,6.710474938154220581e-02
2.609999999999999787e+01,7.771428674459457397e-02
2.613333333333333286e+01,8.696170896291732788e-02
2.616666666666666785e+01,8.673930913209915161e-02
2.619999999999999929e+01,8.268333226442337036e-02
2.623333333333333428e+01,8.329734951257705688e-02
2.626666666666666572e+01,8.284370601177215576e-02
2.630000000000000071e+01,7.319996505975723267e-02
2.633333333333333215e+01,5.993772670626640320e-02
2.636666666666666714e+01,5.157296732068061829e-02
2.639999999999999858e+01,4.244679585099220276e-02
2.643333333333333357e+01,2.429060451686382294e-02
2.646666666666666501e+01,2.762900199741125107e-03
2.650000000000000000e+01,-1.265148166567087173e-02
2.653333333333333144e+01,-2.311795577406883240e-02
2.656666666666666643e+01,-3.552497550845146179e-02
2.659999999999999787e+01,-4.403211176395416260e-02
2.663333333333333286e+01,-3.985962644219398499e-02
2.666666666666666785e+01,-2.960611321032047272e-02
2.669999999999999929e+01,-2.259434014558792114e-02
2.673333333333333428e+01,-1.410830765962600708e-02
2.676666666666666572e+01,-1.047948258928954601e-03
2.680000000000000071e+01,9.460945613682270050e-03
2.683333333333333215e+01,9.158967994153499603e-03
2.686666666666666714e+01,4.222780466079711914e-03
2.689999999999999858e+01,4.590964876115322113e-03
2.693333333333333357e+01,5.511837545782327652e-03
2.696666666666666501e+01,-1.468865084461867809e-03
2.700000000000000000e+01,-1.050189509987831116e-02
2.703333333333333144e+01,-1.210331358015537262e-02
2.706666666666666643e+01,-1.115031074732542038e-02
2.709999999999999787e+01,-1.645354554057121277e-02
2.713333333333333286e+01,-2.216853387653827667e-02
2.716666666666666785e+01,-1.792572066187858582e-02
2.719999999999999929e+01,-8.033333346247673035e-03
2.723333333333333428e+01,-7.676505483686923981e-04
2.726666666666666572e+01,5.460999440401792526e-03
2.730000000000000071e+01,1.628374122083187103e-02
2.733333333333333215e+01,2.359783463180065155e-02
2.736666666666666714e+01,1.859496720135211945e-02
2.739999999999999858e+01,8.423494175076484680e-03
2.743333333333333357e+01,3.854419570416212082e-03
2.746666666666666501e+01,1.412070589140057564e-03
2.750000000000000000e+01,-7.833401672542095184e-03
2.753333333333333144e+01,-1.866880618035793304e-02
2.756666666666666643e+01,-2.044421434402465820e-02
2.759999999999999787e+01,-1.677823066711425781e-02
2.763333333333333286e+01,-1.509352028369903564e-02
2.766666666666666785e+01,-1.072146743535995483e-02
2.769999999999999929e+01,3.158115083351731300e-03
2.773333333333333428e+01,2.179205231368541718e-02
2.776666666666666572e+01,3.599373251199722290e-02
2.780000000000000071e+01,3.703433647751808167e-02
2.783333333333333215e+01,2.867213450372219086e-02
2.786666666666666714e+01,1.965573802590370178e-02
2.789999999999999858e+01,1.901775225996971130e-02
2.793333333333333357e+01,2.273452654480934143e-02
2.796666666666666501e+01,2.332157082855701447e-02
2.800000000000000000e+01,2.513945661485195160e-02
2.803333333333333144e+01,3.496856242418289185e-02
2.806666666666666643e+01,4.822092130780220032e-02
2.809999999999999787e+01,5.620685964822769165e-02
2.813333333333333286e+01,5.073853954672813416e-02
2.816666666666666785e+01,3.660674020648002625e-02
2.819999999999999929e+01,2.514154464006423950e-02
2.823333333333333428e+01,2.168941870331764221e-02
2.826666666666666572e+01,1.686763018369674683e-02
2.830000000000000071e+01,2.506269665900617838e-04
2.833333333333333215e+01,-2.102400176227092743e-02
2.836666666666666714e+01,-3.389904275536537170e-02
2.839999999999999858e+01,-3.245186805725097656e-02
2.843333333333333357e+01,-2.505743131041526794e-02
2.846666666666666501e+01,-2.061870135366916656e-02
2.850000000000000000e+01,-2.162738703191280365e-02
2.853333333333333144e+01,-2.227176167070865631e-02
2.856666666666666643e+01,-1.606258563697338104e-02
2.859999999999999787e+01,-7.374163717031478882e-03
2.863333333333333286e+01,-2.490185433998703957e-03
2.866666666666666785e+01,2.962834434583783150e-03
2.869999999999999929e+01,1.545772422105073929e-02
2.873333333333333428e+01,3.062685765326023102e-02
2.876666666666666572e+01,4.050396382808685303e-02
2.880000000000000071e+01,3.946127369999885559e-02
2.883333333333333215e+01,3.302254527807235718e-02
2.886666666666666714e+01,3.105648234486579895e-02
2.889999999999999858e+01,2.977930940687656403e-02
2.893333333333333357e+01,1.893705315887928009e-02
2.896666666666666501e+01,2.681341487914323807e-03
2.900000000000000000e+01,-9.142384864389896393e-03
2.903333333333333144e+01,-1.945397630333900452e-02
2.906666666666666643e+01,-3.291968256235122681e-02
2.909999999999999787e+01,-4.346306622028350830e-02
2.913333333333333286e+01,-4.144680500030517578e-02
2.916666666666666785e+01,-3.098215162754058838e-02
2.919999999999999929e+01,-2.229461073875427246e-02
2.923333333333333428e+01,-1.221857685595750809e-02
2.926666666666666572e+01,3.393602557480335236e-03
2.930000000000000071e+01,1.948073320090770721e-02
2.933333333333333215e+01,2.906198240816593170e-02
2.936666666666666714e+01,3.376580774784088135e-02
2.939999999999999858e+01,3.886258974671363831e-02
2.943333333333333357e+01,3.799650818109512329e-02
2.946666666666666501e+01,3.069304302334785461e-02
2.950000000000000000e+01,2.677626349031925201e-02
2.953333333333333144e+01,3.341948613524436951e-02
2.956666666666666643e+01,4.268128424882888794e-02
2.959999999999999787e+01,4.563267901539802551e-02
2.963333333333333286e+01,4.197373241186141968e-02
2.966666666666666785e+01,3.909709304571151733e-02
2.969999999999999929e+01,4.381922259926795959e-02
2.973333333333333428e+01,5.101118609309196472e-02
2.976666666666666572e+01,5.264526605606079102e-02
2.980000000000000071e+01,5.079523846507072449e-02
2.983333333333333215e+01,5.185020342469215393e-02
2.986666666666666714e+01,5.069735273718833923e-02
2.989999999999999858e+01,3.951636701822280884e-02
2.993333333333333357e+01,2.377746067941188812e-02
2.996666666666666501e+01,1.181682478636503220e-02
3.000000000000000000e+01,-2.758641785476356745e-04
3.003333333333333144e+01,-1.981300301849842072e-02
3.006666666666666643e+01,-4.117855057120323181e-02
3.009999999999999787e+01,-5.459351092576980591e-02
3.013333333333333286e+01,-5.460730940103530884e-02
3.016666666666666785e+01,-4.844590649008750916e-02
3.019999999999999929e+01,-4.549682140350341797e-02
3.023333333333333428e+01,-4.054655879735946655e-02
3.026666666666666572e+01,-2.592252939939498901e-02
3.030000000000000071e+01,-8.432525210082530975e-03
3.033333333333333215e+01,2.885077148675918579e-03
3.036666666666666714e+01,1.370591856539249420e-02
3.039999999999999858e+01,3.200225532054901123e-02
3.043333333333333357e+01,5.137766152620315552e-02
3.046666666666666501e+01,6.194610521197319031e-02
3.050000000000000000e+01,6.438939273357391357e-02
3.053333333333333144e+01,6.520842760801315308e-02
3.056666666666666643e+01,5.985091626644134521e-02
3.059999999999999787e+01,5.119708925485610962e-02
3.063333333333333286e+01,4.635113105177879333e-02
3.066666666666666785e+01,3.848828375339508057e-02
3.069999999999999929e+01,1.804624311625957489e-02
3.073333333333333428e+01,-9.642832912504673004e-03
3.076666666666666572e+01,-3.406550735235214233e-02
3.080000000000000071e+01,-4.698347300291061401e-02
3.083333333333333215e+01,-5.526886507868766785e-02
3.086666666666666714e+01,-6.880791485309600830e-02
3.089999999999999858e+01,-8.234117180109024048e-02
3.093333333333333357e+01,-8.666205406188964844e-02
3.096666666666666501e+01,-8.422363549470901489e-02
3.100000000000000000e+01,-8.334699273109436035e-02
3.103333333333333144e+01,-7.834605127573013306e-02
3.106666666666666643e+01,-6.057055294513702393e-02
3.109999999999999787e+01,-3.741781786084175110e-02
3.113333333333333286e+01,-1.969460584223270416e-02
3.116666666666666785e+01,-4.906046669930219650e-03
3.119999999999999929e+01,1.465205941349267960e-02
3.123333333333333428e+01,3.151769936084747314e-02
3.126666666666666572e+01,3.514004126191139221e-02
3.130000000000000071e+01,3.130897507071495056e-02
3.133333333333333215e+01,2.978652529418468475e-02
3.136666666666666714e+01,2.601609937846660614e-02
3.139999999999999858e+01,1.127474103122949600e-02
3.143333333333333357e+01,-7.953499443829059601e-03
3.146666666666666501e+01,-2.042341232299804688e-02
3.150000000000000000e+01,-2.337418496608734131e-02
3.153333333333333144e+01,-2.594420686364173889e-02
3.156666666666666643e+01,-3.605988994240760803e-02
3.159999999999999787e+01,-4.678469896316528320e-02
3.163333333333333286e+01,-5.092387273907661438e-02
3.166666666666666785e+01,-5.434188991785049438e-02
3.169999999999999929e+01,-6.403755396604537964e-02
3.173333333333333428e+01,-7.286937534809112549e-02
3.176666666666666572e+01,-7.433412969112396240e-02
3.180000000000000071e+01,-7.677587866783142090e-02
3.183333333333333215e+01,-8.485659211874008179e-02
3.186666666666666714e+01,-8.987932652235031128e-02
3.189999999999999858e+01,-8.413061499595642090e-02
3.193333333333333357e+01,-7.602680474519729614e-02
3.196666666666666501e+01,-7.305411249399185181e-02
