0.000000000000000000e+00,1.113799719121288945e-08
3.333333333333333287e-02,1.595242054008849664e-07
6.666666666666666574e-02,2.869610682409984292e-07
1.000000000000000056e-01,6.981907176850654650e-07
1.333333333333333315e-01,1.108104356717376504e-06
1.666666666666666574e-01,1.447529939468950033e-06
2.000000000000000111e-01,2.990090024468372576e-06
2.333333333333333370e-01,1.742646645652712323e-06
2.666666666666666630e-01,6.263595878408523276e-06
2.999999999999999889e-01,2.398417336735292338e-06
3.333333333333333148e-01,7.032048870314611122e-06
3.666666666666666408e-01,1.429459462087834254e-05
4.000000000000000222e-01,-1.706381590338423848e-05
4.333333333333333481e-01,1.250697096111252904e-04
4.666666666666666741e-01,6.760967080481350422e-04
5.000000000000000000e-01,1.550724497064948082e-03
5.333333333333333259e-01,2.586036920547485352e-03
5.666666666666666519e-01,3.882697783410549164e-03
5.999999999999999778e-01,5.568376742303371429e-03
6.333333333333333037e-01,7.459032814949750900e-03
6.666666666666666297e-01,9.350043721497058868e-03
6.999999999999999556e-01,1.135917846113443375e-02
7.333333333333332815e-01,1.364034973084926605e-02
7.666666666666666075e-01,1.603379473090171814e-02
8.000000000000000444e-01,1.834322698414325714e-02
8.333333333333333703e-01,2.068278566002845764e-02
8.666666666666666963e-01,2.318859845399856567e-02
9.000000000000000222e-01,2.567342109978199005e-02
9.333333333333333481e-01,2.791521139442920685e-02
9.666666666666666741e-01,3.001148998737335205e-02
1.000000000000000000e+00,3.208782151341438293e-02
1.033333333333333215e+00,3.393667563796043396e-02
1.066666666666666652e+00,3.531729429960250854e-02
1.100000000000000089e+00,3.632909804582595825e-02
1.133333333333333304e+00,3.710643947124481201e-02
1.166666666666666741e+00,3.743921965360641479e-02
1.199999999999999956e+00,3.703913465142250061e-02
1.233333333333333393e+00,3.592092543840408325e-02
1.266666666666666607e+00,3.445436060428619385e-02
1.300000000000000044e+00,3.301891684532165527e-02
1.333333333333333259e+00,3.161748498678207397e-02
1.366666666666666696e+00,3.017808124423027039e-02
1.399999999999999911e+00,2.895602583885192871e-02
1.433333333333333348e+00,2.827427163720130920e-02
1.466666666666666563e+00,2.813289687037467957e-02
1.500000000000000000e+00,2.828685753047466278e-02
1.533333333333333215e+00,2.861724607646465302e-02
1.566666666666666652e+00,2.928217314183712006e-02
1.600000000000000089e+00,3.036381676793098450e-02
1.633333333333333304e+00,3.157013282179832458e-02
1.666666666666666741e+00,3.255741670727729797e-02
1.699999999999999956e+00,3.333748877048492432e-02
1.733333333333333393e+00,3.399040549993515015e-02
1.766666666666666607e+00,3.425822407007217407e-02
1.800000000000000044e+00,3.385210037231445312e-02
1.833333333333333259e+00,3.288184106349945068e-02
1.866666666666666696e+00,3.181820362806320190e-02
1.899999999999999911e+00,3.109235689043998718e-02
1.933333333333333348e+00,3.080043196678161621e-02
1.966666666666666563e+00,3.076604567468166351e-02
2.000000000000000000e+00,3.079068474471569061e-02
2.033333333333333215e+00,3.090721555054187775e-02
2.066666666666666430e+00,3.113867901265621185e-02
2.100000000000000089e+00,3.125442191958427429e-02
2.133333333333333304e+00,3.110068850219249725e-02
2.166666666666666519e+00,3.086734190583229065e-02
2.200000000000000178e+00,3.071490302681922913e-02
2.233333333333333393e+00,3.051578253507614136e-02
2.266666666666666607e+00,3.021728619933128357e-02
2.299999999999999822e+00,3.010806441307067871e-02
2.333333333333333481e+00,3.044332191348075867e-02
2.366666666666666696e+00,3.115528449416160583e-02
2.399999999999999911e+00,3.199106082320213318e-02
2.433333333333333126e+00,3.278383985161781311e-02
2.466666666666666785e+00,3.361444547772407532e-02
2.500000000000000000e+00,3.461271896958351135e-02
2.533333333333333215e+00,3.569840639829635620e-02
2.566666666666666430e+00,3.671255335211753845e-02
2.600000000000000089e+00,3.765201196074485779e-02
2.633333333333333304e+00,3.865817189216613770e-02
2.666666666666666519e+00,3.978715091943740845e-02
2.700000000000000178e+00,4.085406288504600525e-02
2.733333333333333393e+00,4.164006933569908142e-02
2.766666666666666607e+00,4.214902594685554504e-02
2.799999999999999822e+00,4.241923615336418152e-02
2.833333333333333481e+00,4.242360219359397888e-02
2.866666666666666696e+00,4.227560386061668396e-02
2.899999999999999911e+00,4.203169792890548706e-02
2.933333333333333126e+00,4.152283072471618652e-02
2.966666666666666785e+00,4.072411730885505676e-02
3.000000000000000000e+00,3.993297740817070007e-02
3.033333333333333215e+00,3.941145166754722595e-02
3.066666666666666430e+00,3.909839317202568054e-02
3.100000000000000089e+00,3.894178569316864014e-02
3.133333333333333304e+00,3.908924758434295654e-02
3.166666666666666519e+00,3.957645595073699951e-02
3.200000000000000178e+00,4.015113040804862976e-02
3.233333333333333393e+00,4.058293625712394714e-02
3.266666666666666607e+00,4.094424098730087280e-02
3.299999999999999822e+00,4.128218814730644226e-02
3.333333333333333481e+00,4.132148623466491699e-02
3.366666666666666696e+00,4.080029204487800598e-02
3.399999999999999911e+00,3.979425877332687378e-02
3.433333333333333126e+00,3.866472095251083374e-02
3.466666666666666785e+00,3.776749968528747559e-02
3.500000000000000000e+00,3.715787082910537720e-02
3.533333333333333215e+00,3.661856427788734436e-02
3.566666666666666430e+00,3.595911338925361633e-02
3.600000000000000089e+00,3.531192243099212646e-02
3.633333333333333304e+00,3.487265482544898987e-02
3.666666666666666519e+00,3.452136740088462830e-02
3.699999999999999734e+00,3.407652676105499268e-02
3.733333333333333393e+00,3.367037326097488403e-02
3.766666666666666607e+00,3.349461406469345093e-02
3.799999999999999822e+00,3.342363238334655762e-02
3.833333333333333481e+00,3.326994553208351135e-02
3.866666666666666696e+00,3.312037140130996704e-02
3.899999999999999911e+00,3.306123241782188416e-02
3.933333333333333126e+00,3.285831585526466370e-02
3.966666666666666785e+00,3.222636505961418152e-02
4.000000000000000000e+00,3.118477389216423035e-02
4.033333333333333215e+00,3.007879853248596191e-02
4.066666666666666430e+00,2.927154675126075745e-02
4.099999999999999645e+00,2.877556905150413513e-02
4.133333333333332860e+00,2.844589203596115112e-02
4.166666666666666963e+00,2.831316366791725159e-02
4.200000000000000178e+00,2.840702421963214874e-02
4.233333333333333393e+00,2.841592580080032349e-02
4.266666666666666607e+00,2.797917835414409637e-02
4.299999999999999822e+00,2.705093473196029663e-02
4.333333333333333037e+00,2.591206878423690796e-02
4.366666666666666252e+00,2.485044859349727631e-02
4.400000000000000355e+00,2.383023500442504883e-02
4.433333333333333570e+00,2.279340103268623352e-02
4.466666666666666785e+00,2.200167253613471985e-02
4.500000000000000000e+00,2.173775807023048401e-02
4.533333333333333215e+00,2.195494063198566437e-02
4.566666666666666430e+00,2.236127294600009918e-02
4.599999999999999645e+00,2.276423014700412750e-02
4.633333333333332860e+00,2.332483232021331787e-02
4.666666666666666963e+00,2.423585392534732819e-02
4.700000000000000178e+00,2.535292319953441620e-02
4.733333333333333393e+00,2.649506554007530212e-02
4.766666666666666607e+00,2.781954035162925720e-02
4.799999999999999822e+00,2.951899915933609009e-02
4.833333333333333037e+00,3.144219890236854553e-02
4.866666666666666252e+00,3.340077772736549377e-02
4.900000000000000355e+00,3.552167117595672607e-02
4.933333333333333570e+00,3.791786357760429382e-02
4.966666666666666785e+00,4.033482074737548828e-02
5.000000000000000000e+00,4.241878911852836609e-02
5.033333333333333215e+00,4.409347474575042725e-02
5.066666666666666430e+00,4.535771906375885010e-02
5.099999999999999645e+00,4.616285488009452820e-02
5.133333333333332860e+00,4.665614292025566101e-02
5.166666666666666963e+00,4.697938263416290283e-02
5.200000000000000178e+00,4.699910432100296021e-02
5.233333333333333393e+00,4.653412476181983948e-02
5.266666666666666607e+00,4.564141109585762024e-02
5.299999999999999822e+00,4.442872479557991028e-02
5.333333333333333037e+00,4.281543940305709839e-02
5.366666666666666252e+00,4.070891812443733215e-02
5.400000000000000355e+00,3.825499117374420166e-02
5.433333333333333570e+00,3.567070141434669495e-02
5.466666666666666785e+00,3.298442065715789795e-02
5.500000000000000000e+00,3.018114343285560608e-02
5.533333333333333215e+00,2.747179195284843445e-02
5.566666666666666430e+00,2.503520995378494263e-02
5.599999999999999645e+00,2.275219000875949860e-02
5.633333333333332860e+00,2.054122649133205414e-02
5.666666666666666963e+00,1.864401251077651978e-02
5.700000000000000178e+00,1.727324724197387695e-02
5.733333333333333393e+00,1.628639549016952515e-02
5.766666666666666607e+00,1.554098073393106461e-02
5.799999999999999822e+00,1.526834070682525635e-02
5.833333333333333037e+00,1.577031053602695465e-02
5.866666666666666252e+00,1.701474189758300781e-02
5.900000000000000355e+00,1.855329237878322601e-02
5.933333333333333570e+00,1.989866606891155243e-02
5.966666666666666785e+00,2.094832435250282288e-02
6.000000000000000000e+00,2.192985452711582184e-02
6.033333333333333215e+00,2.303892746567726135e-02
6.066666666666666430e+00,2.414200454950332642e-02
6.099999999999999645e+00,2.503754571080207825e-02
6.133333333333332860e+00,2.577386051416397095e-02
6.166666666666666963e+00,2.640310116112232208e-02
6.200000000000000178e+00,2.674994058907032013e-02
6.233333333333333393e+00,2.677164040505886078e-02
6.266666666666666607e+00,2.671295590698719025e-02
6.299999999999999822e+00,2.672553248703479767e-02
6.333333333333333037e+00,2.654309757053852081e-02
6.366666666666666252e+00,2.583444863557815552e-02
6.400000000000000355e+00,2.464713156223297119e-02
6.433333333333333570e+00,2.335463091731071472e-02
6.466666666666666785e+00,2.225819975137710571e-02
6.500000000000000000e+00,2.131332643330097198e-02
6.533333333333333215e+00,2.050473168492317200e-02
6.566666666666666430e+00,2.010510303080081940e-02
6.599999999999999645e+00,2.030833438038825989e-02
6.633333333333332860e+00,2.096668630838394165e-02
6.666666666666666963e+00,2.196722105145454407e-02
6.700000000000000178e+00,2.345493622124195099e-02
6.733333333333333393e+00,2.545917220413684845e-02
6.766666666666666607e+00,2.766805328428745270e-02
6.799999999999999822e+00,2.981351502239704132e-02
6.833333333333333037e+00,3.191323950886726379e-02
6.866666666666666252e+00,3.390518948435783386e-02
6.899999999999999467e+00,3.552247956395149231e-02
6.933333333333333570e+00,3.670017421245574951e-02
6.966666666666666785e+00,3.767469897866249084e-02
7.000000000000000000e+00,3.858529403805732727e-02
7.033333333333333215e+00,3.923259302973747253e-02
7.066666666666666430e+00,3.947273269295692444e-02
7.099999999999999645e+00,3.944521024823188782e-02
7.133333333333332860e+00,3.919915109872817993e-02
7.166666666666666963e+00,3.860309720039367676e-02
7.200000000000000178e+00,3.775690495967864990e-02
7.233333333333333393e+00,3.695064410567283630e-02
7.266666666666666607e+00,3.623687475919723511e-02
7.299999999999999822e+00,3.531869500875473022e-02
7.333333333333333037e+00,3.396882489323616028e-02
7.366666666666666252e+00,3.230059891939163208e-02
7.399999999999999467e+00,3.064934909343719482e-02
7.433333333333333570e+00,2.933060005307197571e-02
7.466666666666666785e+00,2.846228517591953278e-02
7.500000000000000000e+00,2.798549458384513855e-02
7.533333333333333215e+00,2.784601412713527679e-02
7.566666666666666430e+00,2.803277038037776947e-02
7.599999999999999645e+00,2.840877510607242584e-02
7.633333333333332860e+00,2.866772189736366272e-02
7.666666666666666963e+00,2.860301733016967773e-02
7.700000000000000178e+00,2.832052297890186310e-02
7.733333333333333393e+00,2.804012410342693329e-02
7.766666666666666607e+00,2.790416404604911804e-02
7.799999999999999822e+00,2.788988873362541199e-02
7.833333333333333037e+00,2.797576226294040680e-02
7.866666666666666252e+00,2.831988967955112457e-02
7.899999999999999467e+00,2.911595441401004791e-02
7.933333333333333570e+00,3.038062900304794312e-02
7.966666666666666785e+00,3.184017911553382874e-02
8.000000000000000000e+00,3.309156373143196106e-02
8.033333333333333215e+00,3.403987362980842590e-02
8.066666666666666430e+00,3.477205708622932434e-02
8.099999999999999645e+00,3.515058755874633789e-02
8.133333333333332860e+00,3.494165837764739990e-02
8.166666666666666075e+00,3.422500565648078918e-02
8.199999999999999289e+00,3.324757516384124756e-02
8.233333333333332504e+00,3.199551254510879517e-02
8.266666666666665719e+00,3.036115132272243500e-02
8.300000000000000711e+00,2.857841178774833679e-02
8.333333333333333925e+00,2.704819105565547943e-02
8.366666666666667140e+00,2.590476907789707184e-02
8.400000000000000355e+00,2.507309056818485260e-02
8.433333333333333570e+00,2.467921562492847443e-02
8.466666666666666785e+00,2.495515532791614532e-02
8.500000000000000000e+00,2.581974491477012634e-02
8.533333333333333215e+00,2.704943902790546417e-02
8.566666666666666430e+00,2.852283790707588196e-02
8.599999999999999645e+00,3.006438538432121277e-02
8.633333333333332860e+00,3.151225298643112183e-02
8.666666666666666075e+00,3.295893594622612000e-02
8.699999999999999289e+00,3.458780050277709961e-02
8.733333333333332504e+00,3.636607155203819275e-02
8.766666666666665719e+00,3.815532103180885315e-02
8.800000000000000711e+00,3.995111957192420959e-02
8.833333333333333925e+00,4.178427532315254211e-02
8.866666666666667140e+00,4.351054877042770386e-02
8.900000000000000355e+00,4.505504295229911804e-02
8.933333333333333570e+00,4.662367329001426697e-02
8.966666666666666785e+00,4.834039881825447083e-02
9.000000000000000000e+00,5.000921711325645447e-02
9.033333333333333215e+00,5.149612203240394592e-02
9.066666666666666430e+00,5.296966060996055603e-02
9.099999999999999645e+00,5.452840402722358704e-02
9.133333333333332860e+00,5.595090985298156738e-02
9.166666666666666075e+00,5.706972256302833557e-02
9.199999999999999289e+00,5.802288651466369629e-02
9.233333333333332504e+00,5.889844894409179688e-02
9.266666666666665719e+00,5.947583168745040894e-02
9.300000000000000711e+00,5.958695709705352783e-02
9.333333333333333925e+00,5.942994356155395508e-02
9.366666666666667140e+00,5.919620394706726074e-02
9.400000000000000355e+00,5.865790694952011108e-02
9.433333333333333570e+00,5.748624727129936218e-02
9.466666666666666785e+00,5.570037290453910828e-02
9.500000000000000000e+00,5.374344065785408020e-02
9.533333333333333215e+00,5.209701508283615112e-02
9.566666666666666430e+00,5.084281042218208313e-02
9.599999999999999645e+00,4.982548579573631287e-02
9.633333333333332860e+00,4.906182736158370972e-02
9.666666666666666075e+00,4.868283495306968689e-02
9.699999999999999289e+00,4.859929159283638000e-02
9.733333333333332504e+00,4.869680106639862061e-02
9.766666666666665719e+00,4.908880591392517090e-02
9.800000000000000711e+00,4.989233985543251038e-02
9.833333333333333925e+00,5.096825212240219116e-02
9.866666666666667140e+00,5.215024948120117188e-02
9.900000000000000355e+00,5.351091921329498291e-02
9.933333333333333570e+00,5.514463782310485840e-02
9.966666666666666785e+00,5.690142139792442322e-02
1.000000000000000000e+01,5.860508233308792114e-02
1.003333333333333321e+01,6.032621487975120544e-02
1.006666666666666643e+01,6.215904653072357178e-02
1.009999999999999964e+01,6.394424289464950562e-02
1.013333333333333286e+01,6.549476832151412964e-02
1.016666666666666607e+01,6.688153743743896484e-02
1.019999999999999929e+01,6.820138543844223022e-02
1.023333333333333250e+01,6.928545236587524414e-02
1.026666666666666572e+01,6.993462890386581421e-02
1.030000000000000071e+01,7.022038102149963379e-02
1.033333333333333393e+01,7.024206221103668213e-02
1.036666666666666714e+01,6.982191652059555054e-02
1.040000000000000036e+01,6.876001507043838501e-02
1.043333333333333357e+01,6.715632230043411255e-02
1.046666666666666679e+01,6.541264802217483521e-02
1.050000000000000000e+01,6.393539905548095703e-02
1.053333333333333321e+01,6.280194967985153198e-02
1.056666666666666643e+01,6.184864044189453125e-02
1.059999999999999964e+01,6.100142747163772583e-02
1.063333333333333286e+01,6.049123033881187439e-02
1.066666666666666607e+01,6.058048829436302185e-02
1.069999999999999929e+01,6.121908500790596008e-02
1.073333333333333250e+01,6.204439699649810791e-02
1.076666666666666572e+01,6.269546598196029663e-02
1.080000000000000071e+01,6.314562261104583740e-02
1.083333333333333393e+01,6.348761916160583496e-02
1.086666666666666714e+01,6.359270960092544556e-02
1.090000000000000036e+01,6.333038955926895142e-02
1.093333333333333357e+01,6.289651989936828613e-02
1.096666666666666679e+01,6.252457201480865479e-02
1.100000000000000000e+01,6.213177368044853210e-02
1.103333333333333321e+01,6.160099804401397705e-02
1.106666666666666643e+01,6.112323328852653503e-02
1.109999999999999964e+01,6.090213358402252197e-02
1.113333333333333286e+01,6.082327663898468018e-02
1.116666666666666607e+01,6.076232343912124634e-02
1.119999999999999929e+01,6.091694161295890808e-02
1.123333333333333250e+01,6.149176135659217834e-02
1.126666666666666572e+01,6.237432733178138733e-02
1.130000000000000071e+01,6.343237310647964478e-02
1.133333333333333393e+01,6.478001922369003296e-02
1.136666666666666714e+01,6.646317243576049805e-02
1.140000000000000036e+01,6.820677965879440308e-02
1.143333333333333357e+01,6.974299997091293335e-02
1.146666666666666679e+01,7.113081961870193481e-02
1.150000000000000000e+01,7.242783159017562866e-02
1.153333333333333321e+01,7.337793707847595215e-02
1.156666666666666643e+01,7.373948395252227783e-02
1.159999999999999964e+01,7.361238449811935425e-02
1.163333333333333286e+01,7.327793538570404053e-02
1.166666666666666607e+01,7.288783043622970581e-02
1.169999999999999929e+01,7.230645418167114258e-02
1.173333333333333250e+01,7.137399911880493164e-02
1.176666666666666572e+01,7.018426060676574707e-02
1.180000000000000071e+01,6.885834038257598877e-02
1.183333333333333393e+01,6.728234887123107910e-02
1.186666666666666714e+01,6.533706933259963989e-02
1.190000000000000036e+01,6.315423548221588135e-02
1.193333333333333357e+01,6.089320406317710876e-02
1.196666666666666679e+01,5.848410725593566895e-02
1.200000000000000000e+01,5.585503205657005310e-02
1.203333333333333321e+01,5.318525061011314392e-02
1.206666666666666643e+01,5.068068951368331909e-02
1.209999999999999964e+01,4.829902946949005127e-02
1.213333333333333286e+01,4.597475379705429077e-02
1.216666666666666607e+01,4.389441013336181641e-02
1.219999999999999929e+01,4.227166995406150818e-02
1.223333333333333250e+01,4.107446968555450439e-02
1.226666666666666572e+01,4.030484706163406372e-02
1.230000000000000071e+01,4.011258110404014587e-02
1.233333333333333393e+01,4.042582958936691284e-02
1.236666666666666714e+01,4.100444912910461426e-02
1.240000000000000036e+01,4.180338606238365173e-02
1.243333333333333357e+01,4.284671694040298462e-02
1.246666666666666679e+01,4.385037720203399658e-02
1.250000000000000000e+01,4.445358738303184509e-02
1.253333333333333321e+01,4.461554065346717834e-02
1.256666666666666643e+01,4.467501118779182434e-02
1.259999999999999964e+01,4.500193893909454346e-02
1.263333333333333286e+01,4.558984935283660889e-02
1.266666666666666607e+01,4.608895629644393921e-02
1.269999999999999929e+01,4.617582261562347412e-02
1.273333333333333250e+01,4.586621373891830444e-02
1.276666666666666572e+01,4.546592012047767639e-02
1.280000000000000071e+01,4.527563601732254028e-02
1.283333333333333393e+01,4.529549926519393921e-02
1.286666666666666714e+01,4.528211429715156555e-02
1.290000000000000036e+01,4.503044113516807556e-02
1.293333333333333357e+01,4.460460692644119263e-02
1.296666666666666679e+01,4.407138749957084656e-02
1.300000000000000000e+01,4.327839612960815430e-02
1.303333333333333321e+01,4.217615723609924316e-02
1.306666666666666643e+01,4.104806482791900635e-02
1.309999999999999964e+01,4.018458351492881775e-02
1.313333333333333286e+01,3.955376893281936646e-02
1.316666666666666607e+01,3.911106288433074951e-02
1.319999999999999929e+01,3.895428404211997986e-02
1.323333333333333250e+01,3.900789096951484680e-02
1.326666666666666572e+01,3.917722031474113464e-02
1.329999999999999893e+01,3.968846052885055542e-02
1.333333333333333393e+01,4.082019627094268799e-02
1.336666666666666714e+01,4.253942146897315979e-02
1.340000000000000036e+01,4.446522518992424011e-02
1.343333333333333357e+01,4.620268568396568298e-02
1.346666666666666679e+01,4.770714417099952698e-02
1.350000000000000000e+01,4.901214689016342163e-02
1.353333333333333321e+01,4.991919919848442078e-02
1.356666666666666643e+01,5.028040707111358643e-02
1.359999999999999964e+01,5.028748884797096252e-02
1.363333333333333286e+01,5.017962306737899780e-02
1.366666666666666607e+01,4.987792670726776123e-02
1.369999999999999929e+01,4.925426468253135681e-02
1.373333333333333250e+01,4.846138879656791687e-02
1.376666666666666572e+01,4.764705151319503784e-02
1.379999999999999893e+01,4.663399606943130493e-02
1.383333333333333393e+01,4.522078484296798706e-02
1.386666666666666714e+01,4.353241249918937683e-02
1.390000000000000036e+01,4.179344326257705688e-02
1.393333333333333357e+01,4.000118002295494080e-02
1.396666666666666679e+01,3.815475106239318848e-02
1.400000000000000000e+01,3.660300746560096741e-02
1.403333333333333321e+01,3.575387597084045410e-02
1.406666666666666643e+01,3.568730130791664124e-02
1.409999999999999964e+01,3.615110740065574646e-02
1.413333333333333286e+01,3.688878566026687622e-02
1.416666666666666607e+01,3.798855841159820557e-02
1.419999999999999929e+01,3.958514332771301270e-02
1.423333333333333250e+01,4.151929542422294617e-02
1.426666666666666572e+01,4.359150305390357971e-02
1.429999999999999893e+01,4.590274393558502197e-02
1.433333333333333393e+01,4.859643802046775818e-02
1.436666666666666714e+01,5.151565745472908020e-02
1.440000000000000036e+01,5.433157086372375488e-02
1.443333333333333357e+01,5.688616633415222168e-02
1.446666666666666679e+01,5.935424566268920898e-02
1.450000000000000000e+01,6.194842606782913208e-02
1.453333333333333321e+01,6.457541137933731079e-02
1.456666666666666643e+01,6.693462282419204712e-02
1.459999999999999964e+01,6.885742396116256714e-02
1.463333333333333286e+01,7.054024189710617065e-02
1.466666666666666607e+01,7.223390787839889526e-02
1.469999999999999929e+01,7.387824356555938721e-02
1.473333333333333250e+01,7.533254474401473999e-02
1.476666666666666572e+01,7.671415805816650391e-02
1.479999999999999893e+01,7.816416025161743164e-02
1.483333333333333393e+01,7.950522005558013916e-02
1.486666666666666714e+01,8.052657544612884521e-02
1.490000000000000036e+01,8.133872598409652710e-02
1.493333333333333357e+01,8.207771927118301392e-02
1.496666666666666679e+01,8.253637701272964478e-02
1.500000000000000000e+01,8.243970572948455811e-02
1.503333333333333321e+01,8.182419091463088989e-02
1.506666666666666643e+01,8.104765415191650391e-02
1.509999999999999964e+01,8.043870329856872559e-02
1.513333333333333286e+01,7.995521277189254761e-02
1.516666666666666607e+01,7.949102669954299927e-02
1.519999999999999929e+01,7.926142960786819458e-02
1.523333333333333250e+01,7.948808372020721436e-02
1.526666666666666572e+01,8.001764863729476929e-02
1.529999999999999893e+01,8.063232898712158203e-02
1.533333333333333393e+01,8.144456893205642700e-02
1.536666666666666714e+01,8.257607370615005493e-02
1.540000000000000036e+01,8.376899361610412598e-02
1.543333333333333357e+01,8.470272272825241089e-02
1.546666666666666679e+01,8.539689332246780396e-02
1.550000000000000000e+01,8.594836294651031494e-02
1.553333333333333321e+01,8.617532253265380859e-02
1.556666666666666643e+01,8.584965765476226807e-02
1.559999999999999964e+01,8.504062891006469727e-02
1.563333333333333286e+01,8.397780358791351318e-02
1.566666666666666607e+01,8.269628137350082397e-02
1.569999999999999929e+01,8.116309344768524170e-02
1.573333333333333250e+01,7.966016978025436401e-02
1.576666666666666572e+01,7.856148481369018555e-02
1.579999999999999893e+01,7.792011648416519165e-02
1.583333333333333393e+01,7.749737054109573364e-02
1.586666666666666714e+01,7.715832442045211792e-02
1.590000000000000036e+01,7.716420292854309082e-02
1.593333333333333357e+01,7.781534641981124878e-02
1.596666666666666679e+01,7.900451868772506714e-02
1.600000000000000000e+01,8.027930557727813721e-02
1.603333333333333144e+01,8.124574273824691772e-02
1.606666666666666643e+01,8.185887336730957031e-02
1.610000000000000142e+01,8.233036845922470093e-02
1.613333333333333286e+01,8.289358019828796387e-02
1.616666666666666785e+01,8.356544375419616699e-02
1.619999999999999929e+01,8.427777886390686035e-02
1.623333333333333428e+01,8.509705960750579834e-02
1.626666666666666572e+01,8.610352128744125366e-02
1.630000000000000071e+01,8.717086166143417358e-02
1.633333333333333215e+01,8.815549314022064209e-02
1.636666666666666714e+01,8.912267535924911499e-02
1.639999999999999858e+01,9.015861153602600098e-02
1.643333333333333357e+01,9.112886339426040649e-02
1.646666666666666501e+01,9.186241030693054199e-02
1.650000000000000000e+01,9.239199012517929077e-02
1.653333333333333144e+01,9.277382493019104004e-02
1.656666666666666643e+01,9.286033362150192261e-02
1.660000000000000142e+01,9.248500317335128784e-02
1.663333333333333286e+01,9.169869869947433472e-02
1.666666666666666785e+01,9.069669991731643677e-02
1.669999999999999929e+01,8.960303664207458496e-02
1.673333333333333428e+01,8.851687610149383545e-02
1.676666666666666572e+01,8.758100867271423340e-02
1.680000000000000071e+01,8.678568154573440552e-02
1.683333333333333215e+01,8.607676625251770020e-02
1.686666666666666714e+01,8.558146655559539795e-02
1.689999999999999858e+01,8.536870777606964111e-02
1.693333333333333357e+01,8.520045131444931030e-02
1.696666666666666501e+01,8.488710969686508179e-02
1.700000000000000000e+01,8.456110209226608276e-02
1.703333333333333144e+01,8.432050794363021851e-02
1.706666666666666643e+01,8.395356684923171997e-02
1.710000000000000142e+01,8.328504860401153564e-02
1.713333333333333286e+01,8.246127516031265259e-02
1.716666666666666785e+01,8.160627633333206177e-02
1.719999999999999929e+01,8.055525273084640503e-02
1.723333333333333428e+01,7.921831309795379639e-02
1.726666666666666572e+01,7.791201025247573853e-02
1.730000000000000071e+01,7.703208923339843750e-02
1.733333333333333215e+01,7.662489265203475952e-02
1.736666666666666714e+01,7.636599987745285034e-02
1.739999999999999858e+01,7.593153417110443115e-02
1.743333333333333357e+01,7.536479085683822632e-02
1.746666666666666501e+01,7.485030591487884521e-02
1.750000000000000000e+01,7.435342669486999512e-02
1.753333333333333144e+01,7.381036877632141113e-02
1.756666666666666643e+01,7.342733442783355713e-02
1.760000000000000142e+01,7.336446642875671387e-02
1.763333333333333286e+01,7.342112064361572266e-02
1.766666666666666785e+01,7.329886406660079956e-02
1.769999999999999929e+01,7.299709320068359375e-02
1.773333333333333428e+01,7.269434630870819092e-02
1.776666666666666572e+01,7.237650454044342041e-02
1.780000000000000071e+01,7.194747030735015869e-02
1.783333333333333215e+01,7.156988233327865601e-02
1.786666666666666714e+01,7.143614441156387329e-02
1.789999999999999858e+01,7.147780805826187134e-02
1.793333333333333357e+01,7.165096700191497803e-02
1.796666666666666501e+01,7.212527096271514893e-02
1.800000000000000000e+01,7.293154299259185791e-02
1.803333333333333144e+01,7.378766685724258423e-02
1.806666666666666643e+01,7.442285865545272827e-02
1.810000000000000142e+01,7.489376515150070190e-02
1.813333333333333286e+01,7.527620345354080200e-02
1.816666666666666785e+01,7.535912096500396729e-02
1.819999999999999929e+01,7.495617866516113281e-02
1.823333333333333428e+01,7.422313094139099121e-02
1.826666666666666572e+01,7.334132492542266846e-02
1.830000000000000071e+01,7.220480591058731079e-02
1.833333333333333215e+01,7.072678953409194946e-02
1.836666666666666714e+01,6.916511058807373047e-02
1.839999999999999858e+01,6.780698150396347046e-02
1.843333333333333357e+01,6.664475053548812866e-02
1.846666666666666501e+01,6.567536294460296631e-02
1.850000000000000000e+01,6.511346995830535889e-02
1.853333333333333144e+01,6.505277752876281738e-02
1.856666666666666643e+01,6.526516377925872803e-02
1.860000000000000142e+01,6.552104651927947998e-02
1.863333333333333286e+01,6.593579053878784180e-02
1.866666666666666785e+01,6.666380167007446289e-02
1.869999999999999929e+01,6.756859272718429565e-02
1.873333333333333428e+01,6.851742416620254517e-02
1.876666666666666572e+01,6.972105056047439575e-02
1.880000000000000071e+01,7.143300771713256836e-02
1.883333333333333215e+01,7.358518987894058228e-02
1.886666666666666714e+01,7.576973736286163330e-02
1.889999999999999858e+01,7.755968719720840454e-02
1.893333333333333357e+01,7.887740433216094971e-02
1.896666666666666501e+01,8.000799268484115601e-02
1.900000000000000000e+01,8.126927167177200317e-02
1.903333333333333144e+01,8.266004174947738647e-02
1.906666666666666643e+01,8.384839445352554321e-02
1.910000000000000142e+01,8.450278639793395996e-02
1.913333333333333286e+01,8.464196324348449707e-02
1.916666666666666785e+01,8.451923727989196777e-02
1.919999999999999929e+01,8.427971601486206055e-02
1.923333333333333428e+01,8.376222848892211914e-02
1.926666666666666572e+01,8.279029279947280884e-02
1.930000000000000071e+01,8.152966946363449097e-02
1.933333333333333215e+01,8.020891994237899780e-02
1.936666666666666714e+01,7.876712083816528320e-02
1.939999999999999858e+01,7.712350785732269287e-02
1.943333333333333357e+01,7.553390413522720337e-02
1.946666666666666501e+01,7.431023567914962769e-02
1.950000000000000000e+01,7.346146553754806519e-02
1.953333333333333144e+01,7.291501760482788086e-02
1.956666666666666643e+01,7.280734926462173462e-02
1.960000000000000142e+01,7.324796915054321289e-02
1.963333333333333286e+01,7.404841482639312744e-02
1.966666666666666785e+01,7.498929649591445923e-02
1.969999999999999929e+01,7.614268362522125244e-02
1.973333333333333428e+01,7.760543376207351685e-02
1.976666666666666572e+01,7.917750626802444458e-02
1.980000000000000071e+01,8.062778413295745850e-02
1.983333333333333215e+01,8.202172815799713135e-02
1.986666666666666714e+01,8.345206081867218018e-02
1.989999999999999858e+01,8.471291512250900269e-02
1.993333333333333357e+01,8.556777238845825195e-02
1.996666666666666501e+01,8.607837557792663574e-02
2.000000000000000000e+01,8.633422106504440308e-02
2.003333333333333144e+01,8.612323552370071411e-02
2.006666666666666643e+01,8.520269393920898438e-02
2.010000000000000142e+01,8.365500718355178833e-02
2.013333333333333286e+01,8.191514760255813599e-02
2.016666666666666785e+01,8.045838028192520142e-02
2.019999999999999929e+01,7.941367477178573608e-02
2.023333333333333428e+01,7.854610681533813477e-02
2.026666666666666572e+01,7.758865505456924438e-02
2.030000000000000071e+01,7.659533619880676270e-02
2.033333333333333215e+01,7.565370947122573853e-02
2.036666666666666714e+01,7.459623366594314575e-02
2.039999999999999858e+01,7.329719513654708862e-02
2.043333333333333357e+01,7.195647060871124268e-02
2.046666666666666501e+01,7.080214470624923706e-02
2.050000000000000000e+01,6.974273175001144409e-02
2.053333333333333144e+01,6.865400820970535278e-02
2.056666666666666643e+01,6.773202866315841675e-02
2.060000000000000142e+01,6.720567494630813599e-02
2.063333333333333286e+01,6.698878854513168335e-02
2.066666666666666785e+01,6.696172058582305908e-02
2.069999999999999929e+01,6.731921434402465820e-02
2.073333333333333428e+01,6.828359514474868774e-02
2.076666666666666572e+01,6.974423676729202271e-02
2.080000000000000071e+01,7.136019319295883179e-02
2.083333333333333215e+01,7.290729880332946777e-02
2.086666666666666714e+01,7.448607683181762695e-02
2.089999999999999858e+01,7.620123028755187988e-02
2.093333333333333357e+01,7.780469954013824463e-02
2.096666666666666501e+01,7.898865640163421631e-02
2.100000000000000000e+01,7.975985109806060791e-02
2.103333333333333144e+01,8.021344244480133057e-02
2.106666666666666643e+01,8.018941432237625122e-02
2.110000000000000142e+01,7.949330657720565796e-02
2.113333333333333286e+01,7.826019078493118286e-02
2.116666666666666785e+01,7.679406553506851196e-02
2.119999999999999929e+01,7.521725445985794067e-02
2.123333333333333428e+01,7.357792556285858154e-02
2.126666666666666572e+01,7.220616191625595093e-02
2.130000000000000071e+01,7.142551243305206299e-02
2.133333333333333215e+01,7.118146866559982300e-02
2.136666666666666714e+01,7.134763896465301514e-02
2.139999999999999858e+01,7.204680144786834717e-02
2.143333333333333357e+01,7.332051545381546021e-02
2.146666666666666501e+01,7.481753826141357422e-02
2.150000000000000000e+01,7.611872255802154541e-02
2.153333333333333144e+01,7.716227322816848755e-02
2.156666666666666643e+01,7.815568894147872925e-02
2.160000000000000142e+01,7.918405532836914062e-02
2.163333333333333286e+01,7.997354865074157715e-02
2.166666666666666785e+01,8.025748282670974731e-02
2.169999999999999929e+01,8.007991313934326172e-02
2.173333333333333428e+01,7.965849339962005615e-02
2.176666666666666572e+01,7.910588383674621582e-02
2.180000000000000071e+01,7.826784998178482056e-02
2.183333333333333215e+01,7.697015255689620972e-02
2.186666666666666714e+01,7.530064880847930908e-02
2.189999999999999858e+01,7.351499050855636597e-02
2.193333333333333357e+01,7.179596275091171265e-02
2.196666666666666501e+01,7.024347782135009766e-02
2.200000000000000000e+01,6.910605728626251221e-02
2.203333333333333144e+01,6.856410205364227295e-02
2.206666666666666643e+01,6.849044561386108398e-02
2.210000000000000142e+01,6.881097704172134399e-02
2.213333333333333286e+01,6.966239959001541138e-02
2.216666666666666785e+01,7.100343704223632812e-02
2.219999999999999929e+01,7.245386391878128052e-02
2.223333333333333428e+01,7.367621362209320068e-02
2.226666666666666572e+01,7.466185092926025391e-02
2.230000000000000071e+01,7.546032220125198364e-02
2.233333333333333215e+01,7.595182210206985474e-02
2.236666666666666714e+01,7.610461115837097168e-02
2.239999999999999858e+01,7.620918750762939453e-02
2.243333333333333357e+01,7.651763409376144409e-02
2.246666666666666501e+01,7.699416577816009521e-02
2.250000000000000000e+01,7.750859111547470093e-02
2.253333333333333144e+01,7.807735353708267212e-02
2.256666666666666643e+01,7.884625345468521118e-02
2.260000000000000142e+01,7.982698082923889160e-02
2.263333333333333286e+01,8.077412843704223633e-02
2.266666666666666785e+01,8.151016384363174438e-02
2.269999999999999929e+01,8.216448128223419189e-02
2.273333333333333428e+01,8.281457424163818359e-02
2.276666666666666572e+01,8.325412869453430176e-02
2.280000000000000071e+01,8.337032794952392578e-02
2.283333333333333215e+01,8.338749408721923828e-02
2.286666666666666714e+01,8.348017930984497070e-02
2.289999999999999858e+01,8.354000002145767212e-02
2.293333333333333357e+01,8.355186879634857178e-02
2.296666666666666501e+01,8.383589982986450195e-02
2.300000000000000000e+01,8.466158062219619751e-02
2.303333333333333144e+01,8.599507063627243042e-02
2.306666666666666643e+01,8.758249133825302124e-02
2.310000000000000142e+01,8.917096257209777832e-02
2.313333333333333286e+01,9.072432667016983032e-02
2.316666666666666785e+01,9.224873036146163940e-02
2.319999999999999929e+01,9.356302767992019653e-02
2.323333333333333428e+01,9.448420256376266479e-02
2.326666666666666572e+01,9.505172073841094971e-02
2.330000000000000071e+01,9.535294026136398315e-02
2.333333333333333215e+01,9.528750181198120117e-02
2.336666666666666714e+01,9.482761472463607788e-02
2.339999999999999858e+01,9.424902498722076416e-02
2.343333333333333357e+01,9.375707060098648071e-02
2.346666666666666501e+01,9.323401749134063721e-02
2.350000000000000000e+01,9.261368960142135620e-02
2.353333333333333144e+01,9.213484823703765869e-02
2.356666666666666643e+01,9.197665750980377197e-02
2.360000000000000142e+01,9.199640154838562012e-02
2.363333333333333286e+01,9.209398180246353149e-02
2.366666666666666785e+01,9.247622638940811157e-02
2.369999999999999929e+01,9.330249577760696411e-02
2.373333333333333428e+01,9.441131353378295898e-02
2.376666666666666572e+01,9.567193686962127686e-02
2.380000000000000071e+01,9.723124653100967407e-02
2.383333333333333215e+01,9.916393458843231201e-02
2.386666666666666714e+01,1.012204363942146301e-01
2.389999999999999858e+01,1.031778156757354736e-01
2.393333333333333357e+01,1.051529049873352051e-01
2.396666666666666501e+01,1.072507947683334351e-01
2.400000000000000000e+01,1.091810017824172974e-01
2.403333333333333144e+01,1.105885580182075500e-01
2.406666666666666643e+01,1.114708259701728821e-01
2.410000000000000142e+01,1.120091155171394348e-01
2.413333333333333286e+01,1.122003197669982910e-01
2.416666666666666785e+01,1.119966432452201843e-01
2.419999999999999929e+01,1.116851940751075745e-01
2.423333333333333428e+01,1.115899235010147095e-01
2.426666666666666572e+01,1.116858050227165222e-01
2.430000000000000071e+01,1.118723526597023010e-01
2.433333333333333215e+01,1.123029515147209167e-01
2.436666666666666714e+01,1.131208911538124084e-01
2.439999999999999858e+01,1.141497343778610229e-01
2.443333333333333357e+01,1.151432916522026062e-01
2.446666666666666501e+01,1.161454543471336365e-01
2.450000000000000000e+01,1.172617375850677490e-01
2.453333333333333144e+01,1.183435395359992981e-01
2.456666666666666643e+01,1.192554756999015808e-01
2.460000000000000142e+01,1.201758980751037598e-01
2.463333333333333286e+01,1.212733387947082520e-01
2.466666666666666785e+01,1.223936378955841064e-01
2.469999999999999929e+01,1.233834251761436462e-01
2.473333333333333428e+01,1.244036629796028137e-01
2.476666666666666572e+01,1.256129294633865356e-01
2.480000000000000071e+01,1.268478929996490479e-01
2.483333333333333215e+01,1.279397606849670410e-01
2.486666666666666714e+01,1.290365606546401978e-01
2.489999999999999858e+01,1.303067356348037720e-01
2.493333333333333357e+01,1.316170543432235718e-01
2.496666666666666501e+01,1.328322440385818481e-01
2.500000000000000000e+01,1.341304033994674683e-01
2.503333333333333144e+01,1.356914490461349487e-01
2.506666666666666643e+01,1.373735964298248291e-01
2.510000000000000142e+01,1.390232592821121216e-01
2.513333333333333286e+01,1.408010423183441162e-01
2.516666666666666785e+01,1.428812593221664429e-01
2.519999999999999929e+01,1.451184749603271484e-01
2.523333333333333428e+01,1.473456621170043945e-01
2.526666666666666572e+01,1.497050374746322632e-01
2.530000000000000071e+01,1.523558795452117920e-01
2.533333333333333215e+01,1.551362723112106323e-01
2.536666666666666714e+01,1.578273773193359375e-01
2.539999999999999858e+01,1.604958325624465942e-01
2.543333333333333357e+01,1.632401943206787109e-01
2.546666666666666501e+01,1.658418774604797363e-01
2.550000000000000000e+01,1.680433303117752075e-01
2.553333333333333144e+01,1.698781251907348633e-01
2.556666666666666643e+01,1.713804304599761963e-01
2.560000000000000142e+01,1.722955554723739624e-01
2.563333333333333286e+01,1.723666191101074219e-01
2.566666666666666785e+01,1.716474145650863647e-01
2.569999999999999929e+01,1.705146133899688721e-01
2.573333333333333428e+01,1.693650037050247192e-01
2.576666666666666572e+01,1.682530790567398071e-01
2.580000000000000071e+01,1.671625524759292603e-01
2.583333333333333215e+01,1.663470268249511719e-01
2.586666666666666714e+01,1.660685390233993530e-01
2.589999999999999858e+01,1.662668734788894653e-01
2.593333333333333357e+01,1.667979955673217773e-01
2.596666666666666501e+01,1.677673459053039551e-01
2.600000000000000000e+01,1.693047732114791870e-01
2.603333333333333144e+01,1.712446957826614380e-01
2.606666666666666643e+01,1.733901053667068481e-01
2.609999999999999787e+01,1.758146882057189941e-01
2.613333333333333286e+01,1.785966455936431885e-01
2.616666666666666785e+01,1.815160959959030151e-01
2.619999999999999929e+01,1.843270808458328247e-01
2.623333333333333428e+01,1.870828419923782349e-01
2.626666666666666572e+01,1.898682266473770142e-01
2.630000000000000071e+01,1.924730241298675537e-01
2.633333333333333215e+01,1.946595311164855957e-01
2.636666666666666714e+01,1.964878886938095093e-01
2.639999999999999858e+01,1.980526447296142578e-01
2.643333333333333357e+01,1.991508603096008301e-01
2.646666666666666501e+01,1.995510756969451904e-01
2.650000000000000000e+01,1.993328779935836792e-01
2.653333333333333144e+01,1.987119913101196289e-01
2.656666666666666643e+01,1.977131515741348267e-01
2.659999999999999787e+01,1.963435113430023193e-01
2.663333333333333286e+01,1.949205994606018066e-01
2.666666666666666785e+01,1.937839388847351074e-01
2.669999999999999929e+01,1.929369419813156128e-01
2.673333333333333428e+01,1.923299878835678101e-01
2.676666666666666572e+01,1.920979619026184082e-01
2.680000000000000071e+01,1.922810375690460205e-01
2.683333333333333215e+01,1.926194280385971069e-01
2.686666666666666714e+01,1.928281635046005249e-01
2.689999999999999858e+01,1.929605603218078613e-01
2.693333333333333357e+01,1.931435465812683105e-01
2.696666666666666501e+01,1.932174861431121826e-01
2.700000000000000000e+01,1.929886937141418457e-01
2.703333333333333144e+01,1.925877481698989868e-01
2.706666666666666643e+01,1.922098100185394287e-01
2.709999999999999787e+01,1.917556971311569214e-01
2.713333333333333286e+01,1.910841166973114014e-01
2.716666666666666785e+01,1.903961151838302612e-01
2.719999999999999929e+01,1.899819374084472656e-01
2.723333333333333428e+01,1.898606866598129272e-01
2.726666666666666572e+01,1.899452060461044312e-01
2.730000000000000071e+01,1.903215050697326660e-01
2.733333333333333215e+01,1.910279393196105957e-01
2.736666666666666714e+01,1.917518675327301025e-01
2.739999999999999858e+01,1.921776384115219116e-01
2.743333333333333357e+01,1.923545897006988525e-01
2.746666666666666501e+01,1.924455761909484863e-01
2.750000000000000000e+01,1.923387795686721802e-01
2.753333333333333144e+01,1.918618679046630859e-01
2.756666666666666643e+01,1.911791265010833740e-01
2.759999999999999787e+01,1.905641406774520874e-01
2.763333333333333286e+01,1.900414675474166870e-01
2.766666666666666785e+01,1.896008402109146118e-01
2.769999999999999929e+01,1.894786655902862549e-01
2.773333333333333428e+01,1.899324357509613037e-01
2.776666666666666572e+01,1.909512877464294434e-01
2.780000000000000071e+01,1.922079771757125854e-01
2.783333333333333215e+01,1.932996660470962524e-01
2.786666666666666714e+01,1.940741837024688721e-01
2.789999999999999858e+01,1.946929097175598145e-01
2.793333333333333357e+01,1.953974664211273193e-01
2.796666666666666501e+01,1.961746811866760254e-01
2.800000000000000000e+01,1.969709396362304688e-01
2.803333333333333144e+01,1.979720145463943481e-01
2.806666666666666643e+01,1.993883699178695679e-01
2.809999999999999787e+01,2.011732757091522217e-01
2.813333333333333286e+01,2.029815614223480225e-01
2.816666666666666785e+01,2.044163793325424194e-01
2.819999999999999929e+01,2.054016441106796265e-01
2.823333333333333428e+01,2.061595916748046875e-01
2.826666666666666572e+01,2.068145275115966797e-01
2.830000000000000071e+01,2.070962339639663696e-01
2.833333333333333215e+01,2.066996544599533081e-01
2.836666666666666714e+01,2.057205736637115479e-01
2.839999999999999858e+01,2.045845985412597656e-01
2.843333333333333357e+01,2.036398798227310181e-01
2.846666666666666501e+01,2.029029279947280884e-01
2.850000000000000000e+01,2.022069990634918213e-01
2.853333333333333144e+01,2.014616727828979492e-01
2.856666666666666643e+01,2.008176296949386597e-01
2.859999999999999787e+01,2.004494667053222656e-01
2.863333333333333286e+01,2.003048807382583618e-01
2.866666666666666785e+01,2.003112435340881348e-01
2.869999999999999929e+01,2.006256282329559326e-01
2.873333333333333428e+01,2.014291286468505859e-01
2.876666666666666572e+01,2.026601731777191162e-01
2.880000000000000071e+01,2.040188312530517578e-01
2.883333333333333215e+01,2.052130550146102905e-01
2.886666666666666714e+01,2.062620520591735840e-01
2.889999999999999858e+01,2.072870284318923950e-01
2.893333333333333357e+01,2.081049829721450806e-01
2.896666666666666501e+01,2.084309309720993042e-01
2.900000000000000000e+01,2.082838863134384155e-01
2.903333333333333144e+01,2.077911496162414551e-01
2.906666666666666643e+01,2.068956643342971802e-01
2.909999999999999787e+01,2.055775672197341919e-01
2.913333333333333286e+01,2.041301578283309937e-01
2.916666666666666785e+01,2.029374390840530396e-01
2.919999999999999929e+01,2.020745724439620972e-01
2.923333333333333428e+01,2.015079110860824585e-01
2.926666666666666572e+01,2.013807594776153564e-01
2.930000000000000071e+01,2.018056064844131470e-01
2.933333333333333215e+01,2.026548236608505249e-01
2.936666666666666714e+01,2.037162184715270996e-01
2.939999999999999858e+01,2.049400955438613892e-01
2.943333333333333357e+01,2.062426507472991943e-01
2.946666666666666501e+01,2.073792666196823120e-01
2.950000000000000000e+01,2.083052545785903931e-01
2.953333333333333144e+01,2.092978656291961670e-01
2.956666666666666643e+01,2.105936557054519653e-01
2.959999999999999787e+01,2.120938152074813843e-01
2.963333333333333286e+01,2.135568708181381226e-01
2.966666666666666785e+01,2.148876339197158813e-01
2.969999999999999929e+01,2.162598669528961182e-01
2.973333333333333428e+01,2.178616076707839966e-01
2.976666666666666572e+01,2.196104824542999268e-01
2.980000000000000071e+01,2.213299870491027832e-01
2.983333333333333215e+01,2.230357974767684937e-01
2.986666666666666714e+01,2.247620224952697754e-01
2.989999999999999858e+01,2.262689173221588135e-01
2.993333333333333357e+01,2.272894084453582764e-01
2.996666666666666501e+01,2.278465479612350464e-01
3.000000000000000000e+01,2.280264049768447876e-01
3.003333333333333144e+01,2.276701182126998901e-01
3.006666666666666643e+01,2.266001701354980469e-01
3.009999999999999787e+01,2.249429672956466675e-01
3.013333333333333286e+01,2.230901271104812622e-01
3.016666666666666785e+01,2.213845998048782349e-01
3.019999999999999929e+01,2.198338359594345093e-01
3.023333333333333428e+01,2.183904498815536499e-01
3.026666666666666572e+01,2.172893732786178589e-01
3.030000000000000071e+01,2.167609781026840210e-01
3.033333333333333215e+01,2.167084813117980957e-01
3.036666666666666714e+01,2.169942855834960938e-01
3.039999999999999858e+01,2.177756577730178833e-01
3.043333333333333357e+01,2.192182987928390503e-01
3.046666666666666501e+01,2.211584001779556274e-01
3.050000000000000000e+01,2.232811301946640015e-01
3.053333333333333144e+01,2.254493236541748047e-01
3.056666666666666643e+01,2.275416851043701172e-01
3.059999999999999787e+01,2.293717712163925171e-01
3.063333333333333286e+01,2.309789955615997314e-01
3.066666666666666785e+01,2.324016243219375610e-01
3.069999999999999929e+01,2.333353459835052490e-01
3.073333333333333428e+01,2.334233820438385010e-01
3.076666666666666572e+01,2.326201796531677246e-01
3.080000000000000071e+01,2.312131077051162720e-01
3.083333333333333215e+01,2.294956445693969727e-01
3.086666666666666714e+01,2.274145185947418213e-01
3.089999999999999858e+01,2.248520255088806152e-01
3.093333333333333357e+01,2.219982296228408813e-01
3.096666666666666501e+01,2.191492468118667603e-01
3.100000000000000000e+01,2.163625806570053101e-01
3.103333333333333144e+01,2.136511653661727905e-01
3.106666666666666643e+01,2.113405764102935791e-01
3.109999999999999787e+01,2.097583711147308350e-01
3.113333333333333286e+01,2.088621556758880615e-01
3.116666666666666785e+01,2.084781229496002197e-01
3.119999999999999929e+01,2.086706012487411499e-01
3.123333333333333428e+01,2.095005065202713013e-01
3.126666666666666572e+01,2.106557488441467285e-01
3.130000000000000071e+01,2.117590606212615967e-01
3.133333333333333215e+01,2.127669900655746460e-01
3.136666666666666714e+01,2.137096971273422241e-01
3.139999999999999858e+01,2.143296897411346436e-01
3.143333333333333357e+01,2.143403291702270508e-01
3.146666666666666501e+01,2.138136625289916992e-01
3.150000000000000000e+01,2.130595147609710693e-01
3.153333333333333144e+01,2.122467458248138428e-01
3.156666666666666643e+01,2.112095654010772705e-01
3.159999999999999787e+01,2.097943276166915894e-01
3.163333333333333286e+01,2.081412076950073242e-01
3.166666666666666785e+01,2.063912898302078247e-01
3.169999999999999929e+01,2.044115066528320312e-01
3.173333333333333428e+01,2.020952552556991577e-01
3.176666666666666572e+01,1.996241807937622070e-01
3.180000000000000071e+01,1.971159875392913818e-01
3.183333333333333215e+01,1.944134980440139771e-01
3.186666666666666714e+01,1.914672851562500000e-01
3.189999999999999858e+01,1.885541081428527832e-01
3.193333333333333357e+01,1.859108358621597290e-01
3.196666666666666501e+01,1.834427714347839355e-01
