0.000000000000000000e+00,2.196429483592510223e-02
3.333333333333333287e-02,4.154923185706138611e-02
6.666666666666666574e-02,5.033450573682785034e-02
1.000000000000000056e-01,7.950873672962188721e-02
1.333333333333333315e-01,1.063718497753143311e-01
1.666666666666666574e-01,1.025234833359718323e-01
2.000000000000000111e-01,6.004358828067779541e-02
2.333333333333333370e-01,2.128249779343605042e-02
2.666666666666666630e-01,2.060418948531150818e-02
2.999999999999999889e-01,3.503203019499778748e-02
3.333333333333333148e-01,2.958994917571544647e-02
3.666666666666666408e-01,2.926088124513626099e-02
4.000000000000000222e-01,2.055430971086025238e-02
4.333333333333333481e-01,-1.418300997465848923e-02
4.666666666666666741e-01,-3.472458571195602417e-02
5.000000000000000000e-01,-2.214397676289081573e-02
5.333333333333333259e-01,-4.671220667660236359e-03
5.666666666666666519e-01,-1.523769553750753403e-02
5.999999999999999778e-01,-2.288194186985492706e-02
6.333333333333333037e-01,2.078929683193564415e-03
6.666666666666666297e-01,2.054055593907833099e-02
6.999999999999999556e-01,1.945681753568351269e-03
7.333333333333332815e-01,-1.371749024838209152e-02
7.666666666666666075e-01,3.640399314463138580e-03
8.000000000000000444e-01,1.469208020716905594e-02
8.333333333333333703e-01,-1.164112240076065063e-02
8.666666666666666963e-01,-3.509574383497238159e-02
9.000000000000000222e-01,-2.633789367973804474e-02
9.333333333333333481e-01,-1.101724244654178619e-02
9.666666666666666741e-01,-2.211895771324634552e-02
1.000000000000000000e+00,-2.996299602091312408e-02
1.033333333333333215e+00,-5.678276997059583664e-03
1.066666666666666652e+00,1.115109957754611969e-02
1.100000000000000089e+00,-8.788145147264003754e-03
1.133333333333333304e+00,-2.530669420957565308e-02
1.166666666666666741e+00,-9.427102282643318176e-03
1.199999999999999956e+00,-2.768760023172944784e-04
1.233333333333333393e+00,-1.435533165931701660e-02
1.266666666666666607e+00,-1.519742887467145920e-02
1.300000000000000044e+00,1.649430580437183380e-02
1.333333333333333259e+00,4.241033643484115601e-02
1.366666666666666696e+00,3.100481815636157990e-02
1.399999999999999911e+00,2.104059420526027679e-02
1.433333333333333348e+00,4.370383545756340027e-02
1.466666666666666563e+00,6.158691272139549255e-02
1.500000000000000000e+00,4.212333634495735168e-02
1.533333333333333215e+00,2.376363798975944519e-02
1.566666666666666652e+00,3.855427354574203491e-02
1.600000000000000089e+00,4.880487173795700073e-02
1.633333333333333304e+00,2.168889716267585754e-02
1.666666666666666741e+00,-3.942161798477172852e-03
1.699999999999999956e+00,3.073059488087892532e-03
1.733333333333333393e+00,4.308620467782020569e-03
1.766666666666666607e+00,-3.167162835597991943e-02
1.800000000000000044e+00,-6.511806696653366089e-02
1.833333333333333259e+00,-6.605440378189086914e-02
1.866666666666666696e+00,-3.415106236934661865e-02
1.899999999999999911e+00,-8.355582132935523987e-03
1.933333333333333348e+00,-1.812991686165332794e-02
1.966666666666666563e+00,-2.582887187600135803e-02
2.000000000000000000e+00,-7.953143212944269180e-04
2.033333333333333215e+00,1.812630891799926758e-02
2.066666666666666430e+00,9.059929871000349522e-04
2.100000000000000089e+00,-1.422531623393297195e-02
2.133333333333333304e+00,4.622804932296276093e-03
2.166666666666666519e+00,1.946780271828174591e-02
2.200000000000000178e+00,-9.369965991936624050e-04
2.233333333333333393e+00,-1.723643951117992401e-02
2.266666666666666607e+00,-2.656447468325495720e-04
2.299999999999999822e+00,1.300998590886592865e-02
2.333333333333333481e+00,-7.223345804959535599e-03
2.366666666666666696e+00,-2.351954393088817596e-02
2.399999999999999911e+00,-6.963445339351892471e-03
2.433333333333333126e+00,5.662501323968172073e-03
2.466666666666666785e+00,-1.611399278044700623e-02
2.500000000000000000e+00,-3.383723273873329163e-02
2.533333333333333215e+00,-1.708162203431129456e-02
2.566666666666666430e+00,-4.539472982287406921e-03
2.600000000000000089e+00,-2.668982744216918945e-02
2.633333333333333304e+00,-4.261025041341781616e-02
2.666666666666666519e+00,-2.145987562835216522e-02
2.700000000000000178e+00,7.030815817415714264e-03
2.733333333333333393e+00,8.980713784694671631e-03
2.766666666666666607e+00,1.759020052850246429e-02
2.799999999999999822e+00,3.896229341626167297e-02
2.833333333333333481e+00,3.870128467679023743e-02
2.866666666666666696e+00,1.820930652320384979e-02
2.899999999999999911e+00,1.496039796620607376e-02
2.933333333333333126e+00,4.357390105724334717e-02
2.966666666666666785e+00,6.633353978395462036e-02
3.000000000000000000e+00,5.593420937657356262e-02
3.033333333333333215e+00,1.577692292630672455e-02
3.066666666666666430e+00,-1.563747413456439972e-02
3.100000000000000089e+00,-1.060067396610975266e-02
3.133333333333333304e+00,-9.546683169901371002e-03
3.166666666666666519e+00,-3.593536466360092163e-02
3.200000000000000178e+00,-5.140445381402969360e-02
3.233333333333333393e+00,-3.044479712843894958e-02
3.266666666666666607e+00,-1.344722416251897812e-02
3.299999999999999822e+00,-2.975456602871417999e-02
3.333333333333333481e+00,-4.006740450859069824e-02
3.366666666666666696e+00,-1.405580341815948486e-02
3.399999999999999911e+00,8.236686699092388153e-03
3.433333333333333126e+00,-3.060538787394762039e-03
3.466666666666666785e+00,-8.784417994320392609e-03
3.500000000000000000e+00,2.211483940482139587e-02
3.533333333333333215e+00,5.049436911940574646e-02
3.566666666666666430e+00,4.539033398032188416e-02
3.600000000000000089e+00,1.481587067246437073e-02
3.633333333333333304e+00,-2.728278748691082001e-03
3.666666666666666519e+00,1.735981181263923645e-02
3.699999999999999734e+00,3.460472822189331055e-02
3.733333333333333393e+00,1.714597083628177643e-02
3.766666666666666607e+00,6.016790401190519333e-03
3.799999999999999822e+00,3.228166326880455017e-02
3.833333333333333481e+00,5.578656494617462158e-02
3.866666666666666696e+00,4.474516585469245911e-02
3.899999999999999911e+00,-3.037763235624879599e-04
3.933333333333333126e+00,-4.008498787879943848e-02
3.966666666666666785e+00,-4.483442753553390503e-02
4.000000000000000000e+00,-1.439851615577936172e-02
4.033333333333333215e+00,9.608663618564605713e-03
4.066666666666666430e+00,-4.028080962598323822e-03
4.099999999999999645e+00,-1.574742607772350311e-02
4.133333333333332860e+00,6.590943317860364914e-03
4.166666666666666963e+00,2.264382131397724152e-02
4.200000000000000178e+00,1.274366746656596661e-03
4.233333333333333393e+00,-1.820110715925693512e-02
4.266666666666666607e+00,-2.903741085901856422e-03
4.299999999999999822e+00,8.549969643354415894e-03
4.333333333333333037e+00,-1.594339869916439056e-02
4.366666666666666252e+00,-3.625058010220527649e-02
4.400000000000000355e+00,-2.303967252373695374e-02
4.433333333333333570e+00,-1.391929388046264648e-02
4.466666666666666785e+00,-3.827714547514915466e-02
4.500000000000000000e+00,-5.846469849348068237e-02
4.533333333333333215e+00,-4.556728899478912354e-02
4.566666666666666430e+00,2.040130551904439926e-03
4.599999999999999645e+00,4.553249478340148926e-02
4.633333333333332860e+00,5.369574576616287231e-02
4.666666666666666963e+00,2.624351345002651215e-02
4.700000000000000178e+00,3.272070782259106636e-03
4.733333333333333393e+00,1.447253208607435226e-02
4.766666666666666607e+00,2.130258269608020782e-02
4.799999999999999822e+00,-6.293265148997306824e-03
4.833333333333333037e+00,-2.925582602620124817e-02
4.866666666666666252e+00,-1.820365525782108307e-02
4.900000000000000355e+00,-1.156385894864797592e-02
4.933333333333333570e+00,-1.636968739330768585e-02
4.966666666666666785e+00,1.770078786648809910e-03
5.000000000000000000e+00,1.622789725661277771e-02
5.033333333333333215e+00,-4.100190475583076477e-03
5.066666666666666430e+00,-2.043172344565391541e-02
5.099999999999999645e+00,-6.920195301063358784e-04
5.133333333333332860e+00,1.636981032788753510e-02
5.166666666666666963e+00,1.544321712572127581e-04
5.200000000000000178e+00,-1.047065854072570801e-02
5.233333333333333393e+00,1.535723078995943069e-02
5.266666666666666607e+00,3.828004747629165649e-02
5.299999999999999822e+00,2.813115529716014862e-02
5.333333333333333037e+00,2.400756813585758209e-02
5.366666666666666252e+00,5.252471193671226501e-02
5.400000000000000355e+00,7.518022507429122925e-02
5.433333333333333570e+00,6.482343375682830811e-02
5.466666666666666785e+00,2.147268690168857574e-02
5.500000000000000000e+00,-1.514527201652526855e-02
5.533333333333333215e+00,-1.693310402333736420e-02
5.566666666666666430e+00,-2.209108509123325348e-02
5.599999999999999645e+00,-3.203613311052322388e-02
5.633333333333332860e+00,-1.475027110427618027e-02
5.666666666666666963e+00,-1.827897271141409874e-03
5.700000000000000178e+00,-2.210213616490364075e-02
5.733333333333333393e+00,-3.689284250140190125e-02
5.766666666666666607e+00,-1.616069115698337555e-02
5.799999999999999822e+00,-6.693240720778703690e-05
5.833333333333333037e+00,-1.929759979248046875e-02
5.866666666666666252e+00,-3.574657067656517029e-02
5.900000000000000355e+00,-1.774808764457702637e-02
5.933333333333333570e+00,-4.656417760998010635e-03
5.966666666666666785e+00,-2.664199471473693848e-02
6.000000000000000000e+00,-4.472757130861282349e-02
6.033333333333333215e+00,-2.825038693845272064e-02
6.066666666666666430e+00,-1.729899644851684570e-02
6.099999999999999645e+00,-1.742083206772804260e-02
6.133333333333332860e+00,5.205584224313497543e-03
6.166666666666666963e+00,2.325457148253917694e-02
6.200000000000000178e+00,6.512337364256381989e-03
6.233333333333333393e+00,-5.198953673243522644e-03
6.266666666666666607e+00,1.722262986004352570e-02
6.299999999999999822e+00,3.486473858356475830e-02
6.333333333333333037e+00,1.762448437511920929e-02
6.366666666666666252e+00,4.250190220773220062e-03
6.400000000000000355e+00,2.477088384330272675e-02
6.433333333333333570e+00,4.120294004678726196e-02
6.466666666666666785e+00,2.323557995259761810e-02
6.500000000000000000e+00,-7.992207072675228119e-03
6.533333333333333215e+00,-1.867621950805187225e-02
6.566666666666666430e+00,5.796403624117374420e-03
6.599999999999999645e+00,2.640821225941181183e-02
6.633333333333332860e+00,1.235869713127613068e-02
6.666666666666666963e+00,-1.204438041895627975e-02
6.700000000000000178e+00,-1.188804488629102707e-02
6.733333333333333393e+00,-1.439990662038326263e-02
6.766666666666666607e+00,-5.103471875190734863e-02
6.799999999999999822e+00,-8.431101590394973755e-02
6.833333333333333037e+00,-8.156022429466247559e-02
6.866666666666666252e+00,-6.652338057756423950e-02
6.899999999999999467e+00,-3.587630018591880798e-02
6.933333333333333570e+00,-1.018701680004596710e-02
6.966666666666666785e+00,-1.873099803924560547e-02
7.000000000000000000e+00,-5.266695469617843628e-02
7.033333333333333215e+00,-7.413882017135620117e-02
7.066666666666666430e+00,-5.897968262434005737e-02
7.099999999999999645e+00,-9.514300152659416199e-03
7.133333333333332860e+00,3.575226664543151855e-02
7.166666666666666963e+00,4.564057663083076477e-02
7.200000000000000178e+00,1.769509725272655487e-02
7.233333333333333393e+00,-1.035701110959053040e-02
7.266666666666666607e+00,-4.942952655255794525e-03
7.299999999999999822e+00,-3.577536903321743011e-03
7.333333333333333037e+00,2.762835239991545677e-03
7.366666666666666252e+00,6.907632574439048767e-03
7.399999999999999467e+00,-2.240052819252014160e-02
7.433333333333333570e+00,-4.962233826518058777e-02
7.466666666666666785e+00,-4.191614687442779541e-02
7.500000000000000000e+00,-3.574576228857040405e-02
7.533333333333333215e+00,-2.382362075150012970e-02
7.566666666666666430e+00,-1.534329913556575775e-02
7.599999999999999645e+00,1.001418335363268852e-03
7.633333333333332860e+00,1.468087546527385712e-02
7.666666666666666963e+00,7.071951869875192642e-03
7.700000000000000178e+00,1.376131456345319748e-02
7.733333333333333393e+00,1.621538214385509491e-02
7.766666666666666607e+00,-1.795893907546997070e-02
7.799999999999999822e+00,-4.843252152204513550e-02
7.833333333333333037e+00,-4.575211927294731140e-02
7.866666666666666252e+00,-1.160786580294370651e-02
7.899999999999999467e+00,1.684947311878204346e-02
7.933333333333333570e+00,1.013036631047725677e-02
7.966666666666666785e+00,-2.798092365264892578e-02
8.000000000000000000e+00,-5.878977477550506592e-02
8.033333333333333215e+00,-5.662578716874122620e-02
8.066666666666666430e+00,-2.111397497355937958e-02
8.099999999999999645e+00,8.229386061429977417e-03
8.133333333333332860e+00,1.587248174473643303e-03
8.166666666666666075e+00,-1.854502479545772076e-03
8.199999999999999289e+00,2.589920721948146820e-02
8.233333333333332504e+00,4.336718097329139709e-02
8.266666666666665719e+00,2.292368002235889435e-02
8.300000000000000711e+00,3.532693488523364067e-03
8.333333333333333925e+00,1.601269282400608063e-02
8.366666666666667140e+00,2.458146028220653534e-02
8.400000000000000355e+00,-1.487610512413084507e-03
8.433333333333333570e+00,-2.250242233276367188e-02
8.466666666666666785e+00,-1.355820242315530777e-02
8.500000000000000000e+00,-1.531856320798397064e-02
8.533333333333333215e+00,-3.783463314175605774e-02
8.566666666666666430e+00,-4.221755638718605042e-02
8.599999999999999645e+00,-4.253168031573295593e-02
8.633333333333332860e+00,-3.290088474750518799e-02
8.666666666666666075e+00,1.176793035119771957e-02
8.699999999999999289e+00,5.023758485913276672e-02
8.733333333333332504e+00,5.420433729887008667e-02
8.766666666666665719e+00,2.190198935568332672e-02
8.800000000000000711e+00,-6.014866754412651062e-03
8.833333333333333925e+00,-7.837641751393675804e-04
8.866666666666667140e+00,3.475875928415916860e-05
8.900000000000000355e+00,-1.138621103018522263e-02
8.933333333333333570e+00,-1.237768679857254028e-03
8.966666666666666785e+00,4.550561308860778809e-03
9.000000000000000000e+00,-2.474649250507354736e-02
9.033333333333333215e+00,-4.920245707035064697e-02
9.066666666666666430e+00,-3.687129914760589600e-02
9.099999999999999645e+00,5.478009581565856934e-03
9.133333333333332860e+00,4.071626812219619751e-02
9.166666666666666075e+00,4.304865375161170959e-02
9.199999999999999289e+00,5.366276577115058899e-02
9.233333333333332504e+00,6.717976927757263184e-02
9.266666666666665719e+00,4.664850234985351562e-02
9.300000000000000711e+00,2.838334068655967712e-02
9.333333333333333925e+00,4.437932372093200684e-02
9.366666666666667140e+00,5.761820077896118164e-02
9.400000000000000355e+00,3.674461320042610168e-02
9.433333333333333570e+00,-4.419581964612007141e-03
9.466666666666666785e+00,-2.807497605681419373e-02
9.500000000000000000e+00,-5.254732817411422729e-02
9.533333333333333215e+00,-7.065063714981079102e-02
9.566666666666666430e+00,-5.240316689014434814e-02
9.599999999999999645e+00,7.000159821473062038e-04
9.633333333333332860e+00,4.954216256737709045e-02
9.666666666666666075e+00,6.244692578911781311e-02
9.699999999999999289e+00,3.840426728129386902e-02
9.733333333333332504e+00,1.570097543299198151e-02
9.766666666666665719e+00,-2.836178173311054707e-04
9.800000000000000711e+00,-3.499556332826614380e-02
9.833333333333333925e+00,-5.961713567376136780e-02
9.866666666666667140e+00,-4.849102720618247986e-02
9.900000000000000355e+00,-3.991308435797691345e-02
9.933333333333333570e+00,-6.694072484970092773e-02
9.966666666666666785e+00,-8.840429782867431641e-02
1.000000000000000000e+01,-7.563269883394241333e-02
1.003333333333333321e+01,-3.164915740489959717e-02
1.006666666666666643e+01,5.407679360359907150e-03
1.009999999999999964e+01,1.913511753082275391e-02
1.013333333333333286e+01,8.369428105652332306e-03
1.016666666666666607e+01,-1.148302108049392700e-03
1.019999999999999929e+01,2.113857306540012360e-02
1.023333333333333250e+01,3.794879838824272156e-02
1.026666666666666572e+01,2.063567936420440674e-02
1.030000000000000071e+01,7.935867644846439362e-03
1.033333333333333393e+01,2.818892337381839752e-02
1.036666666666666714e+01,4.094166308641433716e-02
1.040000000000000036e+01,1.622420921921730042e-02
1.043333333333333357e+01,-3.629824379459023476e-03
1.046666666666666679e+01,8.838946931064128876e-03
1.050000000000000000e+01,1.556009240448474884e-02
1.053333333333333321e+01,-8.588651195168495178e-03
1.056666666666666643e+01,-2.219455502927303314e-02
1.059999999999999964e+01,5.177978891879320145e-04
1.063333333333333286e+01,1.836878433823585510e-02
1.066666666666666607e+01,3.371831728145480156e-03
1.069999999999999929e+01,-5.895609501749277115e-03
1.073333333333333250e+01,1.769966073334217072e-02
1.076666666666666572e+01,3.525251522660255432e-02
1.080000000000000071e+01,1.663324795663356781e-02
1.083333333333333393e+01,1.383674971293658018e-04
1.086666666666666714e+01,-2.350991778075695038e-02
1.090000000000000036e+01,-4.584077745676040649e-02
1.093333333333333357e+01,-3.491783887147903442e-02
1.096666666666666679e+01,-2.236958779394626617e-02
1.100000000000000000e+01,-1.022560428828001022e-02
1.103333333333333321e+01,-3.695831168442964554e-03
1.106666666666666643e+01,1.170363370329141617e-02
1.109999999999999964e+01,2.377889491617679596e-02
1.113333333333333286e+01,1.458407752215862274e-02
1.116666666666666607e+01,2.936582779511809349e-03
1.119999999999999929e+01,1.327182538807392120e-02
1.123333333333333250e+01,1.835209876298904419e-02
1.126666666666666572e+01,1.823877682909369469e-03
1.130000000000000071e+01,-9.137504966929554939e-04
1.133333333333333393e+01,3.135775402188301086e-02
1.136666666666666714e+01,6.098280102014541626e-02
1.140000000000000036e+01,5.607036128640174866e-02
1.143333333333333357e+01,1.594168879091739655e-02
1.146666666666666679e+01,-1.970430463552474976e-02
1.150000000000000000e+01,-2.208958193659782410e-02
1.153333333333333321e+01,7.520511746406555176e-03
1.156666666666666643e+01,3.036969713866710663e-02
1.159999999999999964e+01,1.596395112574100494e-02
1.163333333333333286e+01,-3.040260635316371918e-02
1.166666666666666607e+01,-6.881355494260787964e-02
1.169999999999999929e+01,-7.020195573568344116e-02
1.173333333333333250e+01,-3.467345610260963440e-02
1.176666666666666572e+01,-4.267023410648107529e-03
1.180000000000000071e+01,-4.590688273310661316e-03
1.183333333333333393e+01,-5.299336742609739304e-03
1.186666666666666714e+01,2.130672708153724670e-02
1.190000000000000036e+01,4.155038669705390930e-02
1.193333333333333357e+01,2.499287016689777374e-02
1.196666666666666679e+01,1.294500380754470825e-02
1.200000000000000000e+01,3.301435708999633789e-02
1.203333333333333321e+01,4.623426869511604309e-02
1.206666666666666643e+01,2.311554923653602600e-02
1.209999999999999964e+01,-3.844857960939407349e-02
1.213333333333333286e+01,-9.695766121149063110e-02
1.216666666666666607e+01,-1.195819079875946045e-01
1.219999999999999929e+01,-1.093321442604064941e-01
1.223333333333333250e+01,-6.774237006902694702e-02
1.226666666666666572e+01,-3.068543225526809692e-02
1.230000000000000071e+01,-2.577467821538448334e-02
1.233333333333333393e+01,-1.239578332751989365e-02
1.236666666666666714e+01,-4.402740887599065900e-05
1.240000000000000036e+01,1.929324120283126831e-02
1.243333333333333357e+01,3.569004684686660767e-02
1.246666666666666679e+01,5.569002404808998108e-02
1.250000000000000000e+01,7.028580456972122192e-02
1.253333333333333321e+01,5.957116559147834778e-02
1.256666666666666643e+01,6.064775958657264709e-02
1.259999999999999964e+01,9.520022571086883545e-02
1.263333333333333286e+01,1.244283318519592285e-01
1.266666666666666607e+01,1.170400306582450867e-01
1.269999999999999929e+01,7.473339140415191650e-02
1.273333333333333250e+01,3.570612519979476929e-02
1.276666666666666572e+01,3.213103115558624268e-02
1.280000000000000071e+01,2.257778681814670563e-02
1.283333333333333393e+01,1.766579970717430115e-02
1.286666666666666714e+01,1.139433402568101883e-02
1.290000000000000036e+01,8.281750604510307312e-03
1.293333333333333357e+01,-2.725547645241022110e-03
1.296666666666666679e+01,-1.272532995790243149e-02
1.300000000000000000e+01,-2.947485074400901794e-02
1.303333333333333321e+01,-8.365727216005325317e-02
1.306666666666666643e+01,-1.331604421138763428e-01
1.309999999999999964e+01,-1.465560644865036011e-01
1.313333333333333286e+01,-1.284578889608383179e-01
1.316666666666666607e+01,-7.644190639257431030e-02
1.319999999999999929e+01,-2.944608777761459351e-02
1.323333333333333250e+01,-1.934329606592655182e-02
1.326666666666666572e+01,-9.856377728283405304e-03
1.329999999999999893e+01,3.054093196988105774e-02
1.333333333333333393e+01,6.327718496322631836e-02
1.336666666666666714e+01,6.241645663976669312e-02
1.340000000000000036e+01,5.903409048914909363e-02
1.343333333333333357e+01,5.377864837646484375e-02
1.346666666666666679e+01,6.182468682527542114e-02
1.350000000000000000e+01,6.824170053005218506e-02
1.353333333333333321e+01,3.991448134183883667e-02
1.356666666666666643e+01,1.511246990412473679e-02
1.359999999999999964e+01,2.440660633146762848e-02
1.363333333333333286e+01,3.044828400015830994e-02
1.366666666666666607e+01,2.109000226482748985e-03
1.369999999999999929e+01,-2.113929763436317444e-02
1.373333333333333250e+01,-8.252833969891071320e-03
1.376666666666666572e+01,2.734162844717502594e-03
1.379999999999999893e+01,-2.175412699580192566e-02
1.383333333333333393e+01,-4.243467375636100769e-02
1.386666666666666714e+01,-2.960002236068248749e-02
1.390000000000000036e+01,-2.241414785385131836e-02
1.393333333333333357e+01,-5.256132781505584717e-02
1.396666666666666679e+01,-7.971830666065216064e-02
1.400000000000000000e+01,-7.342685759067535400e-02
1.403333333333333321e+01,-3.558476641774177551e-02
1.406666666666666643e+01,-1.427391543984413147e-03
1.409999999999999964e+01,-2.060436876490712166e-03
1.413333333333333286e+01,-5.201468593440949917e-04
1.416666666666666607e+01,3.487591072916984558e-02
1.419999999999999929e+01,6.443382054567337036e-02
1.423333333333333250e+01,5.752062425017356873e-02
1.426666666666666572e+01,1.489187311381101608e-02
1.429999999999999893e+01,-2.248805575072765350e-02
1.433333333333333393e+01,-2.667542546987533569e-02
1.436666666666666714e+01,1.283253892324864864e-03
1.440000000000000036e+01,2.460972964763641357e-02
1.443333333333333357e+01,1.409427449107170105e-02
1.446666666666666679e+01,8.905731141567230225e-03
1.450000000000000000e+01,3.162769973278045654e-02
1.453333333333333321e+01,4.650919884443283081e-02
1.456666666666666643e+01,3.022730164229869843e-02
1.459999999999999964e+01,1.838544197380542755e-02
1.463333333333333286e+01,4.316605255007743835e-02
1.466666666666666607e+01,6.493266671895980835e-02
1.469999999999999929e+01,5.212859809398651123e-02
1.473333333333333250e+01,5.630199331790208817e-03
1.476666666666666572e+01,-3.621866181492805481e-02
1.479999999999999893e+01,-4.596126824617385864e-02
1.483333333333333393e+01,-2.402612566947937012e-02
1.486666666666666714e+01,-7.854239083826541901e-03
1.490000000000000036e+01,-3.032654710114002228e-02
1.493333333333333357e+01,-5.501244589686393738e-02
1.496666666666666679e+01,-4.748091101646423340e-02
1.500000000000000000e+01,-4.423067718744277954e-02
1.503333333333333321e+01,-3.866545855998992920e-02
1.506666666666666643e+01,4.755018278956413269e-03
1.509999999999999964e+01,4.943707957863807678e-02
1.513333333333333286e+01,6.243617832660675049e-02
1.516666666666666607e+01,4.141159355640411377e-02
1.519999999999999929e+01,2.564507909119129181e-02
1.523333333333333250e+01,4.389842599630355835e-02
1.526666666666666572e+01,6.070559099316596985e-02
1.529999999999999893e+01,4.640008509159088135e-02
1.533333333333333393e+01,3.802068904042243958e-02
1.536666666666666714e+01,2.802765369415283203e-02
1.540000000000000036e+01,-1.443822402507066727e-02
1.543333333333333357e+01,-5.120898783206939697e-02
1.546666666666666679e+01,-5.279890447854995728e-02
1.550000000000000000e+01,-4.211700707674026489e-02
1.553333333333333321e+01,-5.368292704224586487e-02
1.556666666666666643e+01,-6.014827266335487366e-02
1.559999999999999964e+01,-3.131185099482536316e-02
1.563333333333333286e+01,-8.124733343720436096e-03
1.566666666666666607e+01,-2.225549519062042236e-02
1.569999999999999929e+01,-3.181917220354080200e-02
1.573333333333333250e+01,-6.469817366451025009e-03
1.576666666666666572e+01,1.618345826864242554e-02
1.579999999999999893e+01,5.120547488331794739e-03
1.583333333333333393e+01,-1.924738520756363869e-03
1.586666666666666714e+01,2.562979981303215027e-02
1.590000000000000036e+01,4.942467063665390015e-02
1.593333333333333357e+01,3.720032423734664917e-02
1.596666666666666679e+01,1.021391712129116058e-02
1.600000000000000000e+01,1.254420843906700611e-03
1.603333333333333144e+01,-1.807958446443080902e-02
1.606666666666666643e+01,-3.606556728482246399e-02
1.610000000000000142e+01,-1.876704581081867218e-02
1.613333333333333286e+01,-6.493760738521814346e-03
1.616666666666666785e+01,-3.056335076689720154e-02
1.619999999999999929e+01,-4.858827963471412659e-02
1.623333333333333428e+01,-3.221927583217620850e-02
1.626666666666666572e+01,-1.538604730740189552e-03
1.630000000000000071e+01,9.352212771773338318e-03
1.633333333333333215e+01,-1.660935580730438232e-02
1.636666666666666714e+01,-3.866939246654510498e-02
1.639999999999999858e+01,-2.887153252959251404e-02
1.643333333333333357e+01,1.357351988554000854e-02
1.646666666666666501e+01,5.109146237373352051e-02
1.650000000000000000e+01,5.330799892544746399e-02
1.653333333333333144e+01,2.029188722372055054e-02
1.656666666666666643e+01,-6.769462022930383682e-03
1.660000000000000142e+01,3.829798428341746330e-03
1.663333333333333286e+01,1.366804353892803192e-02
1.666666666666666785e+01,-9.850162081420421600e-03
1.669999999999999929e+01,-3.099716641008853912e-02
1.673333333333333428e+01,-1.782041043043136597e-02
1.676666666666666572e+01,-9.962235577404499054e-03
1.680000000000000071e+01,-3.248840942978858948e-02
1.683333333333333215e+01,-4.595376178622245789e-02
1.686666666666666714e+01,-2.421392127871513367e-02
1.689999999999999858e+01,-6.723432801663875580e-03
1.693333333333333357e+01,-2.273257263004779816e-02
1.696666666666666501e+01,-3.270214423537254333e-02
1.700000000000000000e+01,-5.252792034298181534e-03
1.703333333333333144e+01,1.946847140789031982e-02
1.706666666666666643e+01,7.143090944737195969e-03
1.710000000000000142e+01,-2.942028222605586052e-03
1.713333333333333286e+01,-1.607722416520118713e-02
1.716666666666666785e+01,-2.268346212804317474e-02
1.719999999999999929e+01,6.963144056499004364e-03
1.723333333333333428e+01,3.250081092119216919e-02
1.726666666666666572e+01,2.417694963514804840e-02
1.730000000000000071e+01,-1.770926080644130707e-02
1.733333333333333215e+01,-5.414159223437309265e-02
1.736666666666666714e+01,-5.037922039628028870e-02
1.739999999999999858e+01,-1.031846832484006882e-02
1.743333333333333357e+01,2.211932651698589325e-02
1.746666666666666501e+01,2.064232528209686279e-02
1.750000000000000000e+01,2.293560840189456940e-02
1.753333333333333144e+01,2.105568721890449524e-02
1.756666666666666643e+01,2.641833759844303131e-02
1.760000000000000142e+01,3.114512376487255096e-02
1.763333333333333286e+01,1.888433871499728411e-05
1.766666666666666785e+01,-3.922532126307487488e-02
1.769999999999999929e+01,-4.741474613547325134e-02
1.773333333333333428e+01,-1.935017108917236328e-02
1.776666666666666572e+01,9.736563079059123993e-04
1.780000000000000071e+01,-1.444786228239536285e-02
1.783333333333333215e+01,-2.394738979637622833e-02
1.786666666666666714e+01,1.901557552628219128e-03
1.789999999999999858e+01,3.523936495184898376e-02
1.793333333333333357e+01,4.106801375746726990e-02
1.796666666666666501e+01,4.968244582414627075e-02
1.800000000000000000e+01,5.479807406663894653e-02
1.803333333333333144e+01,2.708359062671661377e-02
1.806666666666666643e+01,2.244391711428761482e-03
1.810000000000000142e+01,1.327032502740621567e-02
1.813333333333333286e+01,2.577536739408969879e-02
1.816666666666666785e+01,3.562917560338973999e-02
1.819999999999999929e+01,3.230716660618782043e-02
1.823333333333333428e+01,1.289905980229377747e-02
1.826666666666666572e+01,1.308094151318073273e-02
1.830000000000000071e+01,4.563443362712860107e-02
1.833333333333333215e+01,6.921198964118957520e-02
1.836666666666666714e+01,5.850360915064811707e-02
1.839999999999999858e+01,1.541400607675313950e-02
1.843333333333333357e+01,-2.070196531713008881e-02
1.846666666666666501e+01,-1.662197895348072052e-02
1.850000000000000000e+01,2.650161623023450375e-04
1.853333333333333144e+01,2.575581334531307220e-02
1.856666666666666643e+01,4.091480746865272522e-02
1.860000000000000142e+01,2.455336228013038635e-02
1.863333333333333286e+01,-2.730751596391201019e-02
1.866666666666666785e+01,-7.730882614850997925e-02
1.869999999999999929e+01,-9.362443536520004272e-02
1.873333333333333428e+01,-7.351563125848770142e-02
1.876666666666666572e+01,-1.662367209792137146e-02
1.880000000000000071e+01,3.805414587259292603e-02
1.883333333333333215e+01,6.028417497873306274e-02
1.886666666666666714e+01,4.856470227241516113e-02
1.889999999999999858e+01,3.922598809003829956e-02
1.893333333333333357e+01,2.394342981278896332e-02
1.896666666666666501e+01,-3.573898226022720337e-03
1.900000000000000000e+01,-7.578363176435232162e-03
1.903333333333333144e+01,-9.806551039218902588e-03
1.906666666666666643e+01,-2.836273983120918274e-03
1.910000000000000142e+01,6.446604966185986996e-04
1.913333333333333286e+01,-3.142772614955902100e-02
1.916666666666666785e+01,-5.906534567475318909e-02
1.919999999999999929e+01,-5.085637420415878296e-02
1.923333333333333428e+01,-4.909216240048408508e-02
1.926666666666666572e+01,-4.536626487970352173e-02
1.930000000000000071e+01,-6.674843840301036835e-03
1.933333333333333215e+01,2.807963453233242035e-02
1.936666666666666714e+01,2.856352739036083221e-02
1.939999999999999858e+01,3.431505337357521057e-02
1.943333333333333357e+01,4.015890136361122131e-02
1.946666666666666501e+01,1.077991351485252380e-02
1.950000000000000000e+01,-1.737951114773750305e-02
1.953333333333333144e+01,-1.155313011258840561e-02
1.956666666666666643e+01,2.573181316256523132e-02
1.960000000000000142e+01,5.710059404373168945e-02
1.963333333333333286e+01,5.224559828639030457e-02
1.966666666666666785e+01,1.053145341575145721e-02
1.969999999999999929e+01,-2.753688767552375793e-02
1.973333333333333428e+01,-3.128514066338539124e-02
1.976666666666666572e+01,-3.754035755991935730e-02
1.980000000000000071e+01,-3.504359349608421326e-02
1.983333333333333215e+01,5.600023083388805389e-03
1.986666666666666714e+01,4.177878051996231079e-02
1.989999999999999858e+01,4.013906046748161316e-02
1.993333333333333357e+01,1.323683420196175575e-03
1.996666666666666501e+01,-3.466062620282173157e-02
2.000000000000000000e+01,-3.441286832094192505e-02
2.003333333333333144e+01,-9.102350450120866299e-04
2.006666666666666643e+01,2.669269219040870667e-02
2.010000000000000142e+01,1.624033413827419281e-02
2.013333333333333286e+01,-3.899756586179137230e-03
2.016666666666666785e+01,-1.199726853519678116e-02
2.019999999999999929e+01,3.946443554013967514e-03
2.023333333333333428e+01,1.470268331468105316e-02
2.026666666666666572e+01,-7.660556584596633911e-03
2.030000000000000071e+01,-2.389566972851753235e-02
2.033333333333333215e+01,-3.753395052626729012e-03
2.036666666666666714e+01,1.225548703223466873e-02
2.039999999999999858e+01,-5.361444316804409027e-03
2.043333333333333357e+01,-1.767550036311149597e-02
2.046666666666666501e+01,-3.201383352279663086e-02
2.050000000000000000e+01,-3.995609283447265625e-02
2.053333333333333144e+01,-1.453243009746074677e-02
2.056666666666666643e+01,3.790090791881084442e-03
2.060000000000000142e+01,-1.401455048471689224e-02
2.063333333333333286e+01,-2.729260921478271484e-02
2.066666666666666785e+01,-3.950883634388446808e-03
2.069999999999999929e+01,1.713503710925579071e-02
2.073333333333333428e+01,4.860937129706144333e-03
2.076666666666666572e+01,-2.588412025943398476e-03
2.080000000000000071e+01,2.675736695528030396e-02
2.083333333333333215e+01,5.137914791703224182e-02
2.086666666666666714e+01,3.850371018052101135e-02
2.089999999999999858e+01,-6.200160365551710129e-03
2.093333333333333357e+01,-4.389913380146026611e-02
2.096666666666666501e+01,-5.244378745555877686e-02
2.100000000000000000e+01,-2.810967713594436646e-02
2.103333333333333144e+01,-6.638365332037210464e-03
2.106666666666666643e+01,-2.217599563300609589e-02
2.110000000000000142e+01,-3.510554134845733643e-02
2.113333333333333286e+01,-9.054833091795444489e-03
2.116666666666666785e+01,2.659552730619907379e-02
2.119999999999999929e+01,3.533247113227844238e-02
2.123333333333333428e+01,1.095817890018224716e-02
2.126666666666666572e+01,-7.880140095949172974e-03
2.130000000000000071e+01,8.941741660237312317e-03
2.133333333333333215e+01,4.331102967262268066e-02
2.136666666666666714e+01,6.007124111056327820e-02
2.139999999999999858e+01,3.969769552350044250e-02
2.143333333333333357e+01,2.002206444740295410e-02
2.146666666666666501e+01,3.206089138984680176e-02
2.150000000000000000e+01,3.646656870841979980e-02
2.153333333333333144e+01,1.764166168868541718e-02
2.156666666666666643e+01,1.570815593004226685e-02
2.160000000000000142e+01,1.455265283584594727e-02
2.163333333333333286e+01,-1.801120676100254059e-02
2.166666666666666785e+01,-4.672044888138771057e-02
2.169999999999999929e+01,-3.840621933341026306e-02
2.173333333333333428e+01,6.369430106133222580e-03
2.176666666666666572e+01,4.642776772379875183e-02
2.180000000000000071e+01,5.030957609415054321e-02
2.183333333333333215e+01,2.010231837630271912e-02
2.186666666666666714e+01,-6.392252631485462189e-03
2.189999999999999858e+01,2.509510610252618790e-03
2.193333333333333357e+01,4.717348143458366394e-02
2.196666666666666501e+01,8.873081207275390625e-02
2.200000000000000000e+01,9.664824604988098145e-02
2.203333333333333144e+01,6.809829920530319214e-02
2.206666666666666643e+01,2.504518721252679825e-03
2.210000000000000142e+01,-5.896715447306632996e-02
2.213333333333333286e+01,-8.481349050998687744e-02
2.216666666666666785e+01,-7.541466504335403442e-02
2.219999999999999929e+01,-6.759238243103027344e-02
2.223333333333333428e+01,-5.904344096779823303e-02
2.226666666666666572e+01,-5.841958522796630859e-02
2.230000000000000071e+01,-5.148536339402198792e-02
2.233333333333333215e+01,-2.118887566030025482e-02
2.236666666666666714e+01,-5.255096592009067535e-03
2.239999999999999858e+01,-1.816878467798233032e-02
2.243333333333333357e+01,-2.013035863637924194e-02
2.246666666666666501e+01,1.664415374398231506e-02
2.250000000000000000e+01,5.020613223314285278e-02
2.253333333333333144e+01,4.881764948368072510e-02
2.256666666666666643e+01,9.850163944065570831e-03
2.260000000000000142e+01,-2.834636345505714417e-02
2.263333333333333286e+01,-3.442339226603507996e-02
2.266666666666666785e+01,-6.709413137286901474e-03
2.269999999999999929e+01,1.551422942429780960e-02
2.273333333333333428e+01,4.907784517854452133e-03
2.276666666666666572e+01,-4.038099199533462524e-02
2.280000000000000071e+01,-8.524408936500549316e-02
2.283333333333333215e+01,-9.556670486927032471e-02
2.286666666666666714e+01,-7.252741605043411255e-02
2.289999999999999858e+01,-1.618569530546665192e-02
2.293333333333333357e+01,3.722415864467620850e-02
2.296666666666666501e+01,5.645776540040969849e-02
2.300000000000000000e+01,3.847730532288551331e-02
2.303333333333333144e+01,2.272045426070690155e-02
2.306666666666666643e+01,4.204993695020675659e-02
2.310000000000000142e+01,5.572991445660591125e-02
2.313333333333333286e+01,3.392907604575157166e-02
2.316666666666666785e+01,-2.196681313216686249e-02
2.319999999999999929e+01,-6.956274062395095825e-02
2.323333333333333428e+01,-7.828093320131301880e-02
2.326666666666666572e+01,-4.868020862340927124e-02
2.330000000000000071e+01,-1.944673433899879456e-02
2.333333333333333215e+01,-2.593600936233997345e-02
2.336666666666666714e+01,-3.960233181715011597e-02
2.339999999999999858e+01,-2.640292420983314514e-02
2.343333333333333357e+01,2.269485034048557281e-02
2.346666666666666501e+01,6.664118170738220215e-02
2.350000000000000000e+01,7.653985172510147095e-02
2.353333333333333144e+01,5.261332169175148010e-02
2.356666666666666643e+01,3.343692421913146973e-02
2.360000000000000142e+01,5.057071894407272339e-02
2.363333333333333286e+01,6.381196528673171997e-02
2.366666666666666785e+01,4.174664244055747986e-02
2.369999999999999929e+01,2.526837587356567383e-02
2.373333333333333428e+01,6.865294650197029114e-03
2.376666666666666572e+01,-3.282426390796899796e-03
2.380000000000000071e+01,2.484328486025333405e-02
2.383333333333333215e+01,5.037671700119972229e-02
2.386666666666666714e+01,4.046967253088951111e-02
2.389999999999999858e+01,-2.490269718691706657e-03
2.393333333333333357e+01,-4.963855072855949402e-02
2.396666666666666501e+01,-7.015689462423324585e-02
2.400000000000000000e+01,-5.711764097213745117e-02
2.403333333333333144e+01,-5.122284218668937683e-02
2.406666666666666643e+01,-8.503220975399017334e-02
2.410000000000000142e+01,-1.180036962032318115e-01
2.413333333333333286e+01,-1.204638481140136719e-01
2.416666666666666785e+01,-9.170503914356231689e-02
2.419999999999999929e+01,-3.121083974838256836e-02
2.423333333333333428e+01,2.281491272151470184e-02
2.426666666666666572e+01,4.026224464178085327e-02
2.430000000000000071e+01,5.839943140745162964e-02
2.433333333333333215e+01,7.193896919488906860e-02
2.436666666666666714e+01,5.185221880674362183e-02
2.439999999999999858e+01,3.730848059058189392e-02
2.443333333333333357e+01,5.865225568413734436e-02
2.446666666666666501e+01,7.677854597568511963e-02
2.450000000000000000e+01,1.006816253066062927e-01
2.453333333333333144e+01,1.210578605532646179e-01
2.456666666666666643e+01,1.066887825727462769e-01
2.460000000000000142e+01,5.669681355357170105e-02
2.463333333333333286e+01,9.703637100756168365e-03
2.466666666666666785e+01,-3.232041141018271446e-03
2.469999999999999929e+01,-1.950266398489475250e-02
2.473333333333333428e+01,-2.959065511822700500e-02
2.476666666666666572e+01,-1.249794382601976395e-02
2.480000000000000071e+01,3.259371966123580933e-02
2.483333333333333215e+01,7.566168159246444702e-02
2.486666666666666714e+01,8.685772120952606201e-02
2.489999999999999858e+01,6.259382516145706177e-02
2.493333333333333357e+01,2.968565560877323151e-03
2.496666666666666501e+01,-5.403833091259002686e-02
2.500000000000000000e+01,-7.691723853349685669e-02
2.503333333333333144e+01,-6.330133974552154541e-02
2.506666666666666643e+01,-5.273911729454994202e-02
2.510000000000000142e+01,-7.388517260551452637e-02
2.513333333333333286e+01,-8.734706044197082520e-02
2.516666666666666785e+01,-6.685134768486022949e-02
2.519999999999999929e+01,-5.238051339983940125e-02
2.523333333333333428e+01,-3.124433755874633789e-02
2.526666666666666572e+01,-9.009094792418181896e-04
2.530000000000000071e+01,4.598376806825399399e-03
2.533333333333333215e+01,-2.351883985102176666e-02
2.536666666666666714e+01,-4.860480502247810364e-02
2.539999999999999858e+01,-3.945515304803848267e-02
2.543333333333333357e+01,-8.143646991811692715e-04
2.546666666666666501e+01,2.912650443613529205e-02
2.550000000000000000e+01,2.764341421425342560e-02
2.553333333333333144e+01,3.593866154551506042e-02
2.556666666666666643e+01,4.137057065963745117e-02
2.560000000000000142e+01,4.735003411769866943e-02
2.563333333333333286e+01,4.417651891708374023e-02
2.566666666666666785e+01,4.519943613559007645e-03
2.569999999999999929e+01,-3.154979646205902100e-02
2.573333333333333428e+01,-3.310242295265197754e-02
2.576666666666666572e+01,1.642514835111796856e-04
2.580000000000000071e+01,2.908586151897907257e-02
2.583333333333333215e+01,2.328141219913959503e-02
2.586666666666666714e+01,2.416973374783992767e-02
2.589999999999999858e+01,2.310054004192352295e-02
2.593333333333333357e+01,-1.120362896472215652e-02
2.596666666666666501e+01,-4.123721644282341003e-02
2.600000000000000000e+01,-3.715187311172485352e-02
2.603333333333333144e+01,8.113108924590051174e-04
2.606666666666666643e+01,3.568514063954353333e-02
2.609999999999999787e+01,3.370742872357368469e-02
2.613333333333333286e+01,-3.784587141126394272e-03
2.616666666666666785e+01,-3.708866611123085022e-02
2.619999999999999929e+01,-3.720514103770256042e-02
2.623333333333333428e+01,-2.218415960669517517e-03
2.626666666666666572e+01,3.082133457064628601e-02
2.630000000000000071e+01,3.239329159259796143e-02
2.633333333333333215e+01,-2.575218444690108299e-03
2.636666666666666714e+01,-3.667973354458808899e-02
2.639999999999999858e+01,-3.764786943793296814e-02
2.643333333333333357e+01,-3.136110724881291389e-03
2.646666666666666501e+01,3.023598715662956238e-02
2.650000000000000000e+01,3.010809607803821564e-02
2.653333333333333144e+01,-4.284727852791547775e-03
2.656666666666666643e+01,-3.537993878126144409e-02
2.659999999999999787e+01,-3.003448620438575745e-02
2.663333333333333286e+01,1.407398469746112823e-02
2.666666666666666785e+01,5.546526238322257996e-02
2.669999999999999929e+01,6.307151168584823608e-02
2.673333333333333428e+01,3.764943778514862061e-02
2.676666666666666572e+01,1.359396800398826599e-02
2.680000000000000071e+01,2.091250009834766388e-02
2.683333333333333215e+01,3.911364078521728516e-02
2.686666666666666714e+01,3.681782633066177368e-02
2.689999999999999858e+01,4.501357325352728367e-04
2.693333333333333357e+01,-3.038804605603218079e-02
2.696666666666666501e+01,-2.660007216036319733e-02
2.700000000000000000e+01,-2.733247540891170502e-02
2.703333333333333144e+01,-2.757086046040058136e-02
2.706666666666666643e+01,9.126235963776707649e-04
2.709999999999999787e+01,2.425431646406650543e-02
2.713333333333333286e+01,1.353705674409866333e-02
2.716666666666666785e+01,8.735280483961105347e-03
2.719999999999999929e+01,3.571762004867196083e-03
2.723333333333333428e+01,-3.181967884302139282e-02
2.726666666666666572e+01,-5.831849202513694763e-02
2.730000000000000071e+01,-4.977972060441970825e-02
2.733333333333333215e+01,-1.361241750419139862e-02
2.736666666666666714e+01,1.391639560461044312e-02
2.739999999999999858e+01,5.582094658166170120e-03
2.743333333333333357e+01,-1.968640275299549103e-02
2.746666666666666501e+01,-2.937516756355762482e-02
2.750000000000000000e+01,-6.679205689579248428e-03
2.753333333333333144e+01,9.886448271572589874e-03
2.756666666666666643e+01,-1.121091190725564957e-02
2.759999999999999787e+01,-2.969160489737987518e-02
2.763333333333333286e+01,-1.493404153734445572e-02
2.766666666666666785e+01,-3.843573620542883873e-03
2.769999999999999929e+01,4.794034175574779510e-03
2.773333333333333428e+01,4.039653390645980835e-02
2.776666666666666572e+01,7.318352907896041870e-02
2.780000000000000071e+01,7.153628021478652954e-02
2.783333333333333215e+01,3.358485922217369080e-02
2.786666666666666714e+01,-1.938999071717262268e-02
2.789999999999999858e+01,-5.074075236916542053e-02
2.793333333333333357e+01,-4.474966228008270264e-02
2.796666666666666501e+01,-2.757269516587257385e-02
2.800000000000000000e+01,-3.213495761156082153e-02
2.803333333333333144e+01,-6.803384423255920410e-02
2.806666666666666643e+01,-9.630778431892395020e-02
2.809999999999999787e+01,-8.753337711095809937e-02
2.813333333333333286e+01,-4.126937314867973328e-02
2.816666666666666785e+01,3.444336354732513428e-03
2.819999999999999929e+01,1.576025597751140594e-02
2.823333333333333428e+01,3.430832922458648682e-02
2.826666666666666572e+01,5.104178562760353088e-02
2.830000000000000071e+01,3.101806901395320892e-02
2.833333333333333215e+01,1.479808334261178970e-02
2.836666666666666714e+01,3.690014034509658813e-02
2.839999999999999858e+01,5.660678818821907043e-02
2.843333333333333357e+01,4.089100286364555359e-02
2.846666666666666501e+01,3.125305473804473877e-02
2.850000000000000000e+01,5.778440088033676147e-02
2.853333333333333144e+01,8.113445341587066650e-02
2.856666666666666643e+01,7.121913880109786987e-02
2.859999999999999787e+01,2.681997604668140411e-02
2.863333333333333286e+01,-1.575109362602233887e-02
2.866666666666666785e+01,-2.168369852006435394e-02
2.869999999999999929e+01,-5.535120144486427307e-03
2.873333333333333428e+01,-7.174483966082334518e-03
2.876666666666666572e+01,-4.265579581260681152e-02
2.880000000000000071e+01,-7.101236283779144287e-02
2.883333333333333215e+01,-6.463631242513656616e-02
2.886666666666666714e+01,-2.168831042945384979e-02
2.889999999999999858e+01,1.767821237444877625e-02
2.893333333333333357e+01,2.363130263984203339e-02
2.896666666666666501e+01,-5.382591392844915390e-03
2.900000000000000000e+01,-3.311125934123992920e-02
2.903333333333333144e+01,-2.637975849211215973e-02
2.906666666666666643e+01,3.913382068276405334e-03
2.909999999999999787e+01,2.041714452207088470e-02
2.913333333333333286e+01,1.063338015228509903e-03
2.916666666666666785e+01,-1.467524096369743347e-02
2.919999999999999929e+01,4.254930652678012848e-03
2.923333333333333428e+01,2.069463953375816345e-02
2.926666666666666572e+01,2.581465290859341621e-03
2.930000000000000071e+01,-1.135066524147987366e-02
2.933333333333333215e+01,9.747764095664024353e-03
2.936666666666666714e+01,2.744576707482337952e-02
2.939999999999999858e+01,8.950366638600826263e-03
2.943333333333333357e+01,-6.374253891408443451e-03
2.946666666666666501e+01,1.231345348060131073e-02
2.950000000000000000e+01,2.649610117077827454e-02
2.953333333333333144e+01,3.785487636923789978e-02
2.956666666666666643e+01,4.015883058309555054e-02
2.959999999999999787e+01,6.798085290938615799e-03
2.963333333333333286e+01,-2.786691114306449890e-02
2.966666666666666785e+01,-2.819225378334522247e-02
2.969999999999999929e+01,1.128350384533405304e-02
2.973333333333333428e+01,4.700465872883796692e-02
2.976666666666666572e+01,4.650609195232391357e-02
2.980000000000000071e+01,1.370801217854022980e-02
2.983333333333333215e+01,-1.309583708643913269e-02
2.986666666666666714e+01,-3.728747367858886719e-03
2.989999999999999858e+01,2.796121174469590187e-03
2.993333333333333357e+01,-2.597744762897491455e-02
2.996666666666666501e+01,-5.554272606968879700e-02
3.000000000000000000e+01,-5.177057161927223206e-02
3.003333333333333144e+01,-7.520814426243305206e-03
3.006666666666666643e+01,3.036645613610744476e-02
3.009999999999999787e+01,2.517673000693321228e-02
3.013333333333333286e+01,-1.411404460668563843e-02
3.016666666666666785e+01,-4.772866144776344299e-02
3.019999999999999929e+01,-4.812747985124588013e-02
3.023333333333333428e+01,-1.261003594845533371e-02
3.026666666666666572e+01,1.993374340236186981e-02
3.030000000000000071e+01,1.982062496244907379e-02
3.033333333333333215e+01,-6.185863167047500610e-03
3.036666666666666714e+01,-2.415578626096248627e-02
3.039999999999999858e+01,-1.320678740739822388e-02
3.043333333333333357e+01,1.956374756991863251e-02
3.046666666666666501e+01,4.088109359145164490e-02
3.050000000000000000e+01,2.567904815077781677e-02
3.053333333333333144e+01,-6.395743228495121002e-03
3.056666666666666643e+01,-1.695778593420982361e-02
3.059999999999999787e+01,1.241228543221950531e-02
3.063333333333333286e+01,3.917145729064941406e-02
3.066666666666666785e+01,3.040297143161296844e-02
3.069999999999999929e+01,2.464494667947292328e-02
3.073333333333333428e+01,5.290008708834648132e-02
3.076666666666666572e+01,7.626778632402420044e-02
3.080000000000000071e+01,6.627325713634490967e-02
3.083333333333333215e+01,2.293380536139011383e-02
3.086666666666666714e+01,-1.616601832211017609e-02
3.089999999999999858e+01,-1.886949315667152405e-02
3.093333333333333357e+01,-2.192576415836811066e-02
3.096666666666666501e+01,-3.690674901008605957e-02
3.100000000000000000e+01,-3.220090270042419434e-02
3.103333333333333144e+01,-2.972934953868389130e-02
3.106666666666666643e+01,-6.196251139044761658e-02
3.109999999999999787e+01,-9.227114170789718628e-02
3.113333333333333286e+01,-8.878577500581741333e-02
3.116666666666666785e+01,-5.163346976041793823e-02
3.119999999999999929e+01,-1.858361624181270599e-02
3.123333333333333428e+01,-2.003830485045909882e-02
3.126666666666666572e+01,-1.663485914468765259e-02
3.130000000000000071e+01,2.225135453045368195e-02
3.133333333333333215e+01,5.758029222488403320e-02
3.136666666666666714e+01,5.659744143486022949e-02
3.139999999999999858e+01,5.591417849063873291e-02
3.143333333333333357e+01,4.908028990030288696e-02
3.146666666666666501e+01,2.265417203307151794e-02
3.150000000000000000e+01,1.217990554869174957e-02
3.153333333333333144e+01,-1.339857117272913456e-03
3.156666666666666643e+01,-4.082816839218139648e-02
3.159999999999999787e+01,-7.264036685228347778e-02
3.163333333333333286e+01,-7.340785115957260132e-02
3.166666666666666785e+01,-7.702364027500152588e-02
3.169999999999999929e+01,-7.241242378950119019e-02
3.173333333333333428e+01,-3.289961814880371094e-02
3.176666666666666572e+01,2.431836677715182304e-03
3.180000000000000071e+01,5.050440784543752670e-03
3.183333333333333215e+01,1.147490646690130234e-02
3.186666666666666714e+01,5.099533498287200928e-02
3.189999999999999858e+01,8.653370290994644165e-02
3.193333333333333357e+01,8.581986278295516968e-02
3.196666666666666501e+01,5.102235823869705200e-02
