0.000000000000000000e+00,-1.170362234115600586e+00
3.333333333333333287e-02,-2.194574356079101562e+00
6.666666666666666574e-02,-1.119225502014160156e+00
1.000000000000000056e-01,-1.420702338218688965e-01
1.333333333333333315e-01,8.905878663063049316e-01
1.666666666666666574e-01,1.927359104156494141e+00
2.000000000000000111e-01,6.517707109451293945e-01
2.333333333333333370e-01,-4.879864156246185303e-01
2.666666666666666630e-01,6.106706857681274414e-01
2.999999999999999889e-01,1.574793934822082520e+00
3.333333333333333148e-01,5.020217895507812500e-01
3.666666666666666408e-01,-5.179241299629211426e-01
4.000000000000000222e-01,7.043513655662536621e-01
4.333333333333333481e-01,-4.012937843799591064e-02
4.666666666666666741e-01,-1.026445746421813965e+00
5.000000000000000000e-01,-4.525907710194587708e-02
5.333333333333333259e-01,9.256432652473449707e-01
5.666666666666666519e-01,-2.276465445756912231e-01
5.999999999999999778e-01,-1.158171415328979492e+00
6.333333333333333037e-01,-1.283633112907409668e-01
6.666666666666666297e-01,9.265526533126831055e-01
6.999999999999999556e-01,-2.468658387660980225e-01
7.333333333333332815e-01,-8.220832943916320801e-01
7.666666666666666075e-01,2.303435355424880981e-01
8.000000000000000444e-01,1.263365149497985840e+00
8.333333333333333703e-01,5.952102318406105042e-02
8.666666666666666963e-01,-8.262297511100769043e-01
9.000000000000000222e-01,1.898429244756698608e-01
9.333333333333333481e-01,1.189844608306884766e+00
9.666666666666666741e-01,-1.264527160674333572e-02
1.000000000000000000e+00,-8.503693938255310059e-01
1.033333333333333215e+00,2.130376249551773071e-01
1.066666666666666652e+00,8.513372540473937988e-01
1.100000000000000089e+00,-3.774183988571166992e-01
1.133333333333333304e+00,-1.212688803672790527e+00
1.166666666666666741e+00,-1.233800277113914490e-01
1.199999999999999956e+00,8.176556229591369629e-01
1.233333333333333393e+00,-2.764188051223754883e-01
1.266666666666666607e+00,-1.099215745925903320e+00
1.300000000000000044e+00,2.246041223406791687e-02
1.333333333333333259e+00,9.855917692184448242e-01
1.366666666666666696e+00,-3.157714307308197021e-01
1.399999999999999911e+00,-1.181486368179321289e+00
1.433333333333333348e+00,-1.269089616835117340e-02
1.466666666666666563e+00,9.800607562065124512e-01
1.500000000000000000e+00,-3.429062068462371826e-01
1.533333333333333215e+00,-8.561632633209228516e-01
1.566666666666666652e+00,3.168384432792663574e-01
1.600000000000000089e+00,1.300852060317993164e+00
1.633333333333333304e+00,-6.429064553231000900e-03
1.666666666666666741e+00,-8.603835105895996094e-01
1.699999999999999956e+00,2.630903124809265137e-01
1.733333333333333393e+00,1.200823187828063965e+00
1.766666666666666607e+00,-3.914871066808700562e-02
1.800000000000000044e+00,-8.271673321723937988e-01
1.833333333333333259e+00,2.084812819957733154e-01
1.866666666666666696e+00,1.265483975410461426e+00
1.899999999999999911e+00,5.338231846690177917e-02
1.933333333333333348e+00,-1.168988108634948730e+00
1.966666666666666563e+00,-8.974914252758026123e-02
2.000000000000000000e+00,1.017934679985046387e+00
2.033333333333333215e+00,-2.326143980026245117e-01
2.066666666666666430e+00,-1.488645315170288086e+00
2.100000000000000089e+00,-3.897553086280822754e-01
2.133333333333333304e+00,7.476623654365539551e-01
2.166666666666666519e+00,1.558444499969482422e+00
2.200000000000000178e+00,2.599319219589233398e-01
2.233333333333333393e+00,-6.692409515380859375e-01
2.266666666666666607e+00,2.177586555480957031e-01
2.299999999999999822e+00,1.023714661598205566e+00
2.333333333333333481e+00,-2.682018578052520752e-01
2.366666666666666696e+00,-1.189834833145141602e+00
2.399999999999999911e+00,-8.000318706035614014e-02
2.433333333333333126e+00,7.211912274360656738e-01
2.466666666666666785e+00,-5.736356973648071289e-01
2.500000000000000000e+00,-1.481173872947692871e+00
2.533333333333333215e+00,-3.622724711894989014e-01
2.566666666666666430e+00,4.298705160617828369e-01
2.600000000000000089e+00,9.188957810401916504e-01
2.633333333333333304e+00,-6.046075839549303055e-03
2.666666666666666519e+00,-9.239593744277954102e-01
2.700000000000000178e+00,-3.578133136034011841e-02
2.733333333333333393e+00,7.508916258811950684e-01
2.766666666666666607e+00,-1.138459071516990662e-01
2.799999999999999822e+00,-5.746943950653076172e-01
2.833333333333333481e+00,1.597338020801544189e-01
2.866666666666666696e+00,1.082269668579101562e+00
2.899999999999999911e+00,2.029033154249191284e-01
2.933333333333333126e+00,-7.113021016120910645e-01
2.966666666666666785e+00,1.783681660890579224e-02
3.000000000000000000e+00,7.693485021591186523e-01
3.033333333333333215e+00,-3.095758259296417236e-01
3.066666666666666430e+00,-1.206113338470458984e+00
3.100000000000000089e+00,1.944212988018989563e-02
3.133333333333333304e+00,9.018840193748474121e-01
3.166666666666666519e+00,-7.259663939476013184e-02
3.200000000000000178e+00,-1.072264313697814941e+00
3.233333333333333393e+00,1.520136892795562744e-01
3.266666666666666607e+00,1.086971640586853027e+00
3.299999999999999822e+00,-2.884082309901714325e-02
3.333333333333333481e+00,-1.053861856460571289e+00
3.366666666666666696e+00,1.254071295261383057e-01
3.399999999999999911e+00,1.073567152023315430e+00
3.433333333333333126e+00,2.879565060138702393e-01
3.466666666666666785e+00,-7.525604367256164551e-01
3.500000000000000000e+00,3.637407720088958740e-01
3.533333333333333215e+00,1.288301229476928711e+00
3.566666666666666430e+00,3.022389113903045654e-01
3.600000000000000089e+00,-6.680417656898498535e-01
3.633333333333333304e+00,-3.144455850124359131e-01
3.666666666666666519e+00,7.948006987571716309e-01
3.699999999999999734e+00,-1.836420446634292603e-01
3.733333333333333393e+00,-1.120985984802246094e+00
3.766666666666666607e+00,-7.152421027421951294e-02
3.799999999999999822e+00,9.995953440666198730e-01
3.833333333333333481e+00,6.963805109262466431e-02
3.866666666666666696e+00,-8.203026652336120605e-01
3.899999999999999911e+00,-1.669236421585083008e+00
3.933333333333333126e+00,-6.074959635734558105e-01
3.966666666666666785e+00,2.776795923709869385e-01
4.000000000000000000e+00,1.176367163658142090e+00
4.033333333333333215e+00,1.420778483152389526e-01
4.066666666666666430e+00,-8.950247764587402344e-01
4.099999999999999645e+00,-5.775526165962219238e-03
4.133333333333332860e+00,9.182097315788269043e-01
4.166666666666666963e+00,-1.216320693492889404e-01
4.200000000000000178e+00,-1.164010763168334961e+00
4.233333333333333393e+00,-2.836988866329193115e-01
4.266666666666666607e+00,6.438353061676025391e-01
4.299999999999999822e+00,1.680185556411743164e+00
4.333333333333333037e+00,6.204378604888916016e-01
4.366666666666666252e+00,-5.825952291488647461e-01
4.400000000000000355e+00,3.064704537391662598e-01
4.433333333333333570e+00,9.706336855888366699e-01
4.466666666666666785e+00,-5.047786980867385864e-02
4.500000000000000000e+00,-1.266284108161926270e+00
4.533333333333333215e+00,-3.941370844841003418e-01
4.566666666666666430e+00,6.434261202812194824e-01
4.599999999999999645e+00,-3.721793293952941895e-01
4.633333333333332860e+00,-1.276135921478271484e+00
4.666666666666666963e+00,-5.129905045032501221e-02
4.700000000000000178e+00,9.596494436264038086e-01
4.733333333333333393e+00,-1.076491028070449829e-01
4.766666666666666607e+00,-1.027180075645446777e+00
4.799999999999999822e+00,1.460218578577041626e-01
4.833333333333333037e+00,1.191510081291198730e+00
4.866666666666666252e+00,1.697275936603546143e-01
4.900000000000000355e+00,-7.803478240966796875e-01
4.933333333333333570e+00,2.246682792901992798e-01
4.966666666666666785e+00,1.247492790222167969e+00
5.000000000000000000e+00,2.433077245950698853e-01
5.033333333333333215e+00,-6.896159648895263672e-01
5.066666666666666430e+00,-1.102655410766601562e+00
5.099999999999999645e+00,-6.850383430719375610e-02
5.133333333333332860e+00,9.812568426132202148e-01
5.166666666666666963e+00,3.651300817728042603e-02
5.200000000000000178e+00,-1.131127715110778809e+00
5.233333333333333393e+00,-1.364178210496902466e-01
5.266666666666666607e+00,8.817824721336364746e-01
5.299999999999999822e+00,-2.317363955080509186e-02
5.333333333333333037e+00,-1.172995328903198242e+00
5.366666666666666252e+00,-2.247057408094406128e-01
5.400000000000000355e+00,7.395913600921630859e-01
5.433333333333333570e+00,-1.120887622237205505e-01
5.466666666666666785e+00,-9.245905876159667969e-01
5.500000000000000000e+00,7.058734446763992310e-02
5.533333333333333215e+00,1.022739768028259277e+00
5.566666666666666430e+00,9.836061298847198486e-02
5.599999999999999645e+00,-1.047137379646301270e+00
5.633333333333332860e+00,-1.061348691582679749e-01
5.666666666666666963e+00,1.030037999153137207e+00
5.700000000000000178e+00,1.510391533374786377e-01
5.733333333333333393e+00,-8.281514048576354980e-02
5.766666666666666607e+00,8.237252831459045410e-01
5.799999999999999822e+00,-3.426921367645263672e-02
5.833333333333333037e+00,-8.792651891708374023e-01
5.866666666666666252e+00,-1.250873506069183350e-01
5.900000000000000355e+00,7.696844339370727539e-01
5.933333333333333570e+00,-6.704150140285491943e-02
5.966666666666666785e+00,-8.747962117195129395e-01
6.000000000000000000e+00,-1.387171149253845215e-01
6.033333333333333215e+00,7.417441010475158691e-01
6.066666666666666430e+00,-6.023080646991729736e-02
6.099999999999999645e+00,-7.372304201126098633e-01
6.133333333333332860e+00,-6.735552102327346802e-03
6.166666666666666963e+00,1.162492275238037109e+00
6.200000000000000178e+00,3.279067873954772949e-01
6.233333333333333393e+00,-1.006923556327819824e+00
6.266666666666666607e+00,-2.722054421901702881e-01
6.299999999999999822e+00,9.067233800888061523e-01
6.333333333333333037e+00,7.033260911703109741e-02
6.366666666666666252e+00,-8.651682138442993164e-01
6.400000000000000355e+00,-1.207297742366790771e-01
6.433333333333333570e+00,1.035614490509033203e+00
6.466666666666666785e+00,2.104736864566802979e-01
6.500000000000000000e+00,-8.130190968513488770e-01
6.533333333333333215e+00,-8.933072537183761597e-02
6.566666666666666430e+00,6.751865744590759277e-01
6.599999999999999645e+00,-7.669275254011154175e-02
6.633333333333332860e+00,-7.502804398536682129e-01
6.666666666666666963e+00,2.035427987575531006e-01
6.700000000000000178e+00,9.653649926185607910e-01
6.733333333333333393e+00,2.805332839488983154e-01
6.766666666666666607e+00,-4.271267056465148926e-01
6.799999999999999822e+00,2.059135884046554565e-01
6.833333333333333037e+00,1.024552464485168457e+00
6.866666666666666252e+00,2.544797062873840332e-01
6.899999999999999467e+00,-1.146631717681884766e+00
6.933333333333333570e+00,-1.810461997985839844e+00
6.966666666666666785e+00,-4.364286959171295166e-01
7.000000000000000000e+00,6.295097470283508301e-01
7.033333333333333215e+00,1.175916552543640137e+00
7.066666666666666430e+00,-3.456231057643890381e-01
7.099999999999999645e+00,-1.549350261688232422e+00
7.133333333333332860e+00,-3.083851039409637451e-01
7.166666666666666963e+00,1.233722925186157227e+00
7.200000000000000178e+00,6.346465945243835449e-01
7.233333333333333393e+00,-4.907473027706146240e-01
7.266666666666666607e+00,1.001725494861602783e-01
7.299999999999999822e+00,1.499524831771850586e+00
7.333333333333333037e+00,-3.159871092066168785e-03
7.366666666666666252e+00,-5.929548144340515137e-01
7.399999999999999467e+00,-8.507908321917057037e-03
7.433333333333333570e+00,4.967832565307617188e-01
7.466666666666666785e+00,-1.072688460350036621e+00
7.500000000000000000e+00,-1.041386365890502930e+00
7.533333333333333215e+00,-4.036597609519958496e-01
7.566666666666666430e+00,9.346893429756164551e-01
7.599999999999999645e+00,-6.377663016319274902e-01
7.633333333333332860e+00,-1.186082005500793457e+00
7.666666666666666963e+00,-1.132324934005737305e-01
7.700000000000000178e+00,3.612083792686462402e-01
7.733333333333333393e+00,1.735055208206176758e+00
7.766666666666666607e+00,1.164457082748413086e+00
7.799999999999999822e+00,-2.035644501447677612e-01
7.833333333333333037e+00,9.198465943336486816e-02
7.866666666666666252e+00,2.052876353263854980e-01
7.899999999999999467e+00,-3.686547279357910156e-01
7.933333333333333570e+00,-9.974254965782165527e-01
7.966666666666666785e+00,3.058344125747680664e-01
8.000000000000000000e+00,8.219630122184753418e-01
8.033333333333333215e+00,-3.953052461147308350e-01
8.066666666666666430e+00,-1.650404691696166992e+00
8.099999999999999645e+00,-2.275003343820571899e-01
8.133333333333332860e+00,1.206490755081176758e+00
8.166666666666666075e+00,-1.416418999433517456e-01
8.199999999999999289e+00,-1.266006469726562500e+00
8.233333333333332504e+00,3.533806204795837402e-01
8.266666666666665719e+00,1.818188667297363281e+00
8.300000000000000711e+00,5.937022566795349121e-01
8.333333333333333925e+00,-6.333876252174377441e-01
8.366666666666667140e+00,-1.093059182167053223e+00
8.400000000000000355e+00,3.857812881469726562e-01
8.433333333333333570e+00,9.700074791908264160e-01
8.466666666666666785e+00,5.057668685913085938e-02
8.500000000000000000e+00,-5.156047344207763672e-01
8.533333333333333215e+00,5.791999101638793945e-01
8.566666666666666430e+00,-8.402521014213562012e-01
8.599999999999999645e+00,-7.304355502128601074e-01
8.633333333333332860e+00,-2.684666216373443604e-01
8.666666666666666075e+00,1.753666251897811890e-01
8.699999999999999289e+00,-3.730434179306030273e-01
8.733333333333332504e+00,-8.622575402259826660e-01
8.766666666666665719e+00,7.689188718795776367e-01
8.800000000000000711e+00,1.283142685890197754e+00
8.833333333333333925e+00,4.421166703104972839e-02
8.866666666666667140e+00,-3.714988827705383301e-01
8.900000000000000355e+00,-1.068518236279487610e-01
8.933333333333333570e+00,3.383025527000427246e-01
8.966666666666666785e+00,-8.783382177352905273e-02
9.000000000000000000e+00,-4.864017069339752197e-01
9.033333333333333215e+00,-1.290207356214523315e-01
9.066666666666666430e+00,2.228642404079437256e-01
9.099999999999999645e+00,-8.312168717384338379e-01
9.133333333333332860e+00,4.694855213165283203e-01
9.166666666666666075e+00,1.490305215120315552e-01
9.199999999999999289e+00,-1.486709833145141602e+00
9.233333333333332504e+00,-3.972513675689697266e-01
9.266666666666665719e+00,1.104318618774414062e+00
9.300000000000000711e+00,1.410135507583618164e+00
9.333333333333333925e+00,-1.852721720933914185e-02
9.366666666666667140e+00,-3.465692996978759766e-01
9.400000000000000355e+00,-7.246859073638916016e-01
9.433333333333333570e+00,3.723168969154357910e-01
9.466666666666666785e+00,6.358460783958435059e-01
9.500000000000000000e+00,1.843987584114074707e+00
9.533333333333333215e+00,4.994425475597381592e-01
9.566666666666666430e+00,-1.201956629753112793e+00
9.599999999999999645e+00,-2.566329002380371094e+00
9.633333333333332860e+00,-1.199682950973510742e+00
9.666666666666666075e+00,4.044614136219024658e-01
9.699999999999999289e+00,2.033653497695922852e+00
9.733333333333332504e+00,6.616476178169250488e-01
9.766666666666665719e+00,-7.179107517004013062e-03
9.800000000000000711e+00,1.038349986076354980e+00
9.833333333333333925e+00,1.294553875923156738e+00
9.866666666666667140e+00,-1.215185299515724182e-01
9.900000000000000355e+00,-3.986635208129882812e-01
9.933333333333333570e+00,-1.560818105936050415e-01
9.966666666666666785e+00,1.517561674118041992e-01
1.000000000000000000e+01,-1.009533047676086426e+00
1.003333333333333321e+01,-1.593976616859436035e+00
1.006666666666666643e+01,-7.891649007797241211e-02
1.009999999999999964e+01,-6.297441124916076660e-01
1.013333333333333286e+01,7.479670047760009766e-01
1.016666666666666607e+01,1.177202582359313965e+00
1.019999999999999929e+01,-3.020956814289093018e-01
1.023333333333333250e+01,-6.539335846900939941e-01
1.026666666666666572e+01,-8.461804389953613281e-01
1.030000000000000071e+01,-5.638238191604614258e-01
1.033333333333333393e+01,-3.098490834236145020e-01
1.036666666666666714e+01,-5.848759412765502930e-01
1.040000000000000036e+01,9.994910359382629395e-01
1.043333333333333357e+01,1.266969561576843262e+00
1.046666666666666679e+01,-1.216061413288116455e-01
1.050000000000000000e+01,-3.851119279861450195e-01
1.053333333333333321e+01,-6.117039322853088379e-01
1.056666666666666643e+01,-3.312712311744689941e-01
1.059999999999999964e+01,-4.062049835920333862e-02
1.063333333333333286e+01,6.445011496543884277e-01
1.066666666666666607e+01,4.014261662960052490e-01
1.069999999999999929e+01,6.522247195243835449e-01
1.073333333333333250e+01,-6.722985506057739258e-01
1.076666666666666572e+01,-8.966874480247497559e-01
1.080000000000000071e+01,6.651200652122497559e-01
1.083333333333333393e+01,8.368055224418640137e-01
1.086666666666666714e+01,6.628316044807434082e-01
1.090000000000000036e+01,-6.166597604751586914e-01
1.093333333333333357e+01,-4.625129997730255127e-01
1.096666666666666679e+01,8.424036502838134766e-01
1.100000000000000000e+01,-2.958873808383941650e-01
1.103333333333333321e+01,-6.403564810752868652e-01
1.106666666666666643e+01,-4.356298446655273438e-01
1.109999999999999964e+01,-1.259663403034210205e-01
1.113333333333333286e+01,7.838174104690551758e-01
1.116666666666666607e+01,-1.264184713363647461e-01
1.119999999999999929e+01,-1.129612565040588379e+00
1.123333333333333250e+01,4.681993722915649414e-01
1.126666666666666572e+01,1.384321093559265137e+00
1.130000000000000071e+01,5.363591387867927551e-02
1.133333333333333393e+01,-1.549651741981506348e+00
1.136666666666666714e+01,-1.247104704380035400e-01
1.140000000000000036e+01,-2.409592717885971069e-01
1.143333333333333357e+01,2.863945960998535156e-01
1.146666666666666679e+01,3.418336510658264160e-01
1.150000000000000000e+01,3.852608501911163330e-01
1.153333333333333321e+01,-1.038247823715209961e+00
1.156666666666666643e+01,-5.956327915191650391e-01
1.159999999999999964e+01,1.006491661071777344e+00
1.163333333333333286e+01,8.162432909011840820e-01
1.166666666666666607e+01,1.010185837745666504e+00
1.169999999999999929e+01,1.219917058944702148e+00
1.173333333333333250e+01,-3.106919825077056885e-01
1.176666666666666572e+01,-4.396500587463378906e-01
1.180000000000000071e+01,-3.695594072341918945e-01
1.183333333333333393e+01,-1.047724008560180664e+00
1.186666666666666714e+01,-8.690808415412902832e-01
1.190000000000000036e+01,7.275551557540893555e-01
1.193333333333333357e+01,5.338419675827026367e-01
1.196666666666666679e+01,-9.666780829429626465e-01
1.200000000000000000e+01,-8.084018826484680176e-01
1.203333333333333321e+01,7.404410243034362793e-01
1.206666666666666643e+01,5.557098388671875000e-01
1.209999999999999964e+01,3.945892751216888428e-01
1.213333333333333286e+01,4.694380164146423340e-01
1.216666666666666607e+01,5.147674679756164551e-01
1.219999999999999929e+01,-7.502548694610595703e-01
1.223333333333333250e+01,-4.621255695819854736e-01
1.226666666666666572e+01,1.933156549930572510e-01
1.230000000000000071e+01,-4.274780675768852234e-02
1.233333333333333393e+01,-3.563293516635894775e-01
1.236666666666666714e+01,1.040213584899902344e+00
1.240000000000000036e+01,-5.150082707405090332e-01
1.243333333333333357e+01,-7.022568583488464355e-01
1.246666666666666679e+01,-5.397605299949645996e-01
1.250000000000000000e+01,-8.358603119850158691e-01
1.253333333333333321e+01,4.349857568740844727e-01
1.256666666666666643e+01,7.435055375099182129e-01
1.259999999999999964e+01,-7.337696552276611328e-01
1.263333333333333286e+01,-1.089129328727722168e+00
1.266666666666666607e+01,5.427296757698059082e-01
1.269999999999999929e+01,1.424444198608398438e+00
1.273333333333333250e+01,4.696965590119361877e-02
1.276666666666666572e+01,-5.132324695587158203e-01
1.280000000000000071e+01,1.183863401412963867e+00
1.283333333333333393e+01,-4.479690492153167725e-01
1.286666666666666714e+01,-6.712474226951599121e-01
1.290000000000000036e+01,-4.858265519142150879e-01
1.293333333333333357e+01,1.152326703071594238e+00
1.296666666666666679e+01,-1.680145859718322754e-01
1.300000000000000000e+01,-3.230009377002716064e-01
1.303333333333333321e+01,1.253350496292114258e+00
1.306666666666666643e+01,1.316766142845153809e+00
1.309999999999999964e+01,7.885855436325073242e-01
1.313333333333333286e+01,-2.845596969127655029e-01
1.316666666666666607e+01,-1.995251417160034180e+00
1.319999999999999929e+01,-4.558166861534118652e-01
1.323333333333333250e+01,1.048978686332702637e+00
1.326666666666666572e+01,-4.886851832270622253e-02
1.329999999999999893e+01,-1.598245024681091309e+00
1.333333333333333393e+01,-1.117374420166015625e+00
1.336666666666666714e+01,4.341031983494758606e-02
1.340000000000000036e+01,4.291390180587768555e-01
1.343333333333333357e+01,2.865954339504241943e-01
1.346666666666666679e+01,-7.688830494880676270e-01
1.350000000000000000e+01,1.488899737596511841e-01
1.353333333333333321e+01,1.784357547760009766e+00
1.356666666666666643e+01,3.148330748081207275e-01
1.359999999999999964e+01,-1.085931181907653809e+00
1.363333333333333286e+01,2.521331906318664551e-01
1.366666666666666607e+01,1.655550837516784668e+00
1.369999999999999929e+01,3.919854760169982910e-02
1.373333333333333250e+01,-1.388656377792358398e+00
1.376666666666666572e+01,-6.636899709701538086e-02
1.379999999999999893e+01,1.575176596641540527e+00
1.383333333333333393e+01,-3.003460727632045746e-02
1.386666666666666714e+01,-1.269021391868591309e+00
1.390000000000000036e+01,-1.277225136756896973e+00
1.393333333333333357e+01,3.885145485401153564e-01
1.396666666666666679e+01,3.766455352306365967e-01
1.400000000000000000e+01,5.206784009933471680e-01
1.403333333333333321e+01,-7.468166947364807129e-01
1.406666666666666643e+01,-8.369709253311157227e-01
1.409999999999999964e+01,8.045474290847778320e-01
1.413333333333333286e+01,8.658651113510131836e-01
1.416666666666666607e+01,-5.499209165573120117e-01
1.419999999999999929e+01,-5.455075502395629883e-01
1.423333333333333250e+01,6.591976284980773926e-01
1.426666666666666572e+01,5.302765965461730957e-01
1.429999999999999893e+01,5.556596517562866211e-01
1.433333333333333393e+01,6.396359205245971680e-01
1.436666666666666714e+01,-8.564085960388183594e-01
1.440000000000000036e+01,-9.929882287979125977e-01
1.443333333333333357e+01,4.137594401836395264e-01
1.446666666666666679e+01,5.819485187530517578e-01
1.450000000000000000e+01,-7.097076177597045898e-01
1.453333333333333321e+01,-8.732742667198181152e-01
1.456666666666666643e+01,4.013712108135223389e-01
1.459999999999999964e+01,5.541372895240783691e-01
1.463333333333333286e+01,-1.128279685974121094e+00
1.466666666666666607e+01,-1.274812340736389160e+00
1.469999999999999929e+01,4.259093105792999268e-02
1.473333333333333250e+01,1.551243543624877930e+00
1.476666666666666572e+01,1.434328317642211914e+00
1.479999999999999893e+01,1.262246817350387573e-01
1.483333333333333393e+01,-1.193703532218933105e+00
1.486666666666666714e+01,2.781272530555725098e-01
1.490000000000000036e+01,2.028506278991699219e+00
1.493333333333333357e+01,8.093909621238708496e-01
1.496666666666666679e+01,-5.419833064079284668e-01
1.500000000000000000e+01,-5.544042587280273438e-01
1.503333333333333321e+01,-1.505813479423522949e+00
1.506666666666666643e+01,-1.472494363784790039e+00
1.509999999999999964e+01,-1.756878197193145752e-01
1.513333333333333286e+01,-1.725810170173645020e-01
1.516666666666666607e+01,-1.566965132951736450e-01
1.519999999999999929e+01,-1.368256658315658569e-01
1.523333333333333250e+01,-1.201125085353851318e-01
1.526666666666666572e+01,-1.184261068701744080e-01
1.529999999999999893e+01,-1.004013419151306152e-01
1.533333333333333393e+01,-1.062044724822044373e-01
1.536666666666666714e+01,1.109739661216735840e+00
1.540000000000000036e+01,2.262923479080200195e+00
1.543333333333333357e+01,6.580932736396789551e-01
1.546666666666666679e+01,-7.114288806915283203e-01
1.550000000000000000e+01,1.100163087248802185e-01
1.553333333333333321e+01,1.612027645111083984e+00
1.556666666666666643e+01,-8.296346664428710938e-02
1.559999999999999964e+01,-1.437874794006347656e+00
1.563333333333333286e+01,-1.341584086418151855e+00
1.566666666666666607e+01,1.908892095088958740e-01
1.569999999999999929e+01,5.074200406670570374e-02
1.573333333333333250e+01,-1.404616236686706543e-01
1.576666666666666572e+01,-5.038787494413554668e-04
1.579999999999999893e+01,1.795540302991867065e-01
1.583333333333333393e+01,2.600098401308059692e-02
1.586666666666666714e+01,-8.328701853752136230e-01
1.590000000000000036e+01,-6.760402321815490723e-01
1.593333333333333357e+01,9.468045830726623535e-01
1.596666666666666679e+01,2.141432464122772217e-01
1.600000000000000000e+01,-1.019444584846496582e+00
1.603333333333333144e+01,6.786289811134338379e-01
1.606666666666666643e+01,4.740465581417083740e-01
1.610000000000000142e+01,-1.179703176021575928e-01
1.613333333333333286e+01,9.387462586164474487e-02
1.616666666666666785e+01,3.125208318233489990e-01
1.619999999999999929e+01,4.713550582528114319e-02
1.623333333333333428e+01,-1.768563091754913330e-01
1.626666666666666572e+01,-7.901966571807861328e-01
1.630000000000000071e+01,-5.241242647171020508e-01
1.633333333333333215e+01,1.011829018592834473e+00
1.636666666666666714e+01,7.365247607231140137e-01
1.639999999999999858e+01,-1.213486567139625549e-01
1.643333333333333357e+01,-1.533314347267150879e+00
1.646666666666666501e+01,-8.662649989128112793e-01
1.650000000000000000e+01,6.411959528923034668e-01
1.653333333333333144e+01,1.314812183380126953e+00
1.656666666666666643e+01,6.339302062988281250e-01
1.660000000000000142e+01,-9.396486282348632812e-01
1.663333333333333286e+01,1.549431234598159790e-01
1.666666666666666785e+01,1.632076740264892578e+00
1.669999999999999929e+01,3.650335371494293213e-01
1.673333333333333428e+01,-1.210128307342529297e+00
1.676666666666666572e+01,-5.631031394004821777e-01
1.680000000000000071e+01,6.698944568634033203e-01
1.683333333333333215e+01,3.484106957912445068e-01
1.686666666666666714e+01,-1.078407287597656250e+00
1.689999999999999858e+01,-7.895087599754333496e-01
1.693333333333333357e+01,6.248800754547119141e-01
1.696666666666666501e+01,3.135715425014495850e-01
1.700000000000000000e+01,-1.202527642250061035e+00
1.703333333333333144e+01,1.978324949741363525e-01
1.706666666666666643e+01,5.547906160354614258e-01
1.710000000000000142e+01,2.540613710880279541e-01
1.713333333333333286e+01,9.598597884178161621e-01
1.716666666666666785e+01,-6.146018505096435547e-01
1.719999999999999929e+01,-1.453358054161071777e+00
1.723333333333333428e+01,-2.517115138471126556e-02
1.726666666666666572e+01,1.431095361709594727e+00
1.730000000000000071e+01,1.646394968032836914e+00
1.733333333333333215e+01,1.883788257837295532e-01
1.736666666666666714e+01,-9.799815714359283447e-02
1.739999999999999858e+01,-1.447407364845275879e+00
1.743333333333333357e+01,-1.231164336204528809e+00
1.746666666666666501e+01,1.360642313957214355e-01
1.750000000000000000e+01,-5.725493282079696655e-02
1.753333333333333144e+01,1.236043199896812439e-01
1.756666666666666643e+01,-1.446052551269531250e+00
1.760000000000000142e+01,-1.342931687831878662e-01
1.763333333333333286e+01,1.425110340118408203e+00
1.766666666666666785e+01,1.277046203613281250e+00
1.769999999999999929e+01,-5.308628082275390625e-01
1.773333333333333428e+01,-1.427187323570251465e+00
1.776666666666666572e+01,1.178245246410369873e-01
1.780000000000000071e+01,1.632532954216003418e+00
1.783333333333333215e+01,2.048276066780090332e-01
1.786666666666666714e+01,-1.227532505989074707e+00
1.789999999999999858e+01,-3.338276147842407227e-01
1.793333333333333357e+01,1.344165563583374023e+00
1.796666666666666501e+01,-1.707124114036560059e-01
1.800000000000000000e+01,-1.071551367640495300e-01
1.803333333333333144e+01,-3.632490709424018860e-02
1.806666666666666643e+01,-1.527501344680786133e-01
1.810000000000000142e+01,-3.216740787029266357e-01
1.813333333333333286e+01,-2.567053139209747314e-01
1.816666666666666785e+01,-1.144602522253990173e-01
1.819999999999999929e+01,1.283831149339675903e-01
1.823333333333333428e+01,7.082282304763793945e-01
1.826666666666666572e+01,-2.889278531074523926e-01
1.830000000000000071e+01,-1.549349069595336914e+00
1.833333333333333215e+01,1.263017505407333374e-01
1.836666666666666714e+01,3.621307909488677979e-01
1.839999999999999858e+01,5.906329751014709473e-01
1.843333333333333357e+01,3.304944932460784912e-01
1.846666666666666501e+01,9.593142196536064148e-03
1.850000000000000000e+01,-3.930946290493011475e-01
1.853333333333333144e+01,-4.529131650924682617e-01
1.856666666666666643e+01,2.149226367473602295e-01
1.860000000000000142e+01,4.386127591133117676e-01
1.863333333333333286e+01,2.182393789291381836e+00
1.866666666666666785e+01,1.469633698463439941e+00
1.869999999999999929e+01,2.175686657428741455e-01
1.873333333333333428e+01,-1.534420490264892578e+00
1.876666666666666572e+01,-2.922522068023681641e+00
1.880000000000000071e+01,-1.672347068786621094e+00
1.883333333333333215e+01,-2.320436835289001465e-01
1.886666666666666714e+01,1.232757091522216797e+00
1.889999999999999858e+01,8.923832774162292480e-01
1.893333333333333357e+01,1.248636245727539062e+00
1.896666666666666501e+01,5.021487474441528320e-01
1.900000000000000000e+01,-1.091577172279357910e+00
1.903333333333333144e+01,5.923619866371154785e-02
1.906666666666666643e+01,-2.853231430053710938e-01
1.910000000000000142e+01,1.222314834594726562e+00
1.913333333333333286e+01,1.548393726348876953e+00
1.916666666666666785e+01,1.392218023538589478e-01
1.919999999999999929e+01,-2.351196706295013428e-01
1.923333333333333428e+01,1.724717766046524048e-01
1.926666666666666572e+01,-1.267986893653869629e+00
1.930000000000000071e+01,-1.639134287834167480e+00
1.933333333333333215e+01,-2.599925100803375244e-01
1.936666666666666714e+01,1.304256767034530640e-01
1.939999999999999858e+01,-2.355141639709472656e-01
1.943333333333333357e+01,6.611735373735427856e-02
1.946666666666666501e+01,5.440426468849182129e-01
1.950000000000000000e+01,1.039587259292602539e-01
1.953333333333333144e+01,-3.260370790958404541e-01
1.956666666666666643e+01,-1.254990935325622559e+00
1.960000000000000142e+01,-8.000614643096923828e-01
1.963333333333333286e+01,7.829291820526123047e-01
1.966666666666666785e+01,2.295863389968872070e+00
1.969999999999999929e+01,8.335638642311096191e-01
1.973333333333333428e+01,-4.477066695690155029e-01
1.976666666666666572e+01,7.299404144287109375e-01
1.980000000000000071e+01,-8.491042852401733398e-01
1.983333333333333215e+01,-1.387607097625732422e+00
1.986666666666666714e+01,-8.633502721786499023e-01
1.989999999999999858e+01,6.887089610099792480e-01
1.993333333333333357e+01,1.809749603271484375e+00
1.996666666666666501e+01,4.900062084197998047e-01
2.000000000000000000e+01,-9.902476072311401367e-01
2.003333333333333144e+01,-1.437964797019958496e+00
2.006666666666666643e+01,-6.172884255647659302e-02
2.010000000000000142e+01,5.329131484031677246e-01
2.013333333333333286e+01,-3.341659307479858398e-01
2.016666666666666785e+01,-2.241871803998947144e-01
2.019999999999999929e+01,-7.034451365470886230e-01
2.023333333333333428e+01,6.680127382278442383e-01
2.026666666666666572e+01,1.952875971794128418e+00
2.030000000000000071e+01,5.523288846015930176e-01
2.033333333333333215e+01,-1.044616103172302246e+00
2.036666666666666714e+01,-5.635730624198913574e-01
2.039999999999999858e+01,6.676490902900695801e-01
2.043333333333333357e+01,2.359729856252670288e-01
2.046666666666666501e+01,6.920204162597656250e-01
2.050000000000000000e+01,-6.613735556602478027e-01
2.053333333333333144e+01,-1.068141222000122070e+00
2.056666666666666643e+01,4.875997602939605713e-01
2.060000000000000142e+01,9.075582027435302734e-01
2.063333333333333286e+01,-4.810866117477416992e-01
2.066666666666666785e+01,-9.628039002418518066e-01
2.069999999999999929e+01,4.123727977275848389e-01
2.073333333333333428e+01,8.317732214927673340e-01
2.076666666666666572e+01,-5.493622422218322754e-01
2.080000000000000071e+01,-1.049318313598632812e+00
2.083333333333333215e+01,5.417721867561340332e-01
2.086666666666666714e+01,1.022417426109313965e+00
2.089999999999999858e+01,1.199738740921020508e+00
2.093333333333333357e+01,-1.539962589740753174e-01
2.096666666666666501e+01,-4.662040770053863525e-01
2.100000000000000000e+01,-8.924494981765747070e-01
2.103333333333333144e+01,-4.948944747447967529e-01
2.106666666666666643e+01,-5.335235595703125000e-02
2.110000000000000142e+01,-4.994406998157501221e-01
2.113333333333333286e+01,-9.979954361915588379e-01
2.116666666666666785e+01,-2.091406136751174927e-01
2.119999999999999929e+01,2.295830398797988892e-01
2.123333333333333428e+01,5.474550127983093262e-01
2.126666666666666572e+01,1.514403820037841797e-01
2.130000000000000071e+01,-2.651277482509613037e-01
2.133333333333333215e+01,-7.371584177017211914e-01
2.136666666666666714e+01,-3.196407854557037354e-01
2.139999999999999858e+01,1.387496232986450195e+00
2.143333333333333357e+01,9.582948684692382812e-01
2.146666666666666501e+01,-2.741732895374298096e-01
2.150000000000000000e+01,2.444784194231033325e-01
2.153333333333333144e+01,4.437113553285598755e-02
2.156666666666666643e+01,-4.843387007713317871e-01
2.160000000000000142e+01,6.662806272506713867e-01
2.163333333333333286e+01,1.102077841758728027e+00
2.166666666666666785e+01,8.763320744037628174e-02
2.169999999999999929e+01,-4.087557494640350342e-01
2.173333333333333428e+01,-1.755010962486267090e+00
2.176666666666666572e+01,-1.318060040473937988e+00
2.180000000000000071e+01,2.472835332155227661e-01
2.183333333333333215e+01,1.501000046730041504e+00
2.186666666666666714e+01,2.190725058317184448e-01
2.189999999999999858e+01,-1.360241055488586426e+00
2.193333333333333357e+01,-1.774714827537536621e+00
2.196666666666666501e+01,-5.613836646080017090e-01
2.200000000000000000e+01,2.881758101284503937e-02
2.203333333333333144e+01,1.645955920219421387e+00
2.206666666666666643e+01,3.092193126678466797e+00
2.210000000000000142e+01,1.666655182838439941e+00
2.213333333333333286e+01,2.067757993936538696e-01
2.216666666666666785e+01,-1.269899964332580566e+00
2.219999999999999929e+01,4.533974453806877136e-02
2.223333333333333428e+01,-1.667131483554840088e-01
2.226666666666666572e+01,2.714764773845672607e-01
2.230000000000000071e+01,-1.251055479049682617e+00
2.233333333333333215e+01,-1.075988173484802246e+00
2.236666666666666714e+01,2.719318270683288574e-01
2.239999999999999858e+01,5.970452427864074707e-01
2.243333333333333357e+01,-8.892530202865600586e-01
2.246666666666666501e+01,-1.380531191825866699e+00
2.250000000000000000e+01,-1.782971899956464767e-03
2.253333333333333144e+01,1.504857182502746582e+00
2.256666666666666643e+01,2.025541543960571289e+00
2.260000000000000142e+01,7.560183405876159668e-01
2.263333333333333286e+01,-4.622370302677154541e-01
2.266666666666666785e+01,-1.987754225730895996e+00
2.269999999999999929e+01,-4.384979903697967529e-01
2.273333333333333428e+01,7.259096503257751465e-01
2.276666666666666572e+01,1.244852662086486816e+00
2.280000000000000071e+01,6.472173333168029785e-01
2.283333333333333215e+01,1.501232683658599854e-01
2.286666666666666714e+01,-1.045513272285461426e+00
2.289999999999999858e+01,-2.479099035263061523e+00
2.293333333333333357e+01,-1.155816078186035156e+00
2.296666666666666501e+01,2.153689712285995483e-01
2.300000000000000000e+01,7.543719410896301270e-01
2.303333333333333144e+01,3.005774617195129395e-01
2.306666666666666643e+01,-1.811706423759460449e-01
2.310000000000000142e+01,2.783717215061187744e-01
2.313333333333333286e+01,7.010014057159423828e-01
2.316666666666666785e+01,2.034230947494506836e+00
2.319999999999999929e+01,3.542904853820800781e-01
2.323333333333333428e+01,-9.498594701290130615e-02
2.326666666666666572e+01,-8.373748660087585449e-01
2.330000000000000071e+01,-4.463071227073669434e-01
2.333333333333333215e+01,2.002013102173805237e-02
2.336666666666666714e+01,4.157347604632377625e-02
2.339999999999999858e+01,-3.638367950916290283e-01
2.343333333333333357e+01,-1.847707033157348633e+00
2.346666666666666501e+01,-1.262119650840759277e+00
2.350000000000000000e+01,-4.908287525177001953e-01
2.353333333333333144e+01,8.419829010963439941e-01
2.356666666666666643e+01,3.690775036811828613e-01
2.360000000000000142e+01,-1.078088521957397461e+00
2.363333333333333286e+01,2.770545482635498047e-01
2.366666666666666785e+01,1.639835715293884277e+00
2.369999999999999929e+01,2.152346819639205933e-01
2.373333333333333428e+01,5.993858575820922852e-01
2.376666666666666572e+01,1.185087561607360840e-01
2.380000000000000071e+01,-3.153614401817321777e-01
2.383333333333333215e+01,1.427280157804489136e-01
2.386666666666666714e+01,5.814566612243652344e-01
2.389999999999999858e+01,8.625378608703613281e-01
2.393333333333333357e+01,8.987682461738586426e-01
2.396666666666666501e+01,5.305129289627075195e-01
2.400000000000000000e+01,-8.043349981307983398e-01
2.403333333333333144e+01,-3.932975232601165771e-01
2.406666666666666643e+01,1.176611185073852539e+00
2.410000000000000142e+01,8.129321336746215820e-01
2.413333333333333286e+01,-3.317207396030426025e-01
2.416666666666666785e+01,-1.590187311172485352e+00
2.419999999999999929e+01,-2.331164360046386719e+00
2.423333333333333428e+01,-8.290433287620544434e-01
2.426666666666666572e+01,6.174913048744201660e-01
2.430000000000000071e+01,-6.182070374488830566e-01
2.433333333333333215e+01,-2.576172351837158203e-01
2.436666666666666714e+01,1.564262956380844116e-01
2.439999999999999858e+01,-2.319073081016540527e-01
2.443333333333333357e+01,-6.209329962730407715e-01
2.446666666666666501e+01,8.704073429107666016e-01
2.450000000000000000e+01,-6.232646703720092773e-01
2.453333333333333144e+01,-3.330894708633422852e-01
2.456666666666666643e+01,-3.072907961905002594e-02
2.460000000000000142e+01,1.432672142982482910e+00
2.463333333333333286e+01,1.110095381736755371e+00
2.466666666666666785e+01,-3.683555424213409424e-01
2.469999999999999929e+01,9.972403049468994141e-01
2.473333333333333428e+01,6.070194244384765625e-01
2.476666666666666572e+01,-4.616375863552093506e-01
2.480000000000000071e+01,-1.880568981170654297e+00
2.483333333333333215e+01,-8.192017674446105957e-01
2.486666666666666714e+01,-4.530431330204010010e-01
2.489999999999999858e+01,1.182631373405456543e+00
2.493333333333333357e+01,2.521748304367065430e+00
2.496666666666666501e+01,1.285271048545837402e+00
2.500000000000000000e+01,-3.093299269676208496e-01
2.503333333333333144e+01,-6.786555051803588867e-01
2.506666666666666643e+01,-2.560265362262725830e-01
2.510000000000000142e+01,1.007955431938171387e+00
2.513333333333333286e+01,5.655118227005004883e-01
2.516666666666666785e+01,-7.781534790992736816e-01
2.519999999999999929e+01,-3.542599976062774658e-01
2.523333333333333428e+01,-9.774417281150817871e-01
2.526666666666666572e+01,-1.176037073135375977e+00
2.530000000000000071e+01,1.997936069965362549e-01
2.533333333333333215e+01,1.491798043251037598e+00
2.536666666666666714e+01,2.068502306938171387e-01
2.539999999999999858e+01,-1.323148369789123535e+00
2.543333333333333357e+01,-1.399838805198669434e+00
2.546666666666666501e+01,-2.582072466611862183e-02
2.550000000000000000e+01,1.134396076202392578e+00
2.553333333333333144e+01,-4.490897059440612793e-01
2.556666666666666643e+01,-3.759250789880752563e-02
2.560000000000000142e+01,-3.251004517078399658e-01
2.563333333333333286e+01,6.931451708078384399e-02
2.566666666666666785e+01,1.013561487197875977e+00
2.569999999999999929e+01,6.695310473442077637e-01
2.573333333333333428e+01,3.137504756450653076e-01
2.576666666666666572e+01,-1.043910026550292969e+00
2.580000000000000071e+01,-6.897032856941223145e-01
2.583333333333333215e+01,-3.275659680366516113e-01
2.586666666666666714e+01,-6.924058794975280762e-01
2.589999999999999858e+01,6.180964708328247070e-01
2.593333333333333357e+01,9.978083372116088867e-01
2.596666666666666501e+01,4.320462644100189209e-01
2.600000000000000000e+01,1.473614126443862915e-01
2.603333333333333144e+01,-1.209931492805480957e+00
2.606666666666666643e+01,-9.258520603179931641e-01
2.609999999999999787e+01,8.074855208396911621e-01
2.613333333333333286e+01,1.720407605171203613e+00
2.616666666666666785e+01,4.330336451530456543e-01
2.619999999999999929e+01,1.250357031822204590e-01
2.623333333333333428e+01,-1.422466158866882324e+00
2.626666666666666572e+01,-1.114879250526428223e+00
2.630000000000000071e+01,1.686559617519378662e-01
2.633333333333333215e+01,1.833021163940429688e+00
2.636666666666666714e+01,4.847531318664550781e-01
2.639999999999999858e+01,-8.367782831192016602e-01
2.643333333333333357e+01,-1.244706630706787109e+00
2.646666666666666501e+01,-9.226322174072265625e-01
2.650000000000000000e+01,5.781054496765136719e-01
2.653333333333333144e+01,1.314271450042724609e+00
2.656666666666666643e+01,9.754491448402404785e-01
2.659999999999999787e+01,-6.776555776596069336e-01
2.663333333333333286e+01,-2.260234355926513672e+00
2.666666666666666785e+01,-8.384839296340942383e-01
2.669999999999999929e+01,4.243470728397369385e-01
2.673333333333333428e+01,1.537459015846252441e+00
2.676666666666666572e+01,2.077315151691436768e-01
2.680000000000000071e+01,-2.942712306976318359e-01
2.683333333333333215e+01,-5.806689858436584473e-01
2.686666666666666714e+01,-1.644594967365264893e-01
2.689999999999999858e+01,1.358570933341979980e+00
2.693333333333333357e+01,8.420664072036743164e-01
2.696666666666666501e+01,-4.235332310199737549e-01
2.700000000000000000e+01,1.002898532897233963e-02
2.703333333333333144e+01,-2.887658178806304932e-01
2.706666666666666643e+01,-6.614226102828979492e-01
2.709999999999999787e+01,-1.748332381248474121e-01
2.713333333333333286e+01,3.403472900390625000e-01
2.716666666666666785e+01,-1.922796666622161865e-01
2.719999999999999929e+01,9.604863524436950684e-01
2.723333333333333428e+01,1.444719672203063965e+00
2.726666666666666572e+01,-1.148068979382514954e-01
2.730000000000000071e+01,-6.406279206275939941e-01
2.733333333333333215e+01,-1.300224423408508301e+00
2.736666666666666714e+01,-7.371526956558227539e-01
2.739999999999999858e+01,7.055917978286743164e-01
2.743333333333333357e+01,1.172272443771362305e+00
2.746666666666666501e+01,1.247270405292510986e-02
2.750000000000000000e+01,-1.315158009529113770e+00
2.753333333333333144e+01,-3.904077112674713135e-01
2.756666666666666643e+01,1.144226074218750000e+00
2.759999999999999787e+01,-6.753430515527725220e-02
2.763333333333333286e+01,-9.322803616523742676e-01
2.766666666666666785e+01,1.547713577747344971e-01
2.769999999999999929e+01,-5.330028533935546875e-01
2.773333333333333428e+01,-1.815620183944702148e+00
2.776666666666666572e+01,-6.869097352027893066e-01
2.780000000000000071e+01,8.905519843101501465e-01
2.783333333333333215e+01,2.278623580932617188e+00
2.786666666666666714e+01,1.884015679359436035e+00
2.789999999999999858e+01,4.986332654953002930e-01
2.793333333333333357e+01,-1.026998639106750488e+00
2.796666666666666501e+01,-3.990958631038665771e-01
2.800000000000000000e+01,8.195411562919616699e-01
2.803333333333333144e+01,1.382294416427612305e+00
2.806666666666666643e+01,-1.633863449096679688e-01
2.809999999999999787e+01,-8.180645108222961426e-01
2.813333333333333286e+01,-1.510402202606201172e+00
2.816666666666666785e+01,-8.914608359336853027e-01
2.819999999999999929e+01,-6.182318180799484253e-02
2.823333333333333428e+01,-1.430870532989501953e+00
2.826666666666666572e+01,-6.616577506065368652e-01
2.830000000000000071e+01,7.656665444374084473e-01
2.833333333333333215e+01,7.765564601868391037e-03
2.836666666666666714e+01,-7.167695164680480957e-01
2.839999999999999858e+01,4.831919074058532715e-01
2.843333333333333357e+01,1.175292015075683594e+00
2.846666666666666501e+01,-3.168945014476776123e-01
2.850000000000000000e+01,-8.924455642700195312e-01
2.853333333333333144e+01,2.646727561950683594e-01
2.856666666666666643e+01,8.476222753524780273e-01
2.859999999999999787e+01,1.502831339836120605e+00
2.863333333333333286e+01,3.176657855510711670e-01
2.866666666666666785e+01,-4.788413047790527344e-01
2.869999999999999929e+01,-2.897121906280517578e-01
2.873333333333333428e+01,3.521499931812286377e-01
2.876666666666666572e+01,8.512097001075744629e-01
2.880000000000000071e+01,2.951111793518066406e-01
2.883333333333333215e+01,-2.239386141300201416e-01
2.886666666666666714e+01,-1.730501890182495117e+00
2.889999999999999858e+01,-1.194911956787109375e+00
2.893333333333333357e+01,7.511314749717712402e-02
2.896666666666666501e+01,1.475400209426879883e+00
2.900000000000000000e+01,9.906876087188720703e-01
2.903333333333333144e+01,-5.207710266113281250e-01
2.906666666666666643e+01,-1.242050409317016602e+00
2.909999999999999787e+01,1.135990619659423828e-01
2.913333333333333286e+01,1.380203962326049805e+00
2.916666666666666785e+01,-3.717364370822906494e-02
2.919999999999999929e+01,-1.356506705284118652e+00
2.923333333333333428e+01,-1.438658982515335083e-01
2.926666666666666572e+01,1.344123840332031250e+00
2.930000000000000071e+01,-1.051945537328720093e-01
2.933333333333333215e+01,-1.417595267295837402e+00
2.936666666666666714e+01,-1.610834151506423950e-01
2.939999999999999858e+01,1.396861195564270020e+00
2.943333333333333357e+01,-1.935067214071750641e-02
2.946666666666666501e+01,-1.266531705856323242e+00
2.950000000000000000e+01,6.786775309592485428e-03
2.953333333333333144e+01,-2.418307512998580933e-01
2.956666666666666643e+01,3.324967920780181885e-01
2.959999999999999787e+01,1.039028167724609375e+00
2.963333333333333286e+01,-1.928567700088024139e-02
2.966666666666666785e+01,-8.274003863334655762e-01
2.969999999999999929e+01,-1.575561046600341797e+00
2.973333333333333428e+01,-2.654917538166046143e-01
2.976666666666666572e+01,1.052541732788085938e+00
2.980000000000000071e+01,1.878506422042846680e+00
2.983333333333333215e+01,5.407276153564453125e-01
2.986666666666666714e+01,-8.597092032432556152e-01
2.989999999999999858e+01,4.514923393726348877e-01
2.993333333333333357e+01,1.831912755966186523e+00
2.996666666666666501e+01,1.344269275665283203e+00
3.000000000000000000e+01,-1.147264689207077026e-01
3.003333333333333144e+01,-1.537831425666809082e+00
3.006666666666666643e+01,-6.390238404273986816e-01
3.009999999999999787e+01,2.544546127319335938e-01
3.013333333333333286e+01,6.729658246040344238e-01
3.016666666666666785e+01,-6.513368487358093262e-01
3.019999999999999929e+01,-1.212679386138916016e+00
3.023333333333333428e+01,-1.878381133079528809e+00
3.026666666666666572e+01,-6.612157225608825684e-01
3.030000000000000071e+01,8.723141252994537354e-02
3.033333333333333215e+01,1.048738837242126465e+00
3.036666666666666714e+01,5.007478594779968262e-01
3.039999999999999858e+01,-5.473864674568176270e-01
3.043333333333333357e+01,-1.354606509208679199e+00
3.046666666666666501e+01,-8.927638642489910126e-03
3.050000000000000000e+01,1.377430796623229980e+00
3.053333333333333144e+01,1.085733294486999512e+00
3.056666666666666643e+01,-3.544929325580596924e-01
3.059999999999999787e+01,-1.608257651329040527e+00
3.063333333333333286e+01,-2.250121235847473145e-01
3.066666666666666785e+01,1.020088434219360352e+00
3.069999999999999929e+01,2.485355436801910400e-01
3.073333333333333428e+01,-1.144081711769104004e+00
3.076666666666666572e+01,-4.378310441970825195e-01
3.080000000000000071e+01,6.905854344367980957e-01
3.083333333333333215e+01,1.473601698875427246e+00
3.086666666666666714e+01,8.002398014068603516e-01
3.089999999999999858e+01,1.671705511398613453e-03
3.093333333333333357e+01,6.323193907737731934e-01
3.096666666666666501e+01,2.356286048889160156e-01
3.100000000000000000e+01,-1.005540132522583008e+00
3.103333333333333144e+01,1.708686649799346924e-01
3.106666666666666643e+01,1.522817492485046387e+00
3.109999999999999787e+01,7.886171936988830566e-01
3.113333333333333286e+01,-5.482615232467651367e-01
3.116666666666666785e+01,-1.694780468940734863e+00
3.119999999999999929e+01,-5.013149380683898926e-01
3.123333333333333428e+01,8.045916557312011719e-01
3.126666666666666572e+01,-5.697156786918640137e-01
3.130000000000000071e+01,-1.801565289497375488e+00
3.133333333333333215e+01,-6.082710623741149902e-01
3.136666666666666714e+01,8.219256997108459473e-01
3.139999999999999858e+01,-2.986509799957275391e-01
3.143333333333333357e+01,4.484067261219024658e-01
3.146666666666666501e+01,4.100779592990875244e-01
3.150000000000000000e+01,-3.919765949249267578e-01
3.153333333333333144e+01,8.682749271392822266e-01
3.156666666666666643e+01,1.640539050102233887e+00
3.159999999999999787e+01,6.067879199981689453e-01
3.163333333333333286e+01,-5.932982563972473145e-01
3.166666666666666785e+01,2.922033518552780151e-02
3.169999999999999929e+01,-7.120133042335510254e-01
3.173333333333333428e+01,-1.397256612777709961e+00
3.176666666666666572e+01,-6.916246563196182251e-02
3.180000000000000071e+01,5.386175513267517090e-01
3.183333333333333215e+01,-1.753841936588287354e-01
3.186666666666666714e+01,-1.398603081703186035e+00
3.189999999999999858e+01,-6.305016875267028809e-01
3.193333333333333357e+01,2.472312599420547485e-01
3.196666666666666501e+01,1.394848942756652832e+00
