0.000000000000000000e+00,-1.683447211980819702e-01
3.333333333333333287e-02,1.759304851293563843e-02
6.666666666666666574e-02,3.452315330505371094e-01
1.000000000000000056e-01,-6.387477517127990723e-01
1.333333333333333315e-01,2.770506143569946289e-01
1.666666666666666574e-01,4.638815224170684814e-01
2.000000000000000111e-01,-6.363341808319091797e-01
2.333333333333333370e-01,-3.007602691650390625e-01
2.666666666666666630e-01,9.129322767257690430e-01
2.999999999999999889e-01,-2.734791338443756104e-01
3.333333333333333148e-01,-1.378835320472717285e+00
3.666666666666666408e-01,-1.170124486088752747e-01
4.000000000000000222e-01,1.180723905563354492e+00
4.333333333333333481e-01,-1.081113070249557495e-01
4.666666666666666741e-01,-1.328765153884887695e+00
5.000000000000000000e-01,-9.708888828754425049e-02
5.333333333333333259e-01,1.069785237312316895e+00
5.666666666666666519e-01,-2.241168916225433350e-01
5.999999999999999778e-01,-1.411803007125854492e+00
6.333333333333333037e-01,-2.099055945873260498e-01
6.666666666666666297e-01,1.044245362281799316e+00
6.999999999999999556e-01,-1.628376841545104980e-01
7.333333333333332815e-01,-1.361711144447326660e+00
7.666666666666666075e-01,-1.804210841655731201e-01
8.000000000000000444e-01,1.077931165695190430e+00
8.333333333333333703e-01,-1.755465418100357056e-01
8.666666666666666963e-01,-1.357952356338500977e+00
9.000000000000000222e-01,-1.501815766096115112e-01
9.333333333333333481e-01,1.100862503051757812e+00
9.666666666666666741e-01,-2.037029713392257690e-01
1.000000000000000000e+00,-1.356891274452209473e+00
1.033333333333333215e+00,-1.268429905176162720e-01
1.066666666666666652e+00,1.088206171989440918e+00
1.100000000000000089e+00,-1.850047111511230469e-01
1.133333333333333304e+00,-1.339400410652160645e+00
1.166666666666666741e+00,-1.202486306428909302e-01
1.199999999999999956e+00,1.134630322456359863e+00
1.233333333333333393e+00,-9.317123144865036011e-02
1.266666666666666607e+00,-1.284027338027954102e+00
1.300000000000000044e+00,-1.106621399521827698e-01
1.333333333333333259e+00,1.132602214813232422e+00
1.366666666666666696e+00,-4.447771608829498291e-02
1.399999999999999911e+00,-1.209813714027404785e+00
1.433333333333333348e+00,-9.029684960842132568e-02
1.466666666666666563e+00,1.147674918174743652e+00
1.500000000000000000e+00,1.687276735901832581e-02
1.533333333333333215e+00,-1.179593443870544434e+00
1.566666666666666652e+00,-6.694296002388000488e-02
1.600000000000000089e+00,1.177936911582946777e+00
1.633333333333333304e+00,8.153419941663742065e-03
1.666666666666666741e+00,-1.170892238616943359e+00
1.699999999999999956e+00,-6.429827306419610977e-03
1.733333333333333393e+00,1.254490852355957031e+00
1.766666666666666607e+00,1.455942401662468910e-03
1.800000000000000044e+00,-1.202917933464050293e+00
1.833333333333333259e+00,4.744361340999603271e-02
1.866666666666666696e+00,1.312863826751708984e+00
1.899999999999999911e+00,3.406971693038940430e-02
1.933333333333333348e+00,-1.234972834587097168e+00
1.966666666666666563e+00,-2.440794371068477631e-02
2.000000000000000000e+00,1.205452203750610352e+00
2.033333333333333215e+00,-2.959310077130794525e-02
2.066666666666666430e+00,-1.249045491218566895e+00
2.100000000000000089e+00,-8.891940116882324219e-02
2.133333333333333304e+00,1.096954226493835449e+00
2.166666666666666519e+00,-8.662711083889007568e-02
2.200000000000000178e+00,-1.339673042297363281e+00
2.233333333333333393e+00,-8.042082190513610840e-02
2.266666666666666607e+00,1.147091627120971680e+00
2.299999999999999822e+00,-6.418471038341522217e-02
2.333333333333333481e+00,-1.357847809791564941e+00
2.366666666666666696e+00,-9.543170034885406494e-02
2.399999999999999911e+00,1.137541055679321289e+00
2.433333333333333126e+00,-5.350650846958160400e-02
2.466666666666666785e+00,-1.327700257301330566e+00
2.500000000000000000e+00,-1.172635704278945923e-01
2.533333333333333215e+00,1.083283185958862305e+00
2.566666666666666430e+00,-4.631226509809494019e-02
2.600000000000000089e+00,-1.223489522933959961e+00
2.633333333333333304e+00,-2.440576814115047455e-02
2.666666666666666519e+00,1.159002065658569336e+00
2.700000000000000178e+00,1.170674990862607956e-02
2.733333333333333393e+00,-1.166700363159179688e+00
2.766666666666666607e+00,7.039495557546615601e-02
2.799999999999999822e+00,1.297658801078796387e+00
2.833333333333333481e+00,1.200053095817565918e-01
2.866666666666666696e+00,-1.115544199943542480e+00
2.899999999999999911e+00,1.408732086420059204e-01
2.933333333333333126e+00,1.398813724517822266e+00
2.966666666666666785e+00,1.955790072679519653e-01
3.000000000000000000e+00,-1.048351764678955078e+00
3.033333333333333215e+00,2.044816613197326660e-01
3.066666666666666430e+00,1.429509162902832031e+00
3.100000000000000089e+00,2.208579629659652710e-01
3.133333333333333304e+00,-9.533979892730712891e-01
3.166666666666666519e+00,2.540851831436157227e-01
3.200000000000000178e+00,1.422827124595642090e+00
3.233333333333333393e+00,2.439400702714920044e-01
3.266666666666666607e+00,-9.094459414482116699e-01
3.299999999999999822e+00,2.904723584651947021e-01
3.333333333333333481e+00,1.329995036125183105e+00
3.366666666666666696e+00,1.391709148883819580e-01
3.399999999999999911e+00,-1.036301374435424805e+00
3.433333333333333126e+00,1.841546297073364258e-01
3.466666666666666785e+00,1.419673800468444824e+00
3.500000000000000000e+00,2.129700779914855957e-01
3.533333333333333215e+00,-1.024371862411499023e+00
3.566666666666666430e+00,1.977961808443069458e-01
3.600000000000000089e+00,1.399436354637145996e+00
3.633333333333333304e+00,2.437158375978469849e-01
3.666666666666666519e+00,-9.522843360900878906e-01
3.699999999999999734e+00,2.348989993333816528e-01
3.733333333333333393e+00,1.402045488357543945e+00
3.766666666666666607e+00,2.073114961385726929e-01
3.799999999999999822e+00,-1.032026767730712891e+00
3.833333333333333481e+00,1.869587302207946777e-01
3.866666666666666696e+00,1.384258508682250977e+00
3.899999999999999911e+00,1.961627751588821411e-01
3.933333333333333126e+00,-1.055332899093627930e+00
3.966666666666666785e+00,1.158403605222702026e-01
4.000000000000000000e+00,1.310984134674072266e+00
4.033333333333333215e+00,9.966551512479782104e-02
4.066666666666666430e+00,-1.107898712158203125e+00
4.099999999999999645e+00,3.309410810470581055e-02
4.133333333333332860e+00,1.220620512962341309e+00
4.166666666666666963e+00,2.470640465617179871e-02
4.200000000000000178e+00,-1.165157914161682129e+00
4.233333333333333393e+00,-4.491578415036201477e-02
4.266666666666666607e+00,1.133997678756713867e+00
4.299999999999999822e+00,-1.845943741500377655e-02
4.333333333333333037e+00,-1.281233072280883789e+00
4.366666666666666252e+00,-4.215621203184127808e-02
4.400000000000000355e+00,1.201882839202880859e+00
4.433333333333333570e+00,9.504362009465694427e-03
4.466666666666666785e+00,-1.305987954139709473e+00
4.500000000000000000e+00,-7.707177847623825073e-02
4.533333333333333215e+00,1.193313956260681152e+00
4.566666666666666430e+00,2.709264121949672699e-02
4.599999999999999645e+00,-1.178535580635070801e+00
4.633333333333332860e+00,9.528499841690063477e-02
4.666666666666666963e+00,1.282638192176818848e+00
4.700000000000000178e+00,1.073469128459692001e-02
4.733333333333333393e+00,-1.191560029983520508e+00
4.766666666666666607e+00,4.265719652175903320e-02
4.799999999999999822e+00,1.262745022773742676e+00
4.833333333333333037e+00,2.509129233658313751e-02
4.866666666666666252e+00,-1.193947553634643555e+00
4.900000000000000355e+00,-1.317071914672851562e-02
4.933333333333333570e+00,1.201904892921447754e+00
4.966666666666666785e+00,-5.481078755110502243e-03
5.000000000000000000e+00,-1.225505471229553223e+00
5.033333333333333215e+00,-4.701015725731849670e-02
5.066666666666666430e+00,1.185550212860107422e+00
5.099999999999999645e+00,-2.317970618605613708e-02
5.133333333333332860e+00,-1.211078763008117676e+00
5.166666666666666963e+00,1.210748776793479919e-02
5.200000000000000178e+00,1.257159233093261719e+00
5.233333333333333393e+00,5.574202165007591248e-02
5.266666666666666607e+00,-1.126224875450134277e+00
5.299999999999999822e+00,1.290220469236373901e-01
5.333333333333333037e+00,1.401887655258178711e+00
5.366666666666666252e+00,1.461317986249923706e-01
5.400000000000000355e+00,-1.024955034255981445e+00
5.433333333333333570e+00,3.099215030670166016e-01
5.466666666666666785e+00,1.479569792747497559e+00
5.500000000000000000e+00,1.765918433666229248e-01
5.533333333333333215e+00,-1.035016179084777832e+00
5.566666666666666430e+00,2.030114531517028809e-01
5.599999999999999645e+00,1.380092620849609375e+00
5.633333333333332860e+00,1.821514219045639038e-01
5.666666666666666963e+00,-9.534613490104675293e-01
5.700000000000000178e+00,2.880892455577850342e-01
5.733333333333333393e+00,1.387721776962280273e+00
5.766666666666666607e+00,2.117451578378677368e-01
5.799999999999999822e+00,-1.017589211463928223e+00
5.833333333333333037e+00,2.054514884948730469e-01
5.866666666666666252e+00,1.378635048866271973e+00
5.900000000000000355e+00,1.712204366922378540e-01
5.933333333333333570e+00,-1.075314760208129883e+00
5.966666666666666785e+00,1.231753677129745483e-01
6.000000000000000000e+00,1.318698644638061523e+00
6.033333333333333215e+00,1.188642531633377075e-01
6.066666666666666430e+00,-1.132260203361511230e+00
6.099999999999999645e+00,8.955381810665130615e-02
6.133333333333332860e+00,1.266743063926696777e+00
6.166666666666666963e+00,6.354445219039916992e-02
6.200000000000000178e+00,-1.135254025459289551e+00
6.233333333333333393e+00,1.391142755746841431e-01
6.266666666666666607e+00,1.321894884109497070e+00
6.299999999999999822e+00,8.055237680673599243e-02
6.333333333333333037e+00,-1.119067072868347168e+00
6.366666666666666252e+00,1.082533299922943115e-01
6.400000000000000355e+00,1.305420279502868652e+00
6.433333333333333570e+00,7.899652421474456787e-02
6.466666666666666785e+00,-1.117040872573852539e+00
6.500000000000000000e+00,9.329129755496978760e-02
6.533333333333333215e+00,1.329938530921936035e+00
6.566666666666666430e+00,1.235341429710388184e-01
6.599999999999999645e+00,-1.072707533836364746e+00
6.633333333333332860e+00,1.383905559778213501e-01
6.666666666666666963e+00,1.349581599235534668e+00
6.700000000000000178e+00,1.255087703466415405e-01
6.733333333333333393e+00,-1.060423851013183594e+00
6.766666666666666607e+00,9.137165546417236328e-02
6.799999999999999822e+00,1.391067147254943848e+00
6.833333333333333037e+00,2.515456676483154297e-01
6.866666666666666252e+00,-9.557371735572814941e-01
6.899999999999999467e+00,2.489870637655258179e-01
6.933333333333333570e+00,1.392679095268249512e+00
6.966666666666666785e+00,1.340930908918380737e-01
7.000000000000000000e+00,-9.165419936180114746e-01
7.033333333333333215e+00,3.570497632026672363e-01
7.066666666666666430e+00,1.503954529762268066e+00
7.099999999999999645e+00,2.981925308704376221e-01
7.133333333333332860e+00,-8.389726877212524414e-01
7.166666666666666963e+00,4.217543303966522217e-01
7.200000000000000178e+00,9.557968378067016602e-01
7.233333333333333393e+00,-6.573303043842315674e-02
7.266666666666666607e+00,-1.266148686408996582e+00
7.299999999999999822e+00,-8.656957745552062988e-02
7.333333333333333037e+00,1.259900093078613281e+00
7.366666666666666252e+00,5.514584854245185852e-02
7.399999999999999467e+00,-1.270503520965576172e+00
7.433333333333333570e+00,-4.604508355259895325e-02
7.466666666666666785e+00,1.231014490127563477e+00
7.500000000000000000e+00,6.827675551176071167e-02
7.533333333333333215e+00,-1.147338032722473145e+00
7.566666666666666430e+00,7.594884186983108521e-02
7.599999999999999645e+00,1.358488678932189941e+00
7.633333333333332860e+00,2.081689387559890747e-01
7.666666666666666963e+00,-1.033349394798278809e+00
7.700000000000000178e+00,2.762790955603122711e-02
7.733333333333333393e+00,1.225640058517456055e+00
7.766666666666666607e+00,-1.910779997706413269e-02
7.799999999999999822e+00,-1.284556388854980469e+00
7.833333333333333037e+00,-7.065112888813018799e-02
7.866666666666666252e+00,1.139925956726074219e+00
7.899999999999999467e+00,-9.495539963245391846e-02
7.933333333333333570e+00,-1.379434585571289062e+00
7.966666666666666785e+00,-1.455823183059692383e-01
8.000000000000000000e+00,1.099523663520812988e+00
8.033333333333333215e+00,-1.351244300603866577e-01
8.066666666666666430e+00,-1.396908879280090332e+00
8.099999999999999645e+00,-1.285963058471679688e-01
8.133333333333332860e+00,1.132393121719360352e+00
8.166666666666666075e+00,-1.381735503673553467e-01
8.199999999999999289e+00,-1.197467088699340820e+00
8.233333333333332504e+00,1.581037193536758423e-01
8.266666666666665719e+00,1.356479167938232422e+00
8.300000000000000711e+00,2.712942361831665039e-01
8.333333333333333925e+00,-7.981530427932739258e-01
8.366666666666667140e+00,2.966345846652984619e-01
8.400000000000000355e+00,1.241293907165527344e+00
8.433333333333333570e+00,-2.159198047593235970e-03
8.466666666666666785e+00,-8.906455636024475098e-01
8.500000000000000000e+00,3.843092620372772217e-01
8.533333333333333215e+00,1.208585619926452637e+00
8.566666666666666430e+00,-1.672500520944595337e-01
8.599999999999999645e+00,-1.154568791389465332e+00
8.633333333333332860e+00,1.101484596729278564e-01
8.666666666666666075e+00,1.308256149291992188e+00
8.699999999999999289e+00,1.336639821529388428e-01
8.733333333333332504e+00,-8.733000755310058594e-01
8.766666666666665719e+00,4.433385431766510010e-01
8.800000000000000711e+00,1.181275963783264160e+00
8.833333333333333925e+00,5.390784144401550293e-02
8.866666666666667140e+00,-1.015754699707031250e+00
8.900000000000000355e+00,2.816480398178100586e-01
8.933333333333333570e+00,1.575373053550720215e+00
8.966666666666666785e+00,3.950654268264770508e-01
9.000000000000000000e+00,-7.908967733383178711e-01
9.033333333333333215e+00,3.424120843410491943e-01
9.066666666666666430e+00,1.056945562362670898e+00
9.099999999999999645e+00,5.139749869704246521e-02
9.133333333333332860e+00,-1.095526695251464844e+00
9.166666666666666075e+00,1.783734112977981567e-01
9.199999999999999289e+00,1.613918185234069824e+00
9.233333333333332504e+00,5.902447104454040527e-01
9.266666666666665719e+00,-7.725827097892761230e-01
9.300000000000000711e+00,-3.982974216341972351e-02
9.333333333333333925e+00,1.174124002456665039e+00
9.366666666666667140e+00,1.147061288356781006e-01
9.400000000000000355e+00,-1.109781146049499512e+00
9.433333333333333570e+00,2.109650522470474243e-01
9.466666666666666785e+00,1.447469711303710938e+00
9.500000000000000000e+00,4.553711414337158203e-01
9.533333333333333215e+00,-7.788859605789184570e-01
9.566666666666666430e+00,4.891124963760375977e-01
9.599999999999999645e+00,6.365513205528259277e-01
9.633333333333332860e+00,-5.433461666107177734e-01
9.666666666666666075e+00,-2.396117448806762695e-01
9.699999999999999289e+00,1.005502939224243164e+00
9.733333333333332504e+00,-1.223832443356513977e-01
9.766666666666665719e+00,-1.389958262443542480e+00
9.800000000000000711e+00,-4.902791082859039307e-01
9.833333333333333925e+00,9.353383779525756836e-01
9.866666666666667140e+00,-2.855285108089447021e-01
9.900000000000000355e+00,-1.258728384971618652e+00
9.933333333333333570e+00,-1.419929116964340210e-01
9.966666666666666785e+00,1.477827072143554688e+00
1.000000000000000000e+01,3.735693991184234619e-01
1.003333333333333321e+01,-6.976420283317565918e-01
1.006666666666666643e+01,1.339744627475738525e-01
1.009999999999999964e+01,2.615408599376678467e-01
1.013333333333333286e+01,-6.390422582626342773e-01
1.016666666666666607e+01,5.733667612075805664e-01
1.019999999999999929e+01,2.305870950222015381e-01
1.023333333333333250e+01,-1.117112278938293457e+00
1.026666666666666572e+01,-3.015459328889846802e-02
1.030000000000000071e+01,1.115471839904785156e+00
1.033333333333333393e+01,-6.099262461066246033e-02
1.036666666666666714e+01,-1.221381664276123047e+00
1.040000000000000036e+01,6.188334524631500244e-02
1.043333333333333357e+01,1.282960772514343262e+00
1.046666666666666679e+01,1.727840676903724670e-02
1.050000000000000000e+01,-1.120665073394775391e+00
1.053333333333333321e+01,-8.124214410781860352e-02
1.056666666666666643e+01,1.292526483535766602e+00
1.059999999999999964e+01,9.979224950075149536e-02
1.063333333333333286e+01,-1.002843022346496582e+00
1.066666666666666607e+01,2.303042262792587280e-01
1.069999999999999929e+01,1.513760685920715332e+00
1.073333333333333250e+01,3.966624140739440918e-01
1.076666666666666572e+01,-7.898153066635131836e-01
1.080000000000000071e+01,3.956482112407684326e-01
1.083333333333333393e+01,1.047516465187072754e+00
1.086666666666666714e+01,-2.301943153142929077e-01
1.090000000000000036e+01,-1.354118824005126953e+00
1.093333333333333357e+01,-2.736683934926986694e-02
1.096666666666666679e+01,1.272987008094787598e+00
1.100000000000000000e+01,6.719153374433517456e-02
1.103333333333333321e+01,-1.133098244667053223e+00
1.106666666666666643e+01,1.804182082414627075e-01
1.109999999999999964e+01,1.386589407920837402e+00
1.113333333333333286e+01,2.787498831748962402e-01
1.116666666666666607e+01,-9.387072324752807617e-01
1.119999999999999929e+01,2.911052703857421875e-01
1.123333333333333250e+01,1.450250625610351562e+00
1.126666666666666572e+01,2.569915056228637695e-01
1.130000000000000071e+01,-8.562611341476440430e-01
1.133333333333333393e+01,4.906498491764068604e-01
1.136666666666666714e+01,9.919724464416503906e-01
1.140000000000000036e+01,-1.577908545732498169e-01
1.143333333333333357e+01,-1.352550983428955078e+00
1.146666666666666679e+01,-1.297856420278549194e-01
1.150000000000000000e+01,9.273267984390258789e-01
1.153333333333333321e+01,-3.623319268226623535e-01
1.156666666666666643e+01,-1.275300860404968262e+00
1.159999999999999964e+01,7.945056073367595673e-03
1.163333333333333286e+01,1.211341619491577148e+00
1.166666666666666607e+01,-2.774109691381454468e-02
1.169999999999999929e+01,-1.227350115776062012e+00
1.173333333333333250e+01,-5.268451943993568420e-02
1.176666666666666572e+01,1.054121851921081543e+00
1.180000000000000071e+01,1.302168797701597214e-02
1.183333333333333393e+01,-1.247726321220397949e+00
1.186666666666666714e+01,1.607270538806915283e-02
1.190000000000000036e+01,1.216655850410461426e+00
1.193333333333333357e+01,1.572082377970218658e-02
1.196666666666666679e+01,-1.184759378433227539e+00
1.200000000000000000e+01,-8.985822647809982300e-02
1.203333333333333321e+01,1.080737829208374023e+00
1.206666666666666643e+01,-9.384113550186157227e-02
1.209999999999999964e+01,-1.437415122985839844e+00
1.213333333333333286e+01,-1.014775410294532776e-01
1.216666666666666607e+01,1.124554514884948730e+00
1.219999999999999929e+01,-2.540657818317413330e-01
1.223333333333333250e+01,-1.273068189620971680e+00
1.226666666666666572e+01,-6.305848062038421631e-02
1.230000000000000071e+01,1.092052221298217773e+00
1.233333333333333393e+01,-2.848205268383026123e-01
1.236666666666666714e+01,-1.468398690223693848e+00
1.240000000000000036e+01,-1.609770208597183228e-01
1.243333333333333357e+01,1.000758051872253418e+00
1.246666666666666679e+01,-5.851963534951210022e-02
1.250000000000000000e+01,-1.160567760467529297e+00
1.253333333333333321e+01,2.405574731528759003e-02
1.256666666666666643e+01,1.192402839660644531e+00
1.259999999999999964e+01,8.213672041893005371e-02
1.263333333333333286e+01,-1.048480987548828125e+00
1.266666666666666607e+01,3.661576192826032639e-03
1.269999999999999929e+01,1.114684820175170898e+00
1.273333333333333250e+01,3.987119346857070923e-02
1.276666666666666572e+01,-1.247541546821594238e+00
1.280000000000000071e+01,4.260038584470748901e-02
1.283333333333333393e+01,1.413030743598937988e+00
1.286666666666666714e+01,3.000815510749816895e-01
1.290000000000000036e+01,-7.760054469108581543e-01
1.293333333333333357e+01,5.752266645431518555e-01
1.296666666666666679e+01,6.273528933525085449e-01
1.300000000000000000e+01,-5.534684062004089355e-01
1.303333333333333321e+01,-5.783773660659790039e-01
1.306666666666666643e+01,7.430021166801452637e-01
1.309999999999999964e+01,2.493652552366256714e-01
1.313333333333333286e+01,-9.079061746597290039e-01
1.316666666666666607e+01,2.524689435958862305e-01
1.319999999999999929e+01,1.456870675086975098e+00
1.323333333333333250e+01,2.058131992816925049e-01
1.326666666666666572e+01,-7.472902536392211914e-01
1.329999999999999893e+01,6.077409982681274414e-01
1.333333333333333393e+01,5.046710968017578125e-01
1.336666666666666714e+01,-5.911994576454162598e-01
1.340000000000000036e+01,1.784582883119583130e-01
1.343333333333333357e+01,9.097065329551696777e-01
1.346666666666666679e+01,-3.845468163490295410e-01
1.350000000000000000e+01,-1.138370394706726074e+00
1.353333333333333321e+01,5.277258902788162231e-02
1.356666666666666643e+01,1.294920682907104492e+00
1.359999999999999964e+01,1.623572707176208496e-01
1.363333333333333286e+01,-1.060222864151000977e+00
1.366666666666666607e+01,1.072634309530258179e-01
1.369999999999999929e+01,1.435621619224548340e+00
1.373333333333333250e+01,2.371967732906341553e-01
1.376666666666666572e+01,-9.163136482238769531e-01
1.379999999999999893e+01,3.738040626049041748e-01
1.383333333333333393e+01,1.245989561080932617e+00
1.386666666666666714e+01,1.504702866077423096e-01
1.390000000000000036e+01,-9.847738742828369141e-01
1.393333333333333357e+01,5.110353827476501465e-01
1.396666666666666679e+01,1.052580118179321289e+00
1.400000000000000000e+01,-1.518965512514114380e-01
1.403333333333333321e+01,-1.452317118644714355e+00
1.406666666666666643e+01,-2.660692930221557617e-01
1.409999999999999964e+01,1.104171752929687500e+00
1.413333333333333286e+01,-7.857160270214080811e-02
1.416666666666666607e+01,-1.263096570968627930e+00
1.419999999999999929e+01,2.935946360230445862e-02
1.423333333333333250e+01,1.107085227966308594e+00
1.426666666666666572e+01,-1.338728070259094238e-01
1.429999999999999893e+01,-1.305403351783752441e+00
1.433333333333333393e+01,-1.359279751777648926e-01
1.436666666666666714e+01,1.074125170707702637e+00
1.440000000000000036e+01,-1.788347512483596802e-01
1.443333333333333357e+01,-1.477154016494750977e+00
1.446666666666666679e+01,-1.518193036317825317e-01
1.450000000000000000e+01,1.180393457412719727e+00
1.453333333333333321e+01,1.059593781828880310e-01
1.456666666666666643e+01,-1.106581807136535645e+00
1.459999999999999964e+01,5.911758914589881897e-02
1.463333333333333286e+01,1.461538791656494141e+00
1.466666666666666607e+01,2.802470624446868896e-01
1.469999999999999929e+01,-9.078946709632873535e-01
1.473333333333333250e+01,3.099854588508605957e-01
1.476666666666666572e+01,1.255888700485229492e+00
1.479999999999999893e+01,3.787956386804580688e-02
1.483333333333333393e+01,-1.172762036323547363e+00
1.486666666666666714e+01,3.024630993604660034e-02
1.490000000000000036e+01,1.448272466659545898e+00
1.493333333333333357e+01,3.989745378494262695e-01
1.496666666666666679e+01,-7.384558320045471191e-01
1.500000000000000000e+01,3.052159249782562256e-01
1.503333333333333321e+01,9.164280295372009277e-01
1.506666666666666643e+01,-5.012636780738830566e-01
1.509999999999999964e+01,-1.148831844329833984e+00
1.513333333333333286e+01,1.209259107708930969e-01
1.516666666666666607e+01,1.487819194793701172e+00
1.519999999999999929e+01,1.607792973518371582e-01
1.523333333333333250e+01,-1.100682139396667480e+00
1.526666666666666572e+01,8.453855663537979126e-02
1.529999999999999893e+01,1.441231608390808105e+00
1.533333333333333393e+01,6.013743951916694641e-02
1.536666666666666714e+01,-9.434920549392700195e-01
1.540000000000000036e+01,3.389900326728820801e-01
1.543333333333333357e+01,1.302025437355041504e+00
1.546666666666666679e+01,6.215485185384750366e-02
1.550000000000000000e+01,-1.073317766189575195e+00
1.553333333333333321e+01,1.463991701602935791e-01
1.556666666666666643e+01,1.460778713226318359e+00
1.559999999999999964e+01,3.256026208400726318e-01
1.563333333333333286e+01,-1.036073207855224609e+00
1.566666666666666607e+01,1.937989145517349243e-01
1.569999999999999929e+01,1.462238073348999023e+00
1.573333333333333250e+01,2.832552194595336914e-01
1.576666666666666572e+01,-7.543810606002807617e-01
1.579999999999999893e+01,5.078189969062805176e-01
1.583333333333333393e+01,7.141915559768676758e-01
1.586666666666666714e+01,-4.528014361858367920e-01
1.590000000000000036e+01,-6.947132945060729980e-01
1.593333333333333357e+01,4.836996197700500488e-01
1.596666666666666679e+01,6.870395541191101074e-01
1.600000000000000000e+01,-3.885150253772735596e-01
1.603333333333333144e+01,-8.534547686576843262e-01
1.606666666666666643e+01,2.794224917888641357e-01
1.610000000000000142e+01,1.299119114875793457e+00
1.613333333333333286e+01,1.243628636002540588e-01
1.616666666666666785e+01,-1.077372670173645020e+00
1.619999999999999929e+01,3.083331882953643799e-01
1.623333333333333428e+01,1.369441151618957520e+00
1.626666666666666572e+01,2.530374228954315186e-01
1.630000000000000071e+01,-9.403411746025085449e-01
1.633333333333333215e+01,3.558653593063354492e-01
1.636666666666666714e+01,1.355223536491394043e+00
1.639999999999999858e+01,2.270480096340179443e-01
1.643333333333333357e+01,-1.029859185218811035e+00
1.646666666666666501e+01,2.179194986820220947e-01
1.650000000000000000e+01,1.340321898460388184e+00
1.653333333333333144e+01,1.494140028953552246e-01
1.656666666666666643e+01,-1.102235317230224609e+00
1.660000000000000142e+01,2.046803236007690430e-01
1.663333333333333286e+01,1.169750213623046875e+00
1.666666666666666785e+01,-1.958449035882949829e-01
1.669999999999999929e+01,-1.246779680252075195e+00
1.673333333333333428e+01,1.016365736722946167e-01
1.676666666666666572e+01,1.310339689254760742e+00
1.680000000000000071e+01,9.548348933458328247e-02
1.683333333333333215e+01,-1.094025850296020508e+00
1.686666666666666714e+01,-6.133654620498418808e-03
1.689999999999999858e+01,1.211528778076171875e+00
1.693333333333333357e+01,5.665390938520431519e-02
1.696666666666666501e+01,-1.286647796630859375e+00
1.700000000000000000e+01,-1.671555638313293457e-01
1.703333333333333144e+01,9.949803948402404785e-01
1.706666666666666643e+01,-2.668251693248748779e-01
1.710000000000000142e+01,-1.433240652084350586e+00
1.713333333333333286e+01,-2.769062221050262451e-01
1.716666666666666785e+01,9.698033928871154785e-01
1.719999999999999929e+01,-2.520609200000762939e-01
1.723333333333333428e+01,-1.485347270965576172e+00
1.726666666666666572e+01,-3.805958032608032227e-01
1.730000000000000071e+01,7.869333028793334961e-01
1.733333333333333215e+01,-4.298938512802124023e-01
1.736666666666666714e+01,-1.067879915237426758e+00
1.739999999999999858e+01,3.297131136059761047e-02
1.743333333333333357e+01,1.255425691604614258e+00
1.746666666666666501e+01,1.232863869518041611e-02
1.750000000000000000e+01,-1.063847899436950684e+00
1.753333333333333144e+01,1.290189176797866821e-01
1.756666666666666643e+01,1.402875781059265137e+00
1.760000000000000142e+01,3.018577396869659424e-01
1.763333333333333286e+01,-9.555264711380004883e-01
1.766666666666666785e+01,-2.750577330589294434e-01
1.769999999999999929e+01,9.936711788177490234e-01
1.773333333333333428e+01,-2.153574824333190918e-01
1.776666666666666572e+01,-1.403135299682617188e+00
1.780000000000000071e+01,-1.009263470768928528e-01
1.783333333333333215e+01,1.089286804199218750e+00
1.786666666666666714e+01,-1.683746129274368286e-01
1.789999999999999858e+01,-1.290053725242614746e+00
1.793333333333333357e+01,-7.276643812656402588e-02
1.796666666666666501e+01,1.294017314910888672e+00
1.800000000000000000e+01,6.105397641658782959e-02
1.803333333333333144e+01,-1.140413045883178711e+00
1.806666666666666643e+01,7.335010170936584473e-02
1.810000000000000142e+01,1.476642966270446777e+00
1.813333333333333286e+01,4.400639832019805908e-01
1.816666666666666785e+01,-6.444839835166931152e-01
1.819999999999999929e+01,1.538234949111938477e-01
1.823333333333333428e+01,1.071865320205688477e+00
1.826666666666666572e+01,-1.457199752330780029e-01
1.830000000000000071e+01,-1.198567271232604980e+00
1.833333333333333215e+01,2.868826128542423248e-02
1.836666666666666714e+01,1.207177519798278809e+00
1.839999999999999858e+01,1.369170695543289185e-01
1.843333333333333357e+01,-1.263333797454833984e+00
1.846666666666666501e+01,1.077040135860443115e-01
1.850000000000000000e+01,1.333945512771606445e+00
1.853333333333333144e+01,2.871669232845306396e-01
1.856666666666666643e+01,-8.957829475402832031e-01
1.860000000000000142e+01,1.787802726030349731e-01
1.863333333333333286e+01,1.565662741661071777e+00
1.866666666666666785e+01,3.714953958988189697e-01
1.869999999999999929e+01,-7.771050333976745605e-01
1.873333333333333428e+01,5.798158645629882812e-01
1.876666666666666572e+01,3.061771392822265625e-01
1.880000000000000071e+01,-7.381775975227355957e-01
1.883333333333333215e+01,4.816433191299438477e-01
1.886666666666666714e+01,8.527626991271972656e-01
1.889999999999999858e+01,-3.796548843383789062e-01
1.893333333333333357e+01,-1.490578174591064453e+00
1.896666666666666501e+01,-1.385183632373809814e-01
1.900000000000000000e+01,1.198625445365905762e+00
1.903333333333333144e+01,1.987582594156265259e-01
1.906666666666666643e+01,-1.106704831123352051e+00
1.910000000000000142e+01,1.158074662089347839e-01
1.913333333333333286e+01,1.302394628524780273e+00
1.916666666666666785e+01,1.039730682969093323e-01
1.919999999999999929e+01,-8.876891136169433594e-01
1.923333333333333428e+01,3.020122647285461426e-01
1.926666666666666572e+01,1.120014071464538574e+00
1.930000000000000071e+01,6.093491613864898682e-02
1.933333333333333215e+01,-1.170852541923522949e+00
1.936666666666666714e+01,1.081171557307243347e-01
1.939999999999999858e+01,1.412231564521789551e+00
1.943333333333333357e+01,5.036923885345458984e-01
1.946666666666666501e+01,-8.551298379898071289e-01
1.950000000000000000e+01,3.451728522777557373e-01
1.953333333333333144e+01,1.090228080749511719e+00
1.956666666666666643e+01,-8.254940807819366455e-02
1.960000000000000142e+01,-1.092724561691284180e+00
1.963333333333333286e+01,2.124771624803543091e-01
1.966666666666666785e+01,1.470732808113098145e+00
1.969999999999999929e+01,1.590045690536499023e-01
1.973333333333333428e+01,-9.984450340270996094e-01
1.976666666666666572e+01,-3.597968444228172302e-02
1.980000000000000071e+01,1.285973310470581055e+00
1.983333333333333215e+01,1.087159141898155212e-01
1.986666666666666714e+01,-1.134083628654479980e+00
1.989999999999999858e+01,7.055336236953735352e-02
1.993333333333333357e+01,1.279499888420104980e+00
1.996666666666666501e+01,1.157643795013427734e-01
2.000000000000000000e+01,-1.221869111061096191e+00
2.003333333333333144e+01,-8.419957011938095093e-02
2.006666666666666643e+01,1.076523542404174805e+00
2.010000000000000142e+01,-2.302113920450210571e-01
2.013333333333333286e+01,-1.479895114898681641e+00
2.016666666666666785e+01,-3.307560980319976807e-01
2.019999999999999929e+01,7.002044320106506348e-01
2.023333333333333428e+01,-3.582850992679595947e-01
2.026666666666666572e+01,-8.181399106979370117e-01
2.030000000000000071e+01,3.211381435394287109e-01
2.033333333333333215e+01,1.310599088668823242e+00
2.036666666666666714e+01,-6.034275889396667480e-02
2.039999999999999858e+01,-1.231848716735839844e+00
2.043333333333333357e+01,1.111964415758848190e-02
2.046666666666666501e+01,1.049728035926818848e+00
2.050000000000000000e+01,-2.072380036115646362e-01
2.053333333333333144e+01,-1.277542948722839355e+00
2.056666666666666643e+01,3.672289848327636719e-02
2.060000000000000142e+01,1.280655622482299805e+00
2.063333333333333286e+01,1.891549676656723022e-02
2.066666666666666785e+01,-1.227166652679443359e+00
2.069999999999999929e+01,-1.130668669939041138e-01
2.073333333333333428e+01,1.057981967926025391e+00
2.076666666666666572e+01,-1.164098009467124939e-01
2.080000000000000071e+01,-1.341390371322631836e+00
2.083333333333333215e+01,-1.773584932088851929e-01
2.086666666666666714e+01,1.036961913108825684e+00
2.089999999999999858e+01,-2.817202806472778320e-01
2.093333333333333357e+01,-1.365154623985290527e+00
2.096666666666666501e+01,-2.731210589408874512e-01
2.100000000000000000e+01,1.153169035911560059e+00
2.103333333333333144e+01,-1.337207853794097900e-02
2.106666666666666643e+01,-1.284112811088562012e+00
2.110000000000000142e+01,-8.697748184204101562e-02
2.113333333333333286e+01,1.171041965484619141e+00
2.116666666666666785e+01,1.709432303905487061e-01
2.119999999999999929e+01,-8.605891466140747070e-01
2.123333333333333428e+01,4.164652526378631592e-01
2.126666666666666572e+01,1.172168254852294922e+00
2.130000000000000071e+01,-2.752447128295898438e-01
2.133333333333333215e+01,-1.313460350036621094e+00
2.136666666666666714e+01,-6.952576339244842529e-03
2.139999999999999858e+01,1.342076301574707031e+00
2.143333333333333357e+01,1.847786903381347656e-01
2.146666666666666501e+01,-8.339974284172058105e-01
2.150000000000000000e+01,3.999727964401245117e-01
2.153333333333333144e+01,1.080913305282592773e+00
2.156666666666666643e+01,-1.144418045878410339e-01
2.160000000000000142e+01,-1.224478125572204590e+00
2.163333333333333286e+01,-6.546075642108917236e-02
2.166666666666666785e+01,1.159108400344848633e+00
2.169999999999999929e+01,-4.355385154485702515e-02
2.173333333333333428e+01,-1.242660403251647949e+00
2.176666666666666572e+01,-2.107266895473003387e-02
2.180000000000000071e+01,1.191093206405639648e+00
2.183333333333333215e+01,4.344320297241210938e-02
2.186666666666666714e+01,-1.111772656440734863e+00
2.189999999999999858e+01,1.368622183799743652e-01
2.193333333333333357e+01,1.224559068679809570e+00
2.196666666666666501e+01,1.598798930644989014e-01
2.200000000000000000e+01,-8.045617938041687012e-01
2.203333333333333144e+01,5.166940689086914062e-01
2.206666666666666643e+01,4.109494686126708984e-01
2.210000000000000142e+01,-8.637974858283996582e-01
2.213333333333333286e+01,3.295398056507110596e-01
2.216666666666666785e+01,9.828640818595886230e-01
2.219999999999999929e+01,-1.453291773796081543e-01
2.223333333333333428e+01,-1.239492654800415039e+00
2.226666666666666572e+01,-8.837638795375823975e-02
2.230000000000000071e+01,1.175055861473083496e+00
2.233333333333333215e+01,6.871998310089111328e-02
2.236666666666666714e+01,-1.073540806770324707e+00
2.239999999999999858e+01,-1.087934002280235291e-01
2.243333333333333357e+01,1.138982057571411133e+00
2.246666666666666501e+01,-2.203223705291748047e-01
2.250000000000000000e+01,-1.410768985748291016e+00
2.253333333333333144e+01,-2.317826747894287109e-01
2.256666666666666643e+01,1.079160928726196289e+00
2.260000000000000142e+01,9.163627773523330688e-02
2.263333333333333286e+01,-8.717784881591796875e-01
2.266666666666666785e+01,5.357740521430969238e-01
2.269999999999999929e+01,6.941574811935424805e-01
2.273333333333333428e+01,-4.148916006088256836e-01
2.276666666666666572e+01,-6.485980749130249023e-01
2.280000000000000071e+01,4.895420670509338379e-01
2.283333333333333215e+01,5.616175532341003418e-01
2.286666666666666714e+01,-6.664820313453674316e-01
2.289999999999999858e+01,-6.594365835189819336e-02
2.293333333333333357e+01,1.086490392684936523e+00
2.296666666666666501e+01,-1.265224665403366089e-01
2.300000000000000000e+01,-1.243976831436157227e+00
2.303333333333333144e+01,-1.386843174695968628e-01
2.306666666666666643e+01,1.078594326972961426e+00
2.310000000000000142e+01,-1.322561502456665039e-01
2.313333333333333286e+01,-1.326223373413085938e+00
2.316666666666666785e+01,-3.007400035858154297e-01
2.319999999999999929e+01,1.082767486572265625e+00
2.323333333333333428e+01,-2.715700492262840271e-02
2.326666666666666572e+01,-1.280279397964477539e+00
2.330000000000000071e+01,-2.346408516168594360e-01
2.333333333333333215e+01,1.041819930076599121e+00
2.336666666666666714e+01,-2.457369491457939148e-02
2.339999999999999858e+01,-1.154986858367919922e+00
2.343333333333333357e+01,6.559206545352935791e-02
2.346666666666666501e+01,1.413840174674987793e+00
2.350000000000000000e+01,3.558749556541442871e-01
2.353333333333333144e+01,-8.221117854118347168e-01
2.356666666666666643e+01,2.358021885156631470e-01
2.360000000000000142e+01,9.827762246131896973e-01
2.363333333333333286e+01,-1.707453578710556030e-01
2.366666666666666785e+01,-1.345552682876586914e+00
2.369999999999999929e+01,-1.824793517589569092e-01
2.373333333333333428e+01,1.014888167381286621e+00
2.376666666666666572e+01,-3.360296785831451416e-01
2.380000000000000071e+01,-1.568749785423278809e+00
2.383333333333333215e+01,-3.522240519523620605e-01
2.386666666666666714e+01,8.048381805419921875e-01
2.389999999999999858e+01,-3.736250996589660645e-01
2.393333333333333357e+01,-5.895928740501403809e-01
2.396666666666666501e+01,7.917523980140686035e-01
2.400000000000000000e+01,7.816180586814880371e-02
2.403333333333333144e+01,-1.389419555664062500e+00
2.406666666666666643e+01,-3.287172690033912659e-02
2.410000000000000142e+01,1.221769690513610840e+00
2.413333333333333286e+01,6.694768369197845459e-02
2.416666666666666785e+01,-1.189372658729553223e+00
2.419999999999999929e+01,-7.122609764337539673e-02
2.423333333333333428e+01,1.232588410377502441e+00
2.426666666666666572e+01,-3.753004223108291626e-02
2.430000000000000071e+01,-1.085539340972900391e+00
2.433333333333333215e+01,8.982622623443603516e-02
2.436666666666666714e+01,1.433906912803649902e+00
2.439999999999999858e+01,9.903704375028610229e-02
2.443333333333333357e+01,-1.285593152046203613e+00
2.446666666666666501e+01,-1.311433166265487671e-01
2.450000000000000000e+01,1.218849301338195801e+00
2.453333333333333144e+01,1.165398582816123962e-01
2.456666666666666643e+01,-9.994567632675170898e-01
2.460000000000000142e+01,7.004506140947341919e-02
2.463333333333333286e+01,1.131675362586975098e+00
2.466666666666666785e+01,-2.221198529005050659e-01
2.469999999999999929e+01,-1.371468663215637207e+00
2.473333333333333428e+01,-6.958187371492385864e-02
2.476666666666666572e+01,1.073561906814575195e+00
2.480000000000000071e+01,-1.210693866014480591e-01
2.483333333333333215e+01,-1.286553382873535156e+00
2.486666666666666714e+01,-5.825648084282875061e-02
2.489999999999999858e+01,1.133446574211120605e+00
2.493333333333333357e+01,-1.049014106392860413e-01
2.496666666666666501e+01,-1.178949713706970215e+00
2.500000000000000000e+01,5.153775215148925781e-02
2.503333333333333144e+01,1.492670655250549316e+00
2.506666666666666643e+01,2.809180319309234619e-01
2.510000000000000142e+01,-7.606406211853027344e-01
2.513333333333333286e+01,6.628149747848510742e-01
2.516666666666666785e+01,8.700585961341857910e-01
2.519999999999999929e+01,-4.815606474876403809e-01
2.523333333333333428e+01,-1.149385690689086914e+00
2.526666666666666572e+01,7.279980182647705078e-02
2.530000000000000071e+01,1.176986932754516602e+00
2.533333333333333215e+01,-2.316303364932537079e-02
2.536666666666666714e+01,-1.204023718833923340e+00
2.539999999999999858e+01,-4.609037935733795166e-02
2.543333333333333357e+01,1.259121179580688477e+00
2.546666666666666501e+01,9.337074309587478638e-02
2.550000000000000000e+01,-9.440457820892333984e-01
2.553333333333333144e+01,4.371706247329711914e-01
2.556666666666666643e+01,9.438648819923400879e-01
2.560000000000000142e+01,-1.711828261613845825e-01
2.563333333333333286e+01,-1.445677518844604492e+00
2.566666666666666785e+01,-2.670395970344543457e-01
2.569999999999999929e+01,9.140279293060302734e-01
2.573333333333333428e+01,-2.587524056434631348e-01
2.576666666666666572e+01,-1.238301396369934082e+00
2.580000000000000071e+01,-6.844510883092880249e-02
2.583333333333333215e+01,1.174502968788146973e+00
2.586666666666666714e+01,-1.617381125688552856e-01
2.589999999999999858e+01,-1.279335975646972656e+00
2.593333333333333357e+01,5.225640907883644104e-02
2.596666666666666501e+01,1.170773863792419434e+00
2.600000000000000000e+01,-2.627391740679740906e-02
2.603333333333333144e+01,-1.295111894607543945e+00
2.606666666666666643e+01,-1.299152970314025879e-01
2.609999999999999787e+01,1.214023590087890625e+00
2.613333333333333286e+01,1.105902493000030518e-01
2.616666666666666785e+01,-1.008748173713684082e+00
2.619999999999999929e+01,3.437853455543518066e-01
2.623333333333333428e+01,1.523541212081909180e+00
2.626666666666666572e+01,3.962287604808807373e-01
2.630000000000000071e+01,-8.163331747055053711e-01
2.633333333333333215e+01,5.003911256790161133e-01
2.636666666666666714e+01,8.308257460594177246e-01
2.639999999999999858e+01,-3.730006217956542969e-01
2.643333333333333357e+01,-1.181694269180297852e+00
2.646666666666666501e+01,-2.730655297636985779e-02
2.650000000000000000e+01,1.177754282951354980e+00
2.653333333333333144e+01,-4.087298735976219177e-02
2.656666666666666643e+01,-1.094422221183776855e+00
2.659999999999999787e+01,2.008346021175384521e-01
2.663333333333333286e+01,1.466842651367187500e+00
2.666666666666666785e+01,2.116254121065139771e-01
2.669999999999999929e+01,-9.249888062477111816e-01
2.673333333333333428e+01,2.866699397563934326e-01
2.676666666666666572e+01,1.310004115104675293e+00
2.680000000000000071e+01,1.834699213504791260e-01
2.683333333333333215e+01,-9.470612406730651855e-01
2.686666666666666714e+01,2.113862782716751099e-01
2.689999999999999858e+01,1.460772156715393066e+00
2.693333333333333357e+01,1.188843101263046265e-01
2.696666666666666501e+01,-1.102363109588623047e+00
2.700000000000000000e+01,8.251181244850158691e-02
2.703333333333333144e+01,1.257012724876403809e+00
2.706666666666666643e+01,3.992052376270294189e-02
2.709999999999999787e+01,-1.039026260375976562e+00
2.713333333333333286e+01,2.266653627157211304e-01
2.716666666666666785e+01,1.585151076316833496e+00
2.719999999999999929e+01,4.787805378437042236e-01
2.723333333333333428e+01,-6.028231382369995117e-01
2.726666666666666572e+01,-1.958130393177270889e-03
2.730000000000000071e+01,1.016317248344421387e+00
2.733333333333333215e+01,-2.552016079425811768e-01
2.736666666666666714e+01,-1.413501620292663574e+00
2.739999999999999858e+01,-1.972378194332122803e-01
2.743333333333333357e+01,1.001400351524353027e+00
2.746666666666666501e+01,-7.018154859542846680e-02
2.750000000000000000e+01,-1.267152667045593262e+00
2.753333333333333144e+01,-8.420960046350955963e-03
2.756666666666666643e+01,1.282878637313842773e+00
2.759999999999999787e+01,1.087661646306514740e-02
2.763333333333333286e+01,-1.161868453025817871e+00
2.766666666666666785e+01,-2.417185157537460327e-02
2.769999999999999929e+01,1.296123147010803223e+00
2.773333333333333428e+01,5.222318321466445923e-02
2.776666666666666572e+01,-9.528454542160034180e-01
2.780000000000000071e+01,4.215492904186248779e-01
2.783333333333333215e+01,1.235885977745056152e+00
2.786666666666666714e+01,2.658697962760925293e-01
2.789999999999999858e+01,-9.675517678260803223e-01
2.793333333333333357e+01,3.903097212314605713e-01
2.796666666666666501e+01,1.145696878433227539e+00
2.800000000000000000e+01,-4.172101616859436035e-02
2.803333333333333144e+01,-1.237475395202636719e+00
2.806666666666666643e+01,6.879898905754089355e-02
2.809999999999999787e+01,1.535874724388122559e+00
2.813333333333333286e+01,3.651214540004730225e-01
2.816666666666666785e+01,-7.626885771751403809e-01
2.819999999999999929e+01,3.345728516578674316e-01
2.823333333333333428e+01,9.233933687210083008e-01
2.826666666666666572e+01,-9.424127638339996338e-02
2.830000000000000071e+01,-1.356584668159484863e+00
2.833333333333333215e+01,-2.773119509220123291e-01
2.836666666666666714e+01,7.764545083045959473e-01
2.839999999999999858e+01,-2.249061465263366699e-01
2.843333333333333357e+01,-1.316070675849914551e+00
2.846666666666666501e+01,1.095141842961311340e-02
2.850000000000000000e+01,1.202043533325195312e+00
2.853333333333333144e+01,-3.602123633027076721e-02
2.856666666666666643e+01,-1.249396085739135742e+00
2.859999999999999787e+01,-1.138874068856239319e-01
2.863333333333333286e+01,1.046454906463623047e+00
2.866666666666666785e+01,-2.046103477478027344e-01
2.869999999999999929e+01,-1.495783209800720215e+00
2.873333333333333428e+01,-1.898723095655441284e-01
2.876666666666666572e+01,8.648957014083862305e-01
2.880000000000000071e+01,-2.798265814781188965e-01
2.883333333333333215e+01,-1.270178914070129395e+00
2.886666666666666714e+01,-8.326464891433715820e-02
2.889999999999999858e+01,1.218595027923583984e+00
2.893333333333333357e+01,9.960210323333740234e-02
2.896666666666666501e+01,-1.097342252731323242e+00
2.900000000000000000e+01,-7.295781373977661133e-02
2.903333333333333144e+01,1.122012615203857422e+00
2.906666666666666643e+01,-2.147307246923446655e-02
2.909999999999999787e+01,-1.281935930252075195e+00
2.913333333333333286e+01,-3.395559638738632202e-02
2.916666666666666785e+01,1.194883346557617188e+00
2.919999999999999929e+01,1.229862123727798462e-02
2.923333333333333428e+01,-1.135626792907714844e+00
2.926666666666666572e+01,9.731286764144897461e-02
2.930000000000000071e+01,1.332284212112426758e+00
2.933333333333333215e+01,1.283188164234161377e-01
2.936666666666666714e+01,-1.044872879981994629e+00
2.939999999999999858e+01,2.793185114860534668e-01
2.943333333333333357e+01,1.476600646972656250e+00
2.946666666666666501e+01,3.042067289352416992e-01
2.950000000000000000e+01,-8.917085528373718262e-01
2.953333333333333144e+01,1.567703336477279663e-01
2.956666666666666643e+01,1.373038768768310547e+00
2.959999999999999787e+01,1.226375624537467957e-01
2.963333333333333286e+01,-9.466786384582519531e-01
2.966666666666666785e+01,3.291050791740417480e-01
2.969999999999999929e+01,1.085503697395324707e+00
2.973333333333333428e+01,3.770745545625686646e-02
2.976666666666666572e+01,-1.082332134246826172e+00
2.980000000000000071e+01,1.198771744966506958e-01
2.983333333333333215e+01,1.306846976280212402e+00
2.986666666666666714e+01,2.504419162869453430e-02
2.989999999999999858e+01,-1.334942221641540527e+00
2.993333333333333357e+01,-2.411709576845169067e-01
2.996666666666666501e+01,1.008691310882568359e+00
3.000000000000000000e+01,-5.316003412008285522e-02
3.003333333333333144e+01,-9.911042451858520508e-01
3.006666666666666643e+01,-8.294844627380371094e-02
3.009999999999999787e+01,8.538255095481872559e-01
3.013333333333333286e+01,-6.544312238693237305e-01
3.016666666666666785e+01,1.273510307073593140e-01
3.019999999999999929e+01,8.710807561874389648e-01
3.023333333333333428e+01,-4.291697144508361816e-01
3.026666666666666572e+01,-1.251159429550170898e+00
3.030000000000000071e+01,1.986742913722991943e-01
3.033333333333333215e+01,1.417542815208435059e+00
3.036666666666666714e+01,3.212063387036323547e-02
3.039999999999999858e+01,-1.242738842964172363e+00
3.043333333333333357e+01,-1.901835948228836060e-01
3.046666666666666501e+01,1.167648911476135254e+00
3.050000000000000000e+01,-1.954932138323783875e-02
3.053333333333333144e+01,-1.122057080268859863e+00
3.056666666666666643e+01,4.207107424736022949e-02
3.059999999999999787e+01,1.354198575019836426e+00
3.063333333333333286e+01,1.333970427513122559e-01
3.066666666666666785e+01,-9.937632679939270020e-01
3.069999999999999929e+01,2.938244864344596863e-02
3.073333333333333428e+01,1.317259311676025391e+00
3.076666666666666572e+01,9.597566723823547363e-02
3.080000000000000071e+01,-1.134952902793884277e+00
3.083333333333333215e+01,1.461534798145294189e-01
3.086666666666666714e+01,1.382816791534423828e+00
3.089999999999999858e+01,1.442135721445083618e-01
3.093333333333333357e+01,-9.629282355308532715e-01
3.096666666666666501e+01,3.921403586864471436e-01
3.100000000000000000e+01,1.284870862960815430e+00
3.103333333333333144e+01,1.391233652830123901e-01
3.106666666666666643e+01,-1.119702577590942383e+00
3.109999999999999787e+01,6.818374246358871460e-02
3.113333333333333286e+01,1.180984020233154297e+00
3.116666666666666785e+01,-1.493464224040508270e-02
3.119999999999999929e+01,-1.178660035133361816e+00
3.123333333333333428e+01,2.151734940707683563e-02
3.126666666666666572e+01,1.311618089675903320e+00
3.130000000000000071e+01,1.455546915531158447e-01
3.133333333333333215e+01,-1.143665909767150879e+00
3.136666666666666714e+01,3.560019284486770630e-02
3.139999999999999858e+01,1.186013817787170410e+00
3.143333333333333357e+01,-3.099711239337921143e-02
3.146666666666666501e+01,-1.216222286224365234e+00
3.150000000000000000e+01,2.312338724732398987e-02
3.153333333333333144e+01,1.274866104125976562e+00
3.156666666666666643e+01,6.512710824608802795e-03
3.159999999999999787e+01,-1.166531801223754883e+00
3.163333333333333286e+01,-2.144697606563568115e-01
3.166666666666666785e+01,9.166925549507141113e-01
3.169999999999999929e+01,-4.605874717235565186e-01
3.173333333333333428e+01,-1.378442883491516113e+00
3.176666666666666572e+01,5.168122053146362305e-02
3.180000000000000071e+01,1.313078641891479492e+00
3.183333333333333215e+01,2.058404684066772461e-01
3.186666666666666714e+01,-9.264401197433471680e-01
3.189999999999999858e+01,2.187948822975158691e-01
3.193333333333333357e+01,1.515293836593627930e+00
3.196666666666666501e+01,1.773211061954498291e-01
