0.000000000000000000e+00,9.020491503179073334e-03
3.333333333333333287e-02,4.176447167992591858e-03
6.666666666666666574e-02,2.750966697931289673e-03
1.000000000000000056e-01,-2.973740221932530403e-03
1.333333333333333315e-01,-3.716700477525591850e-03
1.666666666666666574e-01,3.088315390050411224e-02
2.000000000000000111e-01,6.036481633782386780e-02
2.333333333333333370e-01,5.212579667568206787e-02
2.666666666666666630e-01,3.740720823407173157e-02
2.999999999999999889e-01,1.337535399943590164e-02
3.333333333333333148e-01,-6.729605142027139664e-03
3.666666666666666408e-01,6.093510426580905914e-03
4.000000000000000222e-01,1.471548806875944138e-02
4.333333333333333481e-01,-9.593294933438301086e-03
4.666666666666666741e-01,-3.153565898537635803e-02
5.000000000000000000e-01,-2.207140810787677765e-02
5.333333333333333259e-01,-1.831688731908798218e-02
5.666666666666666519e-01,-5.034368112683296204e-02
5.999999999999999778e-01,-8.029708266258239746e-02
6.333333333333333037e-01,-7.595840841531753540e-02
6.666666666666666297e-01,-3.680272027850151062e-02
6.999999999999999556e-01,-3.671724814921617508e-03
7.333333333333332815e-01,-4.288711585104465485e-03
7.666666666666666075e-01,-6.099339108914136887e-03
8.000000000000000444e-01,2.105530537664890289e-02
8.333333333333333703e-01,4.157669097185134888e-02
8.666666666666666963e-01,2.747935615479946136e-02
9.000000000000000222e-01,8.715934120118618011e-03
9.333333333333333481e-01,1.712341979146003723e-02
9.666666666666666741e-01,1.980875991284847260e-02
1.000000000000000000e+00,-1.242562942206859589e-02
1.033333333333333215e+00,-4.055360704660415649e-02
1.066666666666666652e+00,-3.398401290178298950e-02
1.100000000000000089e+00,-3.243804723024368286e-02
1.133333333333333304e+00,-3.978294879198074341e-02
1.166666666666666741e+00,-2.385826222598552704e-02
1.199999999999999956e+00,-5.967947072349488735e-04
1.233333333333333393e+00,-3.061661729589104652e-03
1.266666666666666607e+00,-5.194581579416990280e-03
1.300000000000000044e+00,1.084721181541681290e-02
1.333333333333333259e+00,1.297564618289470673e-02
1.366666666666666696e+00,-1.630737818777561188e-02
1.399999999999999911e+00,-3.883482143282890320e-02
1.433333333333333348e+00,-2.649770677089691162e-02
1.466666666666666563e+00,1.528390869498252869e-02
1.500000000000000000e+00,4.679767042398452759e-02
1.533333333333333215e+00,4.402210935950279236e-02
1.566666666666666652e+00,7.372970692813396454e-03
1.600000000000000089e+00,-2.498004958033561707e-02
1.633333333333333304e+00,-2.180571295320987701e-02
1.666666666666666741e+00,-1.583230122923851013e-02
1.699999999999999956e+00,-3.189670667052268982e-02
1.733333333333333393e+00,-3.561116009950637817e-02
1.766666666666666607e+00,-1.066889264620840549e-03
1.800000000000000044e+00,3.073074482381343842e-02
1.833333333333333259e+00,2.755592390894889832e-02
1.866666666666666696e+00,2.095407620072364807e-02
1.899999999999999911e+00,3.878287971019744873e-02
1.933333333333333348e+00,4.793639108538627625e-02
1.966666666666666563e+00,2.281551435589790344e-02
2.000000000000000000e+00,8.058351231738924980e-04
2.033333333333333215e+00,1.200238708406686783e-02
2.066666666666666430e+00,1.812536455690860748e-02
2.100000000000000089e+00,-9.974290616810321808e-03
2.133333333333333304e+00,-3.504087030887603760e-02
2.166666666666666519e+00,-2.642678655683994293e-02
2.200000000000000178e+00,-2.190845832228660583e-02
2.233333333333333393e+00,-5.093425512313842773e-02
2.266666666666666607e+00,-7.388709485530853271e-02
2.299999999999999822e+00,-6.156348809599876404e-02
2.333333333333333481e+00,-2.153157070279121399e-02
2.366666666666666696e+00,9.160624817013740540e-03
2.399999999999999911e+00,7.340298499912023544e-03
2.433333333333333126e+00,1.099075842648744583e-02
2.466666666666666785e+00,3.255659341812133789e-02
2.500000000000000000e+00,3.635214641690254211e-02
2.533333333333333215e+00,5.875519942492246628e-03
2.566666666666666430e+00,-2.032555639743804932e-02
2.600000000000000089e+00,-1.161104906350374222e-02
2.633333333333333304e+00,3.565022256225347519e-03
2.666666666666666519e+00,-6.913401186466217041e-03
2.700000000000000178e+00,-1.272839866578578949e-02
2.733333333333333393e+00,1.639421470463275909e-02
2.766666666666666607e+00,4.050073772668838501e-02
2.799999999999999822e+00,3.000406920909881592e-02
2.833333333333333481e+00,2.402644418179988861e-02
2.866666666666666696e+00,4.185144603252410889e-02
2.899999999999999911e+00,4.617107659578323364e-02
2.933333333333333126e+00,1.604848541319370270e-02
2.966666666666666785e+00,-9.522275067865848541e-03
3.000000000000000000e+00,1.144098932854831219e-04
3.033333333333333215e+00,5.410792771726846695e-03
3.066666666666666430e+00,-2.361756563186645508e-02
3.100000000000000089e+00,-4.818361252546310425e-02
3.133333333333333304e+00,-3.731508925557136536e-02
3.166666666666666519e+00,-3.005817346274852753e-02
3.200000000000000178e+00,-1.830807328224182129e-02
3.233333333333333393e+00,-1.315837074071168900e-02
3.266666666666666607e+00,-4.189691971987485886e-03
3.299999999999999822e+00,2.190001541748642921e-03
3.333333333333333481e+00,4.358966369181871414e-03
3.366666666666666696e+00,1.287004351615905762e-02
3.399999999999999911e+00,2.333984477445483208e-03
3.433333333333333126e+00,-3.706269431859254837e-03
3.466666666666666785e+00,2.505349926650524139e-02
3.500000000000000000e+00,5.051042884588241577e-02
3.533333333333333215e+00,4.091741517186164856e-02
3.566666666666666430e+00,2.296829409897327423e-02
3.600000000000000089e+00,3.259211778640747070e-02
3.633333333333333304e+00,4.032065346837043762e-02
3.666666666666666519e+00,1.490489766001701355e-02
3.699999999999999734e+00,-5.103240720927715302e-03
3.733333333333333393e+00,1.169109344482421875e-02
3.766666666666666607e+00,2.476066350936889648e-02
3.799999999999999822e+00,4.460339434444904327e-03
3.833333333333333481e+00,-9.371927939355373383e-03
3.866666666666666696e+00,1.258682459592819214e-02
3.899999999999999911e+00,2.949926070868968964e-02
3.933333333333333126e+00,1.323177292943000793e-02
3.966666666666666785e+00,-2.427928382530808449e-03
4.000000000000000000e+00,1.335107162594795227e-02
4.033333333333333215e+00,2.385377697646617889e-02
4.066666666666666430e+00,-5.947881145402789116e-04
4.099999999999999645e+00,-2.128263376653194427e-02
4.133333333333332860e+00,-7.097993511706590652e-03
4.166666666666666963e+00,3.267853986471891403e-03
4.200000000000000178e+00,-2.097987011075019836e-02
4.233333333333333393e+00,-4.217303171753883362e-02
4.266666666666666607e+00,-2.790710516273975372e-02
4.299999999999999822e+00,-1.678488589823246002e-02
4.333333333333333037e+00,-4.040544480085372925e-02
4.366666666666666252e+00,-5.945904180407524109e-02
4.400000000000000355e+00,-4.181562364101409912e-02
4.433333333333333570e+00,-2.797345072031021118e-02
4.466666666666666785e+00,-3.588216751813888550e-02
4.500000000000000000e+00,-2.768886834383010864e-02
4.533333333333333215e+00,1.495058927685022354e-02
4.566666666666666430e+00,5.248891562223434448e-02
4.599999999999999645e+00,5.444349721074104309e-02
4.633333333333332860e+00,2.128039300441741943e-02
4.666666666666666963e+00,-8.049924857914447784e-03
4.700000000000000178e+00,-3.676179796457290649e-03
4.733333333333333393e+00,-5.670724436640739441e-03
4.766666666666666607e+00,-4.690656904131174088e-03
4.799999999999999822e+00,2.848176844418048859e-02
4.833333333333333037e+00,5.440325289964675903e-02
4.866666666666666252e+00,4.312794655561447144e-02
4.900000000000000355e+00,1.826499216258525848e-02
4.933333333333333570e+00,1.302014570683240891e-02
4.966666666666666785e+00,1.177012105472385883e-03
5.000000000000000000e+00,-8.222754113376140594e-03
5.033333333333333215e+00,1.275834534317255020e-02
5.066666666666666430e+00,2.463441528379917145e-02
5.099999999999999645e+00,-6.805998273193836212e-04
5.133333333333332860e+00,-2.451665326952934265e-02
5.166666666666666963e+00,-1.423793565481901169e-02
5.200000000000000178e+00,-7.816858589649200439e-03
5.233333333333333393e+00,-3.497100621461868286e-02
5.266666666666666607e+00,-5.844332277774810791e-02
5.299999999999999822e+00,-4.795437678694725037e-02
5.333333333333333037e+00,-3.404293209314346313e-02
5.366666666666666252e+00,-4.712586104869842529e-02
5.400000000000000355e+00,-5.594475194811820984e-02
5.433333333333333570e+00,-3.120599314570426941e-02
5.466666666666666785e+00,-1.001281850039958954e-02
5.500000000000000000e+00,-2.231607586145401001e-02
5.533333333333333215e+00,-3.064460493624210358e-02
5.566666666666666430e+00,-3.095849184319376945e-03
5.599999999999999645e+00,2.262643352150917053e-02
5.633333333333332860e+00,1.374969352036714554e-02
5.666666666666666963e+00,1.025884225964546204e-02
5.700000000000000178e+00,4.272984340786933899e-02
5.733333333333333393e+00,7.195466011762619019e-02
5.766666666666666607e+00,6.664858758449554443e-02
5.799999999999999822e+00,3.265936672687530518e-02
5.833333333333333037e+00,9.273529052734375000e-03
5.866666666666666252e+00,2.292275428771972656e-02
5.900000000000000355e+00,3.268034756183624268e-02
5.933333333333333570e+00,8.423836901783943176e-03
5.966666666666666785e+00,-9.582435712218284607e-03
6.000000000000000000e+00,7.049159612506628036e-03
6.033333333333333215e+00,1.916760206222534180e-02
6.066666666666666430e+00,-3.588131628930568695e-03
6.099999999999999645e+00,-2.104322612285614014e-02
6.133333333333332860e+00,-3.890080610290169716e-03
6.166666666666666963e+00,8.822442032396793365e-03
6.200000000000000178e+00,-1.357556972652673721e-02
6.233333333333333393e+00,-3.139460086822509766e-02
6.266666666666666607e+00,-1.463384553790092468e-02
6.299999999999999822e+00,-1.359012443572282791e-03
6.333333333333333037e+00,-2.336915023624897003e-02
6.366666666666666252e+00,-4.194058477878570557e-02
6.400000000000000355e+00,-2.579834125936031342e-02
6.433333333333333570e+00,-1.436014473438262939e-02
6.466666666666666785e+00,-2.709358185529708862e-02
6.500000000000000000e+00,-2.680292166769504547e-02
6.533333333333333215e+00,8.343081921339035034e-03
6.566666666666666430e+00,3.777197375893592834e-02
6.599999999999999645e+00,3.249893710017204285e-02
6.633333333333332860e+00,3.229187801480293274e-02
6.666666666666666963e+00,2.869309112429618835e-02
6.700000000000000178e+00,2.558414079248905182e-02
6.733333333333333393e+00,2.389035001397132874e-02
6.766666666666666607e+00,-2.613788936287164688e-03
6.799999999999999822e+00,-2.326259948313236237e-02
6.833333333333333037e+00,-9.358128532767295837e-03
6.866666666666666252e+00,7.579579250887036324e-04
6.899999999999999467e+00,-2.239577472209930420e-02
6.933333333333333570e+00,-4.165657609701156616e-02
6.966666666666666785e+00,-2.664080820977687836e-02
7.000000000000000000e+00,-1.587405987083911896e-02
7.033333333333333215e+00,-2.294126339256763458e-02
7.066666666666666430e+00,-1.345223560929298401e-02
7.099999999999999645e+00,2.204053103923797607e-03
7.133333333333332860e+00,-8.983788080513477325e-03
7.166666666666666963e+00,-1.608109660446643829e-02
7.200000000000000178e+00,1.116933487355709076e-02
7.233333333333333393e+00,3.461871668696403503e-02
7.266666666666666607e+00,2.265962772071361542e-02
7.299999999999999822e+00,1.480729971081018448e-02
7.333333333333333037e+00,4.142083227634429932e-02
7.366666666666666252e+00,6.396394968032836914e-02
7.399999999999999467e+00,5.111331120133399963e-02
7.433333333333333570e+00,2.849745936691761017e-02
7.466666666666666785e+00,2.948840521275997162e-02
7.500000000000000000e+00,2.625436708331108093e-02
7.533333333333333215e+00,-1.163319591432809830e-02
7.566666666666666430e+00,-4.360629990696907043e-02
7.599999999999999645e+00,-4.072929918766021729e-02
7.633333333333332860e+00,-2.444095723330974579e-02
7.666666666666666963e+00,-2.839572727680206299e-02
7.700000000000000178e+00,-2.610779181122779846e-02
7.733333333333333393e+00,-1.308470964431762695e-03
7.766666666666666607e+00,8.305302821099758148e-03
7.799999999999999822e+00,-1.674607954919338226e-02
7.833333333333333037e+00,-3.473808616399765015e-02
7.866666666666666252e+00,-1.708392053842544556e-02
7.899999999999999467e+00,-4.273372702300548553e-03
7.933333333333333570e+00,-2.470266446471214294e-02
7.966666666666666785e+00,-3.856582194566726685e-02
8.000000000000000000e+00,-1.545551326125860214e-02
8.033333333333333215e+00,4.885422065854072571e-03
8.066666666666666430e+00,-7.896915078163146973e-03
8.099999999999999645e+00,-1.582594215869903564e-02
8.133333333333332860e+00,1.209007948637008667e-02
8.166666666666666075e+00,3.724063187837600708e-02
8.199999999999999289e+00,2.754577435553073883e-02
8.233333333333332504e+00,2.249587699770927429e-02
8.266666666666665719e+00,5.215103924274444580e-02
8.300000000000000711e+00,7.815584540367126465e-02
8.333333333333333925e+00,6.920893490314483643e-02
8.366666666666667140e+00,2.419686503708362579e-02
8.400000000000000355e+00,-1.682924851775169373e-02
8.433333333333333570e+00,-2.289712987840175629e-02
8.466666666666666785e+00,4.138194955885410309e-03
8.500000000000000000e+00,2.628414705395698547e-02
8.533333333333333215e+00,1.322054117918014526e-02
8.566666666666666430e+00,3.484052140265703201e-03
8.599999999999999645e+00,6.488333921879529953e-03
8.633333333333332860e+00,-1.067655999213457108e-02
8.666666666666666075e+00,-2.385019510984420776e-02
8.699999999999999289e+00,-2.667515305802226067e-03
8.733333333333332504e+00,1.459651626646518707e-02
8.766666666666665719e+00,-2.259916160255670547e-03
8.800000000000000711e+00,-1.545179262757301331e-02
8.833333333333333925e+00,6.475927773863077164e-03
8.866666666666667140e+00,2.430887147784233093e-02
8.900000000000000355e+00,6.436109542846679688e-03
8.933333333333333570e+00,-7.080454379320144653e-03
8.966666666666666785e+00,1.473073661327362061e-02
9.000000000000000000e+00,3.006733022630214691e-02
9.033333333333333215e+00,8.301056921482086182e-03
9.066666666666666430e+00,-1.077784970402717590e-02
9.099999999999999645e+00,3.539958270266652107e-03
9.133333333333332860e+00,1.166115049272775650e-02
9.166666666666666075e+00,-1.584300026297569275e-02
9.199999999999999289e+00,-4.050597921013832092e-02
9.233333333333332504e+00,-3.207535296678543091e-02
9.266666666666665719e+00,-2.906544506549835205e-02
9.300000000000000711e+00,-4.404456168413162231e-02
9.333333333333333925e+00,-4.294599592685699463e-02
9.366666666666667140e+00,-8.456610143184661865e-03
9.400000000000000355e+00,1.953509636223316193e-02
9.433333333333333570e+00,1.136770099401473999e-02
9.466666666666666785e+00,6.648230366408824921e-03
9.500000000000000000e+00,2.949701808393001556e-02
9.533333333333333215e+00,4.105569794774055481e-02
9.566666666666666430e+00,1.630862429738044739e-02
9.599999999999999645e+00,-5.741484463214874268e-03
9.633333333333332860e+00,5.518645979464054108e-03
9.666666666666666075e+00,1.040832698345184326e-02
9.699999999999999289e+00,-2.103538066148757935e-02
9.733333333333332504e+00,-4.974143207073211670e-02
9.766666666666665719e+00,-4.410231858491897583e-02
9.800000000000000711e+00,-3.760859603062272072e-03
9.833333333333333925e+00,3.174070641398429871e-02
9.866666666666667140e+00,3.227799758315086365e-02
9.900000000000000355e+00,4.165124613791704178e-03
9.933333333333333570e+00,-1.244605518877506256e-02
9.966666666666666785e+00,8.040158078074455261e-03
1.000000000000000000e+01,2.583698555827140808e-02
1.003333333333333321e+01,9.850723668932914734e-03
1.006666666666666643e+01,7.532644667662680149e-04
1.009999999999999964e+01,2.264016680419445038e-02
1.013333333333333286e+01,3.726796433329582214e-02
1.016666666666666607e+01,1.789093017578125000e-02
1.019999999999999929e+01,5.391765385866165161e-03
1.023333333333333250e+01,1.766322739422321320e-02
1.026666666666666572e+01,1.518844254314899445e-02
1.030000000000000071e+01,-2.306450344622135162e-02
1.033333333333333393e+01,-5.814016982913017273e-02
1.036666666666666714e+01,-5.947250500321388245e-02
1.040000000000000036e+01,-2.706785686314105988e-02
1.043333333333333357e+01,1.344388729194179177e-04
1.046666666666666679e+01,-9.305180050432682037e-03
1.050000000000000000e+01,-1.547178812325000763e-02
1.053333333333333321e+01,1.159209758043289185e-02
1.056666666666666643e+01,3.271878883242607117e-02
1.059999999999999964e+01,1.712800748646259308e-02
1.063333333333333286e+01,4.769084509462118149e-03
1.066666666666666607e+01,2.564684487879276276e-02
1.069999999999999929e+01,4.164866730570793152e-02
1.073333333333333250e+01,2.117455564439296722e-02
1.076666666666666572e+01,4.000705666840076447e-03
1.080000000000000071e+01,2.078402973711490631e-02
1.083333333333333393e+01,3.293561190366744995e-02
1.086666666666666714e+01,9.750811383128166199e-03
1.090000000000000036e+01,-9.342223405838012695e-03
1.093333333333333357e+01,5.413949489593505859e-03
1.096666666666666679e+01,1.522542722523212433e-02
1.100000000000000000e+01,-1.079861260950565338e-02
1.103333333333333321e+01,-3.346209228038787842e-02
1.106666666666666643e+01,-2.243986167013645172e-02
1.109999999999999964e+01,-1.609398983418941498e-02
1.113333333333333286e+01,-4.543114453554153442e-02
1.116666666666666607e+01,-7.021431624889373779e-02
1.119999999999999929e+01,-6.043300777673721313e-02
1.123333333333333250e+01,-1.808137632906436920e-02
1.126666666666666572e+01,1.828341931104660034e-02
1.130000000000000071e+01,1.996077783405780792e-02
1.133333333333333393e+01,1.055330596864223480e-02
1.136666666666666714e+01,2.300130762159824371e-02
1.140000000000000036e+01,3.042358160018920898e-02
1.143333333333333357e+01,3.646672004833817482e-03
1.146666666666666679e+01,-1.857934333384037018e-02
1.150000000000000000e+01,-6.162705831229686737e-03
1.153333333333333321e+01,3.570467932149767876e-03
1.156666666666666643e+01,-1.941516064107418060e-02
1.159999999999999964e+01,-3.587212413549423218e-02
1.163333333333333286e+01,-1.589258946478366852e-02
1.166666666666666607e+01,2.617005491629242897e-03
1.169999999999999929e+01,-1.144337747246026993e-02
1.173333333333333250e+01,-1.865017972886562347e-02
1.176666666666666572e+01,1.109384559094905853e-02
1.180000000000000071e+01,3.856468200683593750e-02
1.183333333333333393e+01,3.239921852946281433e-02
1.186666666666666714e+01,1.864246279001235962e-02
1.190000000000000036e+01,3.070388548076152802e-02
1.193333333333333357e+01,3.869334980845451355e-02
1.196666666666666679e+01,1.168773230165243149e-02
1.200000000000000000e+01,-1.208341959863901138e-02
1.203333333333333321e+01,-1.216941513121128082e-03
1.206666666666666643e+01,5.731780081987380981e-03
1.209999999999999964e+01,-2.212332002818584442e-02
1.213333333333333286e+01,-4.493863508105278015e-02
1.216666666666666607e+01,-3.361748158931732178e-02
1.219999999999999929e+01,-1.962054707109928131e-02
1.223333333333333250e+01,-3.458609059453010559e-02
1.226666666666666572e+01,-4.538794606924057007e-02
1.230000000000000071e+01,-2.166697941720485687e-02
1.233333333333333393e+01,-1.943621085956692696e-03
1.236666666666666714e+01,-1.731920987367630005e-02
1.240000000000000036e+01,-2.764347381889820099e-02
1.243333333333333357e+01,-2.250904450193047523e-03
1.246666666666666679e+01,1.912448927760124207e-02
1.250000000000000000e+01,5.947296041995286942e-03
1.253333333333333321e+01,-1.202255371026694775e-03
1.256666666666666643e+01,2.843068353831768036e-02
1.259999999999999964e+01,5.572143569588661194e-02
1.263333333333333286e+01,4.953097179532051086e-02
1.266666666666666607e+01,2.250033803284168243e-02
1.269999999999999929e+01,1.052484195679426193e-02
1.273333333333333250e+01,3.311222791671752930e-02
1.276666666666666572e+01,5.140874907374382019e-02
1.280000000000000071e+01,3.464660421013832092e-02
1.283333333333333393e+01,1.315664127469062805e-02
1.286666666666666714e+01,1.820196211338043213e-02
1.290000000000000036e+01,1.719862781465053558e-02
1.293333333333333357e+01,-2.086586318910121918e-02
1.296666666666666679e+01,-5.652836337685585022e-02
1.300000000000000000e+01,-5.997391790151596069e-02
1.303333333333333321e+01,-2.969108521938323975e-02
1.306666666666666643e+01,-4.720028489828109741e-03
1.309999999999999964e+01,-1.523939333856105804e-02
1.313333333333333286e+01,-2.268420904874801636e-02
1.316666666666666607e+01,5.846558604389429092e-03
1.319999999999999929e+01,3.232239186763763428e-02
1.323333333333333250e+01,2.410166710615158081e-02
1.326666666666666572e+01,7.929537445306777954e-03
1.329999999999999893e+01,1.855290308594703674e-02
1.333333333333333393e+01,2.686286903917789459e-02
1.336666666666666714e+01,2.812680904753506184e-04
1.340000000000000036e+01,-2.188415639102458954e-02
1.343333333333333357e+01,-7.195059675723314285e-03
1.346666666666666679e+01,3.933894913643598557e-03
1.350000000000000000e+01,-1.938253268599510193e-02
1.353333333333333321e+01,-3.917039185762405396e-02
1.356666666666666643e+01,-2.379913255572319031e-02
1.359999999999999964e+01,-1.160525437444448471e-02
1.363333333333333286e+01,-3.294489160180091858e-02
1.366666666666666607e+01,-5.060466006398200989e-02
1.369999999999999929e+01,-3.312703222036361694e-02
1.373333333333333250e+01,-1.837176084518432617e-02
1.376666666666666572e+01,-2.096048556268215179e-02
1.379999999999999893e+01,-7.009265478700399399e-03
1.383333333333333393e+01,7.745419628918170929e-03
1.386666666666666714e+01,-9.756375802680850029e-04
1.390000000000000036e+01,1.227409811690449715e-03
1.393333333333333357e+01,3.649425506591796875e-02
1.396666666666666679e+01,6.423413008451461792e-02
1.400000000000000000e+01,5.684912577271461487e-02
1.403333333333333321e+01,2.286269329488277435e-02
1.406666666666666643e+01,-2.932882402092218399e-03
1.409999999999999964e+01,6.247817073017358780e-03
1.413333333333333286e+01,1.177954208105802536e-02
1.416666666666666607e+01,-2.065297588706016541e-02
1.419999999999999929e+01,-5.224660784006118774e-02
1.423333333333333250e+01,-4.834561049938201904e-02
1.426666666666666572e+01,-1.024421304464340210e-02
1.429999999999999893e+01,2.292380481958389282e-02
1.433333333333333393e+01,2.137909643352031708e-02
1.436666666666666714e+01,-7.538727484643459320e-03
1.440000000000000036e+01,-2.547037787735462189e-02
1.443333333333333357e+01,-7.354474160820245743e-03
1.446666666666666679e+01,4.462528973817825317e-03
1.450000000000000000e+01,-2.185169979929924011e-02
1.453333333333333321e+01,-4.522376507520675659e-02
1.456666666666666643e+01,-3.349344804883003235e-02
1.459999999999999964e+01,1.075739227235317230e-02
1.463333333333333286e+01,4.742185026407241821e-02
1.466666666666666607e+01,4.710951074957847595e-02
1.469999999999999929e+01,2.681162394583225250e-02
1.473333333333333250e+01,2.034888416528701782e-02
1.476666666666666572e+01,4.088308662176132202e-02
1.479999999999999893e+01,5.012588948011398315e-02
1.483333333333333393e+01,2.079004049301147461e-02
1.486666666666666714e+01,-7.478274405002593994e-03
1.490000000000000036e+01,-1.084184041246771812e-03
1.493333333333333357e+01,-1.629836740903556347e-03
1.496666666666666679e+01,-1.546673290431499481e-02
1.500000000000000000e+01,-7.437656167894601822e-03
1.503333333333333321e+01,-3.635771106928586960e-03
1.506666666666666643e+01,-2.002885378897190094e-02
1.509999999999999964e+01,-2.056827209889888763e-02
1.513333333333333286e+01,1.363447029143571854e-02
1.516666666666666607e+01,4.344015568494796753e-02
1.519999999999999929e+01,3.832400962710380554e-02
1.523333333333333250e+01,1.964097144082188606e-03
1.526666666666666572e+01,-2.880527079105377197e-02
1.529999999999999893e+01,-2.489700168371200562e-02
1.533333333333333393e+01,-1.775870285928249359e-02
1.536666666666666714e+01,-3.068810328841209412e-02
1.540000000000000036e+01,-3.311437368392944336e-02
1.543333333333333357e+01,1.439251645933836699e-04
1.546666666666666679e+01,3.203786909580230713e-02
1.550000000000000000e+01,2.942628599703311920e-02
1.553333333333333321e+01,8.311930112540721893e-03
1.556666666666666643e+01,4.052553325891494751e-03
1.559999999999999964e+01,3.204011544585227966e-02
1.563333333333333286e+01,5.258319526910781860e-02
1.566666666666666607e+01,3.868493810296058655e-02
1.569999999999999929e+01,6.870396900922060013e-03
1.573333333333333250e+01,-7.242647465318441391e-03
1.576666666666666572e+01,1.377994567155838013e-02
1.579999999999999893e+01,3.063517250120639801e-02
1.583333333333333393e+01,1.148229092359542847e-02
1.586666666666666714e+01,-3.739565610885620117e-03
1.590000000000000036e+01,1.592862978577613831e-02
1.593333333333333357e+01,3.099613264203071594e-02
1.596666666666666679e+01,9.722534567117691040e-03
1.600000000000000000e+01,-7.739534135907888412e-03
1.603333333333333144e+01,9.821839630603790283e-03
1.606666666666666643e+01,2.311503514647483826e-02
1.610000000000000142e+01,9.902470046654343605e-04
1.613333333333333286e+01,-1.646556705236434937e-02
1.616666666666666785e+01,1.279392279684543610e-03
1.619999999999999929e+01,1.519052684307098389e-02
1.623333333333333428e+01,-5.921031814068555832e-03
1.626666666666666572e+01,-2.381547912955284119e-02
1.630000000000000071e+01,-7.513657677918672562e-03
1.633333333333333215e+01,3.338392823934555054e-03
1.636666666666666714e+01,-1.960830949246883392e-02
1.639999999999999858e+01,-3.872160241007804871e-02
1.643333333333333357e+01,-2.419597283005714417e-02
1.646666666666666501e+01,-1.388442236930131912e-02
1.650000000000000000e+01,-3.623468056321144104e-02
1.653333333333333144e+01,-5.479282513260841370e-02
1.656666666666666643e+01,-3.985196352005004883e-02
1.660000000000000142e+01,-2.058196812868118286e-02
1.663333333333333286e+01,-2.822089195251464844e-02
1.666666666666666785e+01,-3.197435289621353149e-02
1.669999999999999929e+01,-9.112796979025006294e-04
1.673333333333333428e+01,2.566376514732837677e-02
1.676666666666666572e+01,1.675097271800041199e-02
1.680000000000000071e+01,1.189211104065179825e-02
1.683333333333333215e+01,3.111640922725200653e-02
1.686666666666666714e+01,3.548594191670417786e-02
1.689999999999999858e+01,2.858448773622512817e-03
1.693333333333333357e+01,-2.715168893337249756e-02
1.696666666666666501e+01,-2.316657826304435730e-02
1.700000000000000000e+01,1.267079543322324753e-02
1.703333333333333144e+01,4.096306115388870239e-02
1.706666666666666643e+01,3.180505707859992981e-02
1.710000000000000142e+01,2.676002681255340576e-03
1.713333333333333286e+01,-1.212231349200010300e-02
1.716666666666666785e+01,6.236396264284849167e-03
1.719999999999999929e+01,1.777136512100696564e-02
1.723333333333333428e+01,-6.733899004757404327e-03
1.726666666666666572e+01,-2.836383134126663208e-02
1.730000000000000071e+01,-1.445538178086280823e-02
1.733333333333333215e+01,-2.693103160709142685e-03
1.736666666666666714e+01,-2.463099732995033264e-02
1.739999999999999858e+01,-4.156468063592910767e-02
1.743333333333333357e+01,-2.408117428421974182e-02
1.746666666666666501e+01,-9.459318593144416809e-03
1.750000000000000000e+01,-2.785609662532806396e-02
1.753333333333333144e+01,-4.112032800912857056e-02
1.756666666666666643e+01,-1.907856203615665436e-02
1.760000000000000142e+01,4.853919963352382183e-04
1.763333333333333286e+01,-1.440202351659536362e-02
1.766666666666666785e+01,-2.390628121793270111e-02
1.769999999999999929e+01,2.183988457545638084e-03
1.773333333333333428e+01,2.219143323600292206e-02
1.776666666666666572e+01,5.689613521099090576e-03
1.780000000000000071e+01,-8.576096035540103912e-03
1.783333333333333215e+01,1.139837596565485001e-02
1.786666666666666714e+01,2.620627731084823608e-02
1.789999999999999858e+01,5.561114754527807236e-03
1.793333333333333357e+01,-1.334420405328273773e-02
1.796666666666666501e+01,7.163354312069714069e-04
1.800000000000000000e+01,9.877500124275684357e-03
1.803333333333333144e+01,-6.328514427877962589e-04
1.806666666666666643e+01,2.519106259569525719e-03
1.810000000000000142e+01,3.883034735918045044e-02
1.813333333333333286e+01,7.031508535146713257e-02
1.816666666666666785e+01,6.709393858909606934e-02
1.819999999999999929e+01,2.787256985902786255e-02
1.823333333333333428e+01,-7.717138621956110001e-03
1.826666666666666572e+01,-9.094870649278163910e-03
1.830000000000000071e+01,3.199569415301084518e-03
1.833333333333333215e+01,-5.262940656393766403e-03
1.836666666666666714e+01,-8.589755743741989136e-03
1.839999999999999858e+01,2.218733169138431549e-02
1.843333333333333357e+01,4.759256169199943542e-02
1.846666666666666501e+01,3.732542693614959717e-02
1.850000000000000000e+01,-6.840935442596673965e-03
1.853333333333333144e+01,-4.777445271611213684e-02
1.856666666666666643e+01,-5.471271649003028870e-02
1.860000000000000142e+01,-2.624593488872051239e-02
1.863333333333333286e+01,-1.769403461366891861e-03
1.866666666666666785e+01,-1.278448291122913361e-02
1.869999999999999929e+01,-2.082707360386848450e-02
1.873333333333333428e+01,4.336612299084663391e-03
1.876666666666666572e+01,2.387543581426143646e-02
1.880000000000000071e+01,6.217500194907188416e-03
1.883333333333333215e+01,-9.468607604503631592e-03
1.886666666666666714e+01,7.181118708103895187e-03
1.889999999999999858e+01,1.736329123377799988e-02
1.893333333333333357e+01,-9.544958360493183136e-03
1.896666666666666501e+01,-3.383707255125045776e-02
1.900000000000000000e+01,-2.620478160679340363e-02
1.903333333333333144e+01,-7.152214646339416504e-03
1.906666666666666643e+01,-1.092692278325557709e-02
1.910000000000000142e+01,-1.233618892729282379e-02
1.913333333333333286e+01,1.878453791141510010e-02
1.916666666666666785e+01,4.435156285762786865e-02
1.919999999999999929e+01,3.240347281098365784e-02
1.923333333333333428e+01,8.276933804154396057e-03
1.926666666666666572e+01,6.536421366035938263e-03
1.930000000000000071e+01,1.667663268744945526e-02
1.933333333333333215e+01,3.520399797707796097e-03
1.936666666666666714e+01,-6.590655539184808731e-03
1.939999999999999858e+01,1.605626381933689117e-02
1.943333333333333357e+01,3.346911445260047913e-02
1.946666666666666501e+01,1.635477878153324127e-02
1.950000000000000000e+01,-1.627289317548274994e-02
1.953333333333333144e+01,-3.009670600295066833e-02
1.956666666666666643e+01,-8.901131339371204376e-03
1.960000000000000142e+01,6.377072539180517197e-03
1.963333333333333286e+01,-1.563270576298236847e-02
1.966666666666666785e+01,-3.625842183828353882e-02
1.969999999999999929e+01,-2.394604496657848358e-02
1.973333333333333428e+01,-1.787027344107627869e-02
1.976666666666666572e+01,-4.083561152219772339e-02
1.980000000000000071e+01,-5.600545182824134827e-02
1.983333333333333215e+01,-3.794367611408233643e-02
1.986666666666666714e+01,-3.177691483870148659e-03
1.989999999999999858e+01,1.414000242948532104e-02
1.993333333333333357e+01,-3.958275541663169861e-03
1.996666666666666501e+01,-1.877618581056594849e-02
2.000000000000000000e+01,1.226400025188922882e-03
2.003333333333333144e+01,1.891864836215972900e-02
2.006666666666666643e+01,2.126513980329036713e-03
2.010000000000000142e+01,-1.206612400710582733e-02
2.013333333333333286e+01,8.236706256866455078e-03
2.016666666666666785e+01,2.521179057657718658e-02
2.019999999999999929e+01,6.939215119928121567e-03
2.023333333333333428e+01,-6.943012122064828873e-03
2.026666666666666572e+01,1.359092444181442261e-02
2.030000000000000071e+01,2.834125980734825134e-02
2.033333333333333215e+01,8.190621621906757355e-03
2.036666666666666714e+01,-5.446346942335367203e-03
2.039999999999999858e+01,1.747045479714870453e-02
2.043333333333333357e+01,3.603126853704452515e-02
2.046666666666666501e+01,2.200622111558914185e-02
2.050000000000000000e+01,4.330161958932876587e-03
2.053333333333333144e+01,1.478848885744810104e-02
2.056666666666666643e+01,2.241055667400360107e-02
2.060000000000000142e+01,-5.043478216975927353e-03
2.063333333333333286e+01,-2.947520650923252106e-02
2.066666666666666785e+01,-1.966044120490550995e-02
2.069999999999999929e+01,-1.399677898734807968e-02
2.073333333333333428e+01,-2.463752031326293945e-02
2.076666666666666572e+01,-1.663259044289588928e-02
2.080000000000000071e+01,-6.630811840295791626e-03
2.083333333333333215e+01,-2.508914656937122345e-02
2.086666666666666714e+01,-3.913544863462448120e-02
2.089999999999999858e+01,-1.787498965859413147e-02
2.093333333333333357e+01,-1.545154023915529251e-03
2.096666666666666501e+01,-2.083694934844970703e-02
2.100000000000000000e+01,-3.564513102173805237e-02
2.103333333333333144e+01,-1.433349028229713440e-02
2.106666666666666643e+01,1.253357343375682831e-02
2.110000000000000142e+01,1.209297217428684235e-02
2.113333333333333286e+01,1.554305106401443481e-02
2.116666666666666785e+01,3.635171428322792053e-02
2.119999999999999929e+01,3.768174350261688232e-02
2.123333333333333428e+01,3.730501513928174973e-03
2.126666666666666572e+01,-2.648238651454448700e-02
2.130000000000000071e+01,-2.197806164622306824e-02
2.133333333333333215e+01,2.002230845391750336e-02
2.136666666666666714e+01,5.786103010177612305e-02
2.139999999999999858e+01,5.943204089999198914e-02
2.143333333333333357e+01,2.766182273626327515e-02
2.146666666666666501e+01,3.361789043992757797e-03
2.150000000000000000e+01,1.546811778098344803e-02
2.153333333333333144e+01,2.401739917695522308e-02
2.156666666666666643e+01,-1.661614165641367435e-03
2.160000000000000142e+01,-2.115968428552150726e-02
2.163333333333333286e+01,-4.779006820172071457e-03
2.166666666666666785e+01,7.123256102204322815e-03
2.169999999999999929e+01,-1.698268018662929535e-02
2.173333333333333428e+01,-3.729211539030075073e-02
2.176666666666666572e+01,-2.332459762692451477e-02
2.180000000000000071e+01,-1.043938845396041870e-02
2.183333333333333215e+01,-2.977219969034194946e-02
2.186666666666666714e+01,-4.493221268057823181e-02
2.189999999999999858e+01,-2.734922245144844055e-02
2.193333333333333357e+01,8.295837789773941040e-03
2.196666666666666501e+01,2.666585147380828857e-02
2.200000000000000000e+01,8.502803742885589600e-03
2.203333333333333144e+01,-8.024536073207855225e-03
2.206666666666666643e+01,8.467467501759529114e-03
2.210000000000000142e+01,2.029830031096935272e-02
2.213333333333333286e+01,-3.846992040053009987e-03
2.216666666666666785e+01,-2.601739764213562012e-02
2.219999999999999929e+01,-1.548038795590400696e-02
2.223333333333333428e+01,7.381930947303771973e-03
2.226666666666666572e+01,8.030897006392478943e-03
2.230000000000000071e+01,-2.532360516488552094e-02
2.233333333333333215e+01,-5.558463186025619507e-02
2.236666666666666714e+01,-5.353547260165214539e-02
2.239999999999999858e+01,-1.777701452374458313e-02
2.243333333333333357e+01,1.346365362405776978e-02
2.246666666666666501e+01,7.610304281115531921e-03
2.250000000000000000e+01,3.650516271591186523e-03
2.253333333333333144e+01,3.260740637779235840e-02
2.256666666666666643e+01,5.537870898842811584e-02
2.260000000000000142e+01,4.117622226476669312e-02
2.263333333333333286e+01,2.996287867426872253e-02
2.266666666666666785e+01,5.099134147167205811e-02
2.269999999999999929e+01,6.569559872150421143e-02
2.273333333333333428e+01,4.478730633854866028e-02
2.276666666666666572e+01,5.794507917016744614e-03
2.280000000000000071e+01,-1.698516868054866791e-02
2.283333333333333215e+01,-4.354403354227542877e-03
2.286666666666666714e+01,3.453637007623910904e-03
2.289999999999999858e+01,-2.379480563104152679e-02
2.293333333333333357e+01,-4.616980999708175659e-02
2.296666666666666501e+01,-3.397006541490554810e-02
2.300000000000000000e+01,-1.977749541401863098e-02
2.303333333333333144e+01,-3.477987647056579590e-02
2.306666666666666643e+01,-4.670647531747817993e-02
2.310000000000000142e+01,-2.575597353279590607e-02
2.313333333333333286e+01,-1.149425841867923737e-02
2.316666666666666785e+01,-3.259497508406639099e-02
2.319999999999999929e+01,-5.149628221988677979e-02
2.323333333333333428e+01,-3.852606564760208130e-02
2.326666666666666572e+01,7.640584371984004974e-03
2.330000000000000071e+01,4.829783737659454346e-02
2.333333333333333215e+01,5.234277993440628052e-02
2.336666666666666714e+01,2.089561522006988525e-02
2.339999999999999858e+01,-7.825518026947975159e-03
2.343333333333333357e+01,-3.580445656552910805e-03
2.346666666666666501e+01,1.051061507314443588e-02
2.350000000000000000e+01,1.277305651456117630e-03
2.353333333333333144e+01,-5.525332409888505936e-03
2.356666666666666643e+01,2.082421258091926575e-02
2.360000000000000142e+01,4.029960185289382935e-02
2.363333333333333286e+01,2.257042005658149719e-02
2.366666666666666785e+01,7.338439580053091049e-03
2.369999999999999929e+01,2.699085511267185211e-02
2.373333333333333428e+01,4.201080650091171265e-02
2.376666666666666572e+01,2.082437649369239807e-02
2.380000000000000071e+01,4.255235195159912109e-03
2.383333333333333215e+01,2.244707755744457245e-02
2.386666666666666714e+01,3.610499948263168335e-02
2.389999999999999858e+01,1.519447751343250275e-02
2.393333333333333357e+01,-1.858353731222450733e-03
2.396666666666666501e+01,1.392541732639074326e-02
2.400000000000000000e+01,2.454640530049800873e-02
2.403333333333333144e+01,7.362170726992189884e-04
2.406666666666666643e+01,-1.998626068234443665e-02
2.410000000000000142e+01,-9.199700318276882172e-03
2.413333333333333286e+01,-4.582077264785766602e-03
2.416666666666666785e+01,-7.809655275195837021e-03
2.419999999999999929e+01,-2.280467376112937927e-02
2.423333333333333428e+01,-3.457074239850044250e-02
2.426666666666666572e+01,-1.190723385661840439e-02
2.430000000000000071e+01,5.673930980265140533e-03
2.433333333333333215e+01,-9.799484163522720337e-03
2.436666666666666714e+01,-2.973091974854469299e-02
2.439999999999999858e+01,-2.189448475837707520e-02
2.443333333333333357e+01,2.366287261247634888e-02
2.446666666666666501e+01,6.243846565485000610e-02
2.450000000000000000e+01,7.129847258329391479e-02
2.453333333333333144e+01,5.330475047230720520e-02
2.456666666666666643e+01,1.141264382749795914e-02
2.460000000000000142e+01,-1.646270230412483215e-02
2.463333333333333286e+01,-7.622154429554939270e-03
2.466666666666666785e+01,-4.329751711338758469e-03
2.469999999999999929e+01,-1.296983752399682999e-02
2.473333333333333428e+01,4.122903104871511459e-03
2.476666666666666572e+01,1.455838978290557861e-02
2.480000000000000071e+01,1.402227114886045456e-02
2.483333333333333215e+01,3.590000048279762268e-02
2.486666666666666714e+01,5.043221265077590942e-02
2.489999999999999858e+01,3.312994912266731262e-02
2.493333333333333357e+01,2.229007706046104431e-02
2.496666666666666501e+01,6.845007184892892838e-03
2.500000000000000000e+01,-1.562140230089426041e-02
2.503333333333333144e+01,-8.839988149702548981e-03
2.506666666666666643e+01,3.494338318705558777e-02
2.510000000000000142e+01,7.050845772027969360e-02
2.513333333333333286e+01,7.321638613939285278e-02
2.516666666666666785e+01,4.663903266191482544e-02
2.519999999999999929e+01,1.972004212439060211e-02
2.523333333333333428e+01,2.451367303729057312e-02
2.526666666666666572e+01,2.610961161553859711e-02
2.530000000000000071e+01,-6.306609138846397400e-03
2.533333333333333215e+01,-3.365857899188995361e-02
2.536666666666666714e+01,-2.454777620732784271e-02
2.539999999999999858e+01,-2.154129929840564728e-02
2.543333333333333357e+01,-5.630699917674064636e-02
2.546666666666666501e+01,-8.742789924144744873e-02
2.550000000000000000e+01,-8.395194262266159058e-02
2.553333333333333144e+01,-8.262890577316284180e-02
2.556666666666666643e+01,-7.392443716526031494e-02
2.560000000000000142e+01,-3.061727061867713928e-02
2.563333333333333286e+01,7.208131253719329834e-03
2.566666666666666785e+01,8.661164902150630951e-03
2.569999999999999929e+01,1.354933809489011765e-02
2.573333333333333428e+01,5.133343860507011414e-02
2.576666666666666572e+01,8.266816288232803345e-02
2.580000000000000071e+01,7.635350525379180908e-02
2.583333333333333215e+01,4.279206693172454834e-02
2.586666666666666714e+01,1.864100247621536255e-02
2.589999999999999858e+01,2.611390314996242523e-02
2.593333333333333357e+01,2.529495395720005035e-02
2.596666666666666501e+01,-1.188670750707387924e-02
2.600000000000000000e+01,-4.630057886242866516e-02
2.603333333333333144e+01,-4.653115943074226379e-02
2.606666666666666643e+01,-5.170621722936630249e-02
2.609999999999999787e+01,-5.495470762252807617e-02
2.613333333333333286e+01,-2.459065616130828857e-02
2.616666666666666785e+01,5.939707261859439313e-05
2.619999999999999929e+01,-1.154414936900138855e-02
2.623333333333333428e+01,-2.098199166357517242e-02
2.626666666666666572e+01,3.414133330807089806e-03
2.630000000000000071e+01,2.530072256922721863e-02
2.633333333333333215e+01,1.227396819740533829e-02
2.636666666666666714e+01,1.824724720790982246e-03
2.639999999999999858e+01,2.605460770428180695e-02
2.643333333333333357e+01,4.811234027147293091e-02
2.646666666666666501e+01,3.436527401208877563e-02
2.650000000000000000e+01,1.359400153160095215e-02
2.653333333333333144e+01,1.855271682143211365e-02
2.656666666666666643e+01,3.874896466732025146e-02
2.659999999999999787e+01,4.123180359601974487e-02
2.663333333333333286e+01,1.243025995790958405e-02
2.666666666666666785e+01,-1.206308417022228241e-02
2.669999999999999929e+01,-2.497744048014283180e-03
2.673333333333333428e+01,3.965271171182394028e-03
2.676666666666666572e+01,-2.045891433954238892e-02
2.680000000000000071e+01,-3.889860585331916809e-02
2.683333333333333215e+01,-2.319922484457492828e-02
2.686666666666666714e+01,-5.564070306718349457e-03
2.689999999999999858e+01,-1.550129987299442291e-02
2.693333333333333357e+01,-1.977808587253093719e-02
2.696666666666666501e+01,1.253485307097434998e-02
2.700000000000000000e+01,4.212466999888420105e-02
2.703333333333333144e+01,3.449339792132377625e-02
2.706666666666666643e+01,-6.688664201647043228e-03
2.709999999999999787e+01,-4.184738919138908386e-02
2.713333333333333286e+01,-4.468869417905807495e-02
2.716666666666666785e+01,-1.301077380776405334e-02
2.719999999999999929e+01,1.383586227893829346e-02
2.723333333333333428e+01,6.665321532636880875e-03
2.726666666666666572e+01,-3.367144241929054260e-02
2.730000000000000071e+01,-6.807984411716461182e-02
2.733333333333333215e+01,-6.668581813573837280e-02
2.736666666666666714e+01,-2.883697301149368286e-02
2.739999999999999858e+01,2.757237991318106651e-03
2.743333333333333357e+01,-1.020550960674881935e-03
2.746666666666666501e+01,9.837453253567218781e-04
2.750000000000000000e+01,-9.527965448796749115e-05
2.753333333333333144e+01,-3.690147027373313904e-02
2.756666666666666643e+01,-7.044882327318191528e-02
2.759999999999999787e+01,-7.009961456060409546e-02
2.763333333333333286e+01,-3.531691059470176697e-02
2.766666666666666785e+01,3.665824607014656067e-02
2.769999999999999929e+01,1.015391647815704346e-01
2.773333333333333428e+01,1.274337768554687500e-01
2.776666666666666572e+01,1.192394345998764038e-01
2.780000000000000071e+01,7.880639284849166870e-02
2.783333333333333215e+01,4.402737691998481750e-02
2.786666666666666714e+01,4.285173118114471436e-02
2.789999999999999858e+01,6.417047977447509766e-02
2.793333333333333357e+01,7.324176281690597534e-02
2.796666666666666501e+01,4.869195073843002319e-02
2.800000000000000000e+01,2.921088971197605133e-02
2.803333333333333144e+01,2.335346117615699768e-02
2.806666666666666643e+01,-5.580762866884469986e-03
2.809999999999999787e+01,-3.171672672033309937e-02
2.813333333333333286e+01,-2.434543892741203308e-02
2.816666666666666785e+01,2.005638787522912025e-03
2.819999999999999929e+01,9.294657036662101746e-03
2.823333333333333428e+01,-2.076220884919166565e-02
2.826666666666666572e+01,-4.671448096632957458e-02
2.830000000000000071e+01,-3.665095940232276917e-02
2.833333333333333215e+01,-3.192537277936935425e-02
2.836666666666666714e+01,-6.444477289915084839e-02
2.839999999999999858e+01,-9.327339380979537964e-02
2.843333333333333357e+01,-8.780421316623687744e-02
2.846666666666666501e+01,-4.801466688513755798e-02
2.850000000000000000e+01,-1.574858650565147400e-02
2.853333333333333144e+01,-9.848089888691902161e-03
2.856666666666666643e+01,8.762615732848644257e-03
2.859999999999999787e+01,3.269637003540992737e-02
2.863333333333333286e+01,3.106237016618251801e-02
2.866666666666666785e+01,2.518447488546371460e-02
2.869999999999999929e+01,4.729419946670532227e-02
2.873333333333333428e+01,6.327928602695465088e-02
2.876666666666666572e+01,4.526054859161376953e-02
2.880000000000000071e+01,3.223079815506935120e-02
2.883333333333333215e+01,2.383473701775074005e-02
2.886666666666666714e+01,-1.020223647356033325e-02
2.889999999999999858e+01,-3.713463619351387024e-02
2.893333333333333357e+01,-2.676393464207649231e-02
2.896666666666666501e+01,3.735414939001202583e-03
2.900000000000000000e+01,2.023955620825290680e-02
2.903333333333333144e+01,3.654263447970151901e-03
2.906666666666666643e+01,-7.802071515470743179e-03
2.909999999999999787e+01,2.012080978602170944e-03
2.913333333333333286e+01,-4.757050890475511551e-03
2.916666666666666785e+01,-8.108487352728843689e-03
2.919999999999999929e+01,2.315612882375717163e-02
2.923333333333333428e+01,5.048302561044692993e-02
2.926666666666666572e+01,4.346080869436264038e-02
2.930000000000000071e+01,1.954965991899371147e-03
2.933333333333333215e+01,-3.494561091065406799e-02
2.936666666666666714e+01,-3.740127757191658020e-02
2.939999999999999858e+01,-3.734775632619857788e-02
2.943333333333333357e+01,-2.736464329063892365e-02
2.946666666666666501e+01,1.595171913504600525e-02
2.950000000000000000e+01,4.967927560210227966e-02
2.953333333333333144e+01,4.711990430951118469e-02
2.956666666666666643e+01,1.283522974699735641e-02
2.959999999999999787e+01,-1.710513979196548462e-02
2.963333333333333286e+01,-1.406319625675678253e-02
2.966666666666666785e+01,-1.814763061702251434e-02
2.969999999999999929e+01,-1.875618286430835724e-02
2.973333333333333428e+01,1.406872458755970001e-02
2.976666666666666572e+01,3.980369865894317627e-02
2.980000000000000071e+01,3.041964769363403320e-02
2.983333333333333215e+01,2.379223704338073730e-02
2.986666666666666714e+01,1.103843655437231064e-02
2.989999999999999858e+01,-3.434713929891586304e-02
2.993333333333333357e+01,-7.233215123414993286e-02
2.996666666666666501e+01,-7.389225810766220093e-02
3.000000000000000000e+01,-4.106066003441810608e-02
3.003333333333333144e+01,-1.340541895478963852e-02
3.006666666666666643e+01,-2.188052423298358917e-02
3.009999999999999787e+01,-2.949201129376888275e-02
3.013333333333333286e+01,-5.427570082247257233e-03
3.016666666666666785e+01,1.167972851544618607e-02
3.019999999999999929e+01,-3.929584287106990814e-03
3.023333333333333428e+01,-1.363948080688714981e-02
3.026666666666666572e+01,1.116144750267267227e-02
3.030000000000000071e+01,3.110020421445369720e-02
3.033333333333333215e+01,1.360662933439016342e-02
3.036666666666666714e+01,1.144964946433901787e-03
3.039999999999999858e+01,2.428617142140865326e-02
3.043333333333333357e+01,4.256107658147811890e-02
3.046666666666666501e+01,2.399514615535736084e-02
3.050000000000000000e+01,7.479648571461439133e-03
3.053333333333333144e+01,1.092291064560413361e-02
3.056666666666666643e+01,-2.478252863511443138e-03
3.059999999999999787e+01,-1.156829018145799637e-02
3.063333333333333286e+01,1.342487428337335587e-02
3.066666666666666785e+01,3.299192339181900024e-02
3.069999999999999929e+01,1.861017011106014252e-02
3.073333333333333428e+01,1.101831905543804169e-02
3.076666666666666572e+01,1.632808707654476166e-02
3.080000000000000071e+01,-1.775687414919957519e-04
3.083333333333333215e+01,-4.942993074655532837e-02
3.086666666666666714e+01,-9.128677845001220703e-02
3.089999999999999858e+01,-9.763114899396896362e-02
3.093333333333333357e+01,-6.891441345214843750e-02
3.096666666666666501e+01,-4.644322767853736877e-02
3.100000000000000000e+01,-3.295929357409477234e-02
3.103333333333333144e+01,6.391788832843303680e-03
3.106666666666666643e+01,4.193804040551185608e-02
3.109999999999999787e+01,4.419155046343803406e-02
3.113333333333333286e+01,1.420929282903671265e-02
3.116666666666666785e+01,-1.100044976919889450e-02
3.119999999999999929e+01,-1.983848167583346367e-03
3.123333333333333428e+01,2.880061743780970573e-03
3.126666666666666572e+01,1.198511943221092224e-02
3.130000000000000071e+01,5.374636501073837280e-02
3.133333333333333215e+01,8.642765134572982788e-02
3.136666666666666714e+01,8.269828557968139648e-02
3.139999999999999858e+01,4.599766805768013000e-02
3.143333333333333357e+01,1.380803156644105911e-02
3.146666666666666501e+01,1.555173937231302261e-02
3.150000000000000000e+01,9.843282401561737061e-03
3.153333333333333144e+01,-1.853475905954837799e-02
3.156666666666666643e+01,-3.201858326792716980e-02
3.159999999999999787e+01,-1.075817923992872238e-02
3.163333333333333286e+01,4.456373397260904312e-03
3.166666666666666785e+01,-1.561118476092815399e-02
3.169999999999999929e+01,-3.282031789422035217e-02
3.173333333333333428e+01,-1.774051040410995483e-02
3.176666666666666572e+01,-8.932597003877162933e-03
3.180000000000000071e+01,-2.201403491199016571e-02
3.183333333333333215e+01,-2.242176420986652374e-02
3.186666666666666714e+01,1.079854462295770645e-02
3.189999999999999858e+01,3.755451366305351257e-02
3.193333333333333357e+01,2.713654004037380219e-02
3.196666666666666501e+01,1.964891888201236725e-02
