0.000000000000000000e+00,3.042123317718505859e-01
3.333333333333333287e-02,8.757934719324111938e-02
6.666666666666666574e-02,4.015304148197174072e-01
1.000000000000000056e-01,-5.072081685066223145e-01
1.333333333333333315e-01,5.199242830276489258e-01
1.666666666666666574e-01,2.233175486326217651e-01
2.000000000000000111e-01,4.611760377883911133e-02
2.333333333333333370e-01,-2.157067507505416870e-02
2.666666666666666630e-01,4.417233169078826904e-01
2.999999999999999889e-01,-5.909230187535285950e-02
3.333333333333333148e-01,-7.495191879570484161e-03
3.666666666666666408e-01,4.907554388046264648e-02
4.000000000000000222e-01,-4.560502991080284119e-02
4.333333333333333481e-01,-9.366498142480850220e-02
4.666666666666666741e-01,-9.576617181301116943e-02
5.000000000000000000e-01,-4.550409689545631409e-02
5.333333333333333259e-01,-2.529867291450500488e-01
5.666666666666666519e-01,-8.526289463043212891e-02
5.999999999999999778e-01,-8.063951134681701660e-02
6.333333333333333037e-01,-1.873302757740020752e-01
6.666666666666666297e-01,-1.411299556493759155e-01
6.999999999999999556e-01,-1.613507866859436035e-01
7.333333333333332815e-01,-2.186272889375686646e-01
7.666666666666666075e-01,-1.182389408349990845e-01
8.000000000000000444e-01,-9.376308321952819824e-02
8.333333333333333703e-01,-2.742769122123718262e-01
8.666666666666666963e-01,-2.870616018772125244e-01
9.000000000000000222e-01,-2.168578356504440308e-01
9.333333333333333481e-01,-8.419959992170333862e-02
9.666666666666666741e-01,-2.481511831283569336e-01
1.000000000000000000e+00,-2.111687958240509033e-01
1.033333333333333215e+00,-2.044478356838226318e-01
1.066666666666666652e+00,-1.423477828502655029e-01
1.100000000000000089e+00,-2.122434824705123901e-01
1.133333333333333304e+00,-1.859981119632720947e-01
1.166666666666666741e+00,-2.656400203704833984e-01
1.199999999999999956e+00,-1.491038966923952103e-02
1.233333333333333393e+00,-1.969641000032424927e-01
1.266666666666666607e+00,-1.746355146169662476e-01
1.300000000000000044e+00,-2.797199785709381104e-01
1.333333333333333259e+00,-5.968524888157844543e-02
1.366666666666666696e+00,-1.654911041259765625e-01
1.399999999999999911e+00,-1.383516043424606323e-01
1.433333333333333348e+00,-2.793576419353485107e-01
1.466666666666666563e+00,-6.590368598699569702e-02
1.500000000000000000e+00,-1.563338339328765869e-01
1.533333333333333215e+00,-2.006172835826873779e-01
1.566666666666666652e+00,-2.027428448200225830e-01
1.600000000000000089e+00,-9.625685214996337891e-02
1.633333333333333304e+00,-9.557949751615524292e-02
1.666666666666666741e+00,-2.466452866792678833e-01
1.699999999999999956e+00,-2.282027453184127808e-01
1.733333333333333393e+00,-2.169685065746307373e-01
1.766666666666666607e+00,-1.802686303853988647e-01
1.800000000000000044e+00,-2.742805778980255127e-01
1.833333333333333259e+00,-2.089705467224121094e-01
1.866666666666666696e+00,-1.730220615863800049e-01
1.899999999999999911e+00,-2.050454616546630859e-01
1.933333333333333348e+00,-2.127771228551864624e-01
1.966666666666666563e+00,-1.498778015375137329e-01
2.000000000000000000e+00,-1.007412970066070557e-01
2.033333333333333215e+00,-1.637836694717407227e-01
2.066666666666666430e+00,-1.845982670783996582e-01
2.100000000000000089e+00,-1.458384245634078979e-01
2.133333333333333304e+00,-5.651140585541725159e-02
2.166666666666666519e+00,-1.461956799030303955e-01
2.200000000000000178e+00,-1.653879284858703613e-01
2.233333333333333393e+00,-2.238305211067199707e-01
2.266666666666666607e+00,-2.057803571224212646e-01
2.299999999999999822e+00,-5.882910266518592834e-02
2.333333333333333481e+00,-2.164064645767211914e-01
2.366666666666666696e+00,-2.139558196067810059e-01
2.399999999999999911e+00,-1.560283601284027100e-01
2.433333333333333126e+00,-1.289826035499572754e-01
2.466666666666666785e+00,-1.772032976150512695e-01
2.500000000000000000e+00,-2.106150537729263306e-01
2.533333333333333215e+00,-1.244946643710136414e-01
2.566666666666666430e+00,-6.829691119492053986e-03
2.600000000000000089e+00,-5.136294290423393250e-02
2.633333333333333304e+00,-2.122472971677780151e-01
2.666666666666666519e+00,-1.105056926608085632e-01
2.700000000000000178e+00,-7.181810587644577026e-02
2.733333333333333393e+00,-1.120658591389656067e-01
2.766666666666666607e+00,-2.160488963127136230e-01
2.799999999999999822e+00,-7.352843135595321655e-02
2.833333333333333481e+00,-7.529132813215255737e-02
2.866666666666666696e+00,-1.295304298400878906e-01
2.899999999999999911e+00,-2.208994626998901367e-01
2.933333333333333126e+00,-1.108244732022285461e-01
2.966666666666666785e+00,-4.138936102390289307e-02
3.000000000000000000e+00,-5.377425253391265869e-02
3.033333333333333215e+00,-2.195310592651367188e-01
3.066666666666666430e+00,-9.585420042276382446e-02
3.100000000000000089e+00,-5.847168155014514923e-03
3.133333333333333304e+00,-4.711829870939254761e-02
3.166666666666666519e+00,-2.276582866907119751e-01
3.200000000000000178e+00,-7.993688434362411499e-02
3.233333333333333393e+00,-1.314180195331573486e-01
3.266666666666666607e+00,-4.315381869673728943e-02
3.299999999999999822e+00,-2.084477245807647705e-01
3.333333333333333481e+00,-6.404406577348709106e-02
3.366666666666666696e+00,-1.384840309619903564e-01
3.399999999999999911e+00,-1.213577091693878174e-01
3.433333333333333126e+00,-9.724923968315124512e-02
3.466666666666666785e+00,-5.760936066508293152e-02
3.500000000000000000e+00,-2.467354089021682739e-01
3.533333333333333215e+00,-1.312828809022903442e-01
3.566666666666666430e+00,-6.270109862089157104e-02
3.600000000000000089e+00,-2.346169054508209229e-01
3.633333333333333304e+00,-2.084312587976455688e-01
3.666666666666666519e+00,-6.210513040423393250e-02
3.699999999999999734e+00,-1.360030192881822586e-02
3.733333333333333393e+00,-1.678480803966522217e-01
3.766666666666666607e+00,-1.179145202040672302e-01
3.799999999999999822e+00,-5.233694799244403839e-03
3.833333333333333481e+00,-4.065363481640815735e-02
3.866666666666666696e+00,-1.335515826940536499e-01
3.899999999999999911e+00,-1.011595726013183594e-01
3.933333333333333126e+00,-1.453062593936920166e-01
3.966666666666666785e+00,-4.954789951443672180e-02
4.000000000000000000e+00,4.280142113566398621e-02
4.033333333333333215e+00,-1.707279980182647705e-01
4.066666666666666430e+00,-8.562985807657241821e-02
4.099999999999999645e+00,-1.081248521804809570e-01
4.133333333333332860e+00,-1.687227562069892883e-02
4.166666666666666963e+00,-2.249693274497985840e-01
4.200000000000000178e+00,-8.510033041238784790e-02
4.233333333333333393e+00,-5.564528331160545349e-02
4.266666666666666607e+00,4.984456114470958710e-03
4.299999999999999822e+00,-1.503567397594451904e-01
4.333333333333333037e+00,-1.665761694312095642e-02
4.366666666666666252e+00,-2.104114368557929993e-02
4.400000000000000355e+00,-2.878505289554595947e-01
4.433333333333333570e+00,-1.479227542877197266e-01
4.466666666666666785e+00,-2.931879833340644836e-02
4.500000000000000000e+00,-3.702028468251228333e-02
4.533333333333333215e+00,-4.456317052245140076e-02
4.566666666666666430e+00,-1.354922056198120117e-01
4.599999999999999645e+00,-1.155352890491485596e-01
4.633333333333332860e+00,-6.114796921610832214e-02
4.666666666666666963e+00,8.367374539375305176e-02
4.700000000000000178e+00,-6.171058490872383118e-02
4.733333333333333393e+00,-1.936983466148376465e-01
4.766666666666666607e+00,-3.113688901066780090e-02
4.799999999999999822e+00,9.416916221380233765e-02
4.833333333333333037e+00,-2.022763192653656006e-01
4.866666666666666252e+00,-1.179832741618156433e-01
4.900000000000000355e+00,1.350152026861906052e-02
4.933333333333333570e+00,7.778283953666687012e-02
4.966666666666666785e+00,-7.496274262666702271e-02
5.000000000000000000e+00,1.243333797901868820e-02
5.033333333333333215e+00,-5.891332030296325684e-02
5.066666666666666430e+00,-7.838480919599533081e-02
5.099999999999999645e+00,7.863420061767101288e-03
5.133333333333332860e+00,1.147283148020505905e-02
5.166666666666666963e+00,-6.782694905996322632e-02
5.200000000000000178e+00,-1.325999349355697632e-01
5.233333333333333393e+00,-3.680856153368949890e-02
5.266666666666666607e+00,2.580552920699119568e-02
5.299999999999999822e+00,-4.667861387133598328e-02
5.333333333333333037e+00,-1.216280162334442139e-01
5.366666666666666252e+00,-8.899143338203430176e-02
5.400000000000000355e+00,5.529287084937095642e-02
5.433333333333333570e+00,-7.422365993261337280e-02
5.466666666666666785e+00,-1.619388759136199951e-01
5.500000000000000000e+00,-1.446793079376220703e-01
5.533333333333333215e+00,5.572226271033287048e-02
5.566666666666666430e+00,-2.124278619885444641e-02
5.599999999999999645e+00,-1.428551226854324341e-01
5.633333333333332860e+00,-8.017016202211380005e-02
5.666666666666666963e+00,2.524126693606376648e-02
5.700000000000000178e+00,-8.422823995351791382e-02
5.733333333333333393e+00,-9.966754168272018433e-02
5.766666666666666607e+00,-1.024353727698326111e-01
5.799999999999999822e+00,-1.799528673291206360e-02
5.833333333333333037e+00,3.806083276867866516e-02
5.866666666666666252e+00,-1.772753596305847168e-01
5.900000000000000355e+00,-1.270188242197036743e-01
5.933333333333333570e+00,-2.901701256632804871e-02
5.966666666666666785e+00,9.834332764148712158e-02
6.000000000000000000e+00,-3.816520422697067261e-02
6.033333333333333215e+00,-1.834363788366317749e-01
6.066666666666666430e+00,6.689894013106822968e-03
6.099999999999999645e+00,8.099180459976196289e-02
6.133333333333332860e+00,-2.954381704330444336e-02
6.166666666666666963e+00,-1.597335338592529297e-01
6.200000000000000178e+00,-2.083786949515342712e-02
6.233333333333333393e+00,8.122662454843521118e-02
6.266666666666666607e+00,2.068431302905082703e-02
6.299999999999999822e+00,-1.466035693883895874e-01
6.333333333333333037e+00,-3.703777864575386047e-02
6.366666666666666252e+00,6.944148242473602295e-02
6.400000000000000355e+00,1.060096453875303268e-02
6.433333333333333570e+00,-1.046146377921104431e-01
6.466666666666666785e+00,1.164468936622142792e-03
6.500000000000000000e+00,-2.866429276764392853e-03
6.533333333333333215e+00,-1.381161157041788101e-02
6.566666666666666430e+00,-1.205139756202697754e-01
6.599999999999999645e+00,-6.889479607343673706e-02
6.633333333333332860e+00,3.145625814795494080e-02
6.666666666666666963e+00,-6.196318939328193665e-02
6.700000000000000178e+00,6.489683687686920166e-02
6.733333333333333393e+00,-4.687924869358539581e-03
6.766666666666666607e+00,-1.546854246407747269e-02
6.799999999999999822e+00,7.967006415128707886e-02
6.833333333333333037e+00,-1.697511598467826843e-02
6.866666666666666252e+00,-5.457610636949539185e-02
6.899999999999999467e+00,-7.372479885816574097e-02
6.933333333333333570e+00,1.098025515675544739e-01
6.966666666666666785e+00,1.693863049149513245e-02
7.000000000000000000e+00,-9.802223742008209229e-02
7.033333333333333215e+00,-2.727677114307880402e-03
7.066666666666666430e+00,2.343322709202766418e-02
7.099999999999999645e+00,-9.610911458730697632e-02
7.133333333333332860e+00,-5.573542043566703796e-02
7.166666666666666963e+00,4.557331278920173645e-02
7.200000000000000178e+00,-6.124303117394447327e-02
7.233333333333333393e+00,-1.651415675878524780e-01
7.266666666666666607e+00,1.843734458088874817e-02
7.299999999999999822e+00,1.820724084973335266e-02
7.333333333333333037e+00,-4.399182274937629700e-02
7.366666666666666252e+00,-1.496112048625946045e-01
7.399999999999999467e+00,3.010729327797889709e-02
7.433333333333333570e+00,3.642861172556877136e-02
7.466666666666666785e+00,3.511882573366165161e-02
7.500000000000000000e+00,-6.769367307424545288e-02
7.533333333333333215e+00,6.687165051698684692e-02
7.566666666666666430e+00,1.328191459178924561e-01
7.599999999999999645e+00,2.406925708055496216e-02
7.633333333333332860e+00,-6.480187922716140747e-02
7.666666666666666963e+00,-2.903674915432929993e-02
7.700000000000000178e+00,5.542645230889320374e-02
7.733333333333333393e+00,-4.845971614122390747e-02
7.766666666666666607e+00,-8.113104104995727539e-02
7.799999999999999822e+00,4.779142513871192932e-02
7.833333333333333037e+00,1.002523005008697510e-01
7.866666666666666252e+00,8.740476332604885101e-03
7.899999999999999467e+00,-8.541861921548843384e-02
7.933333333333333570e+00,-3.353628888726234436e-02
7.966666666666666785e+00,1.025078296661376953e-01
8.000000000000000000e+00,-6.045482680201530457e-02
8.033333333333333215e+00,-9.593977779150009155e-02
8.066666666666666430e+00,-1.159556135535240173e-01
8.099999999999999645e+00,1.022999137639999390e-01
8.133333333333332860e+00,-6.649061292409896851e-02
8.166666666666666075e+00,-1.153294518589973450e-01
8.199999999999999289e+00,-1.360182650387287140e-03
8.233333333333332504e+00,4.698336496949195862e-02
8.266666666666665719e+00,-1.014865282922983170e-02
8.300000000000000711e+00,-1.433074921369552612e-01
8.333333333333333925e+00,-7.389274425804615021e-03
8.366666666666667140e+00,2.582218125462532043e-02
8.400000000000000355e+00,2.359801977872848511e-01
8.433333333333333570e+00,6.366590410470962524e-02
8.466666666666666785e+00,4.005344584584236145e-02
8.500000000000000000e+00,-1.333615183830261230e-01
8.533333333333333215e+00,1.285961829125881195e-03
8.566666666666666430e+00,4.361381754279136658e-02
8.599999999999999645e+00,-4.107626155018806458e-04
8.633333333333332860e+00,-2.257530577480792999e-03
8.666666666666666075e+00,1.690249741077423096e-01
8.699999999999999289e+00,4.681624099612236023e-02
8.733333333333332504e+00,-7.886638492345809937e-02
8.766666666666665719e+00,-3.009625151753425598e-02
8.800000000000000711e+00,1.357733309268951416e-01
8.833333333333333925e+00,4.343934729695320129e-02
8.866666666666667140e+00,-7.938556373119354248e-02
8.900000000000000355e+00,-7.237917929887771606e-02
8.933333333333333570e+00,1.374316662549972534e-01
8.966666666666666785e+00,4.537641629576683044e-02
9.000000000000000000e+00,-3.112320229411125183e-02
9.033333333333333215e+00,2.777382358908653259e-02
9.066666666666666430e+00,9.454075992107391357e-02
9.099999999999999645e+00,7.199747860431671143e-02
9.133333333333332860e+00,1.615072041749954224e-02
9.166666666666666075e+00,2.670433744788169861e-02
9.199999999999999289e+00,1.421836912631988525e-01
9.233333333333332504e+00,9.551088511943817139e-02
9.266666666666665719e+00,6.018117442727088928e-02
9.300000000000000711e+00,3.200831636786460876e-02
9.333333333333333925e+00,3.912844881415367126e-02
9.366666666666667140e+00,9.417581371963024139e-03
9.400000000000000355e+00,-4.040993005037307739e-02
9.433333333333333570e+00,-2.894081175327301025e-02
9.466666666666666785e+00,6.841737776994705200e-02
9.500000000000000000e+00,2.168670669198036194e-02
9.533333333333333215e+00,2.667728438973426819e-02
9.566666666666666430e+00,3.991248086094856262e-02
9.599999999999999645e+00,8.642313629388809204e-02
9.633333333333332860e+00,7.231612503528594971e-02
9.666666666666666075e+00,3.794772550463676453e-02
9.699999999999999289e+00,5.501622706651687622e-02
9.733333333333332504e+00,5.214803665876388550e-02
9.766666666666665719e+00,1.007766053080558777e-01
9.800000000000000711e+00,5.414668470621109009e-02
9.833333333333333925e+00,-2.662649452686309814e-01
9.866666666666667140e+00,-4.161813482642173767e-02
9.900000000000000355e+00,9.780424088239669800e-02
9.933333333333333570e+00,3.092938289046287537e-02
9.966666666666666785e+00,3.919797390699386597e-02
1.000000000000000000e+01,-1.494827419519424438e-01
1.003333333333333321e+01,7.467257231473922729e-02
1.006666666666666643e+01,3.508361056447029114e-02
1.009999999999999964e+01,1.788475736975669861e-02
1.013333333333333286e+01,-1.784940361976623535e-01
1.016666666666666607e+01,6.289694458246231079e-02
1.019999999999999929e+01,8.167374134063720703e-02
1.023333333333333250e+01,3.529070690274238586e-02
1.026666666666666572e+01,-3.419917821884155273e-02
1.030000000000000071e+01,1.350518614053726196e-01
1.033333333333333393e+01,1.521057188510894775e-01
1.036666666666666714e+01,1.145091131329536438e-01
1.040000000000000036e+01,-7.338735274970531464e-03
1.043333333333333357e+01,-1.126466765999794006e-01
1.046666666666666679e+01,1.254600137472152710e-01
1.050000000000000000e+01,1.351879984140396118e-01
1.053333333333333321e+01,2.889404073357582092e-03
1.056666666666666643e+01,-8.832015842199325562e-02
1.059999999999999964e+01,1.291622817516326904e-01
1.063333333333333286e+01,1.642276644706726074e-01
1.066666666666666607e+01,5.448607727885246277e-03
1.069999999999999929e+01,-7.067515701055526733e-02
1.073333333333333250e+01,9.957142919301986694e-02
1.076666666666666572e+01,1.276795715093612671e-01
1.080000000000000071e+01,5.251120403409004211e-02
1.083333333333333393e+01,-3.834215179085731506e-02
1.086666666666666714e+01,9.558340907096862793e-02
1.090000000000000036e+01,1.610075533390045166e-01
1.093333333333333357e+01,8.349607139825820923e-02
1.096666666666666679e+01,-5.125145986676216125e-02
1.100000000000000000e+01,8.438728004693984985e-02
1.103333333333333321e+01,1.465474367141723633e-01
1.106666666666666643e+01,7.153326272964477539e-02
1.109999999999999964e+01,-2.872927486896514893e-02
1.113333333333333286e+01,7.795449346303939819e-02
1.116666666666666607e+01,1.528832465410232544e-01
1.119999999999999929e+01,1.159869059920310974e-01
1.123333333333333250e+01,2.852189913392066956e-02
1.126666666666666572e+01,-9.198892116546630859e-02
1.130000000000000071e+01,-7.934191077947616577e-02
1.133333333333333393e+01,1.306339949369430542e-01
1.136666666666666714e+01,6.487668305635452271e-02
1.140000000000000036e+01,6.388485431671142578e-02
1.143333333333333357e+01,8.392021805047988892e-02
1.146666666666666679e+01,2.014235854148864746e-01
1.150000000000000000e+01,4.635139368474483490e-03
1.153333333333333321e+01,-2.278223261237144470e-02
1.156666666666666643e+01,5.199032649397850037e-02
1.159999999999999964e+01,9.368102252483367920e-02
1.163333333333333286e+01,9.898405522108078003e-02
1.166666666666666607e+01,-6.263754516839981079e-02
1.169999999999999929e+01,3.516052290797233582e-02
1.173333333333333250e+01,1.571591198444366455e-01
1.176666666666666572e+01,8.297029882669448853e-02
1.180000000000000071e+01,-8.248098194599151611e-02
1.183333333333333393e+01,-3.243044763803482056e-02
1.186666666666666714e+01,8.176059275865554810e-02
1.190000000000000036e+01,4.990081861615180969e-02
1.193333333333333357e+01,6.232708320021629333e-02
1.196666666666666679e+01,3.181440755724906921e-02
1.200000000000000000e+01,2.915545180439949036e-02
1.203333333333333321e+01,1.175121292471885681e-01
1.206666666666666643e+01,4.839726164937019348e-02
1.209999999999999964e+01,3.346578404307365417e-02
1.213333333333333286e+01,1.382129937410354614e-01
1.216666666666666607e+01,5.643839761614799500e-02
1.219999999999999929e+01,7.720690220594406128e-02
1.223333333333333250e+01,5.358495190739631653e-02
1.226666666666666572e+01,1.652666926383972168e-01
1.230000000000000071e+01,5.694958567619323730e-02
1.233333333333333393e+01,1.855806261301040649e-02
1.236666666666666714e+01,7.911531627178192139e-02
1.240000000000000036e+01,1.042105033993721008e-01
1.243333333333333357e+01,5.480886995792388916e-02
1.246666666666666679e+01,-1.131479628384113312e-03
1.250000000000000000e+01,6.762834638357162476e-02
1.253333333333333321e+01,4.185038805007934570e-02
1.256666666666666643e+01,6.708405166864395142e-02
1.259999999999999964e+01,-7.635413855314254761e-02
1.263333333333333286e+01,2.458926290273666382e-02
1.266666666666666607e+01,6.827946752309799194e-02
1.269999999999999929e+01,1.093451902270317078e-01
1.273333333333333250e+01,6.142646819353103638e-02
1.276666666666666572e+01,-6.807487457990646362e-02
1.280000000000000071e+01,2.682110667228698730e-02
1.283333333333333393e+01,8.790399879217147827e-02
1.286666666666666714e+01,1.000079736113548279e-01
1.290000000000000036e+01,1.216702070087194443e-02
1.293333333333333357e+01,4.661175981163978577e-02
1.296666666666666679e+01,1.654080450534820557e-01
1.300000000000000000e+01,6.836161762475967407e-02
1.303333333333333321e+01,4.715272039175033569e-02
1.306666666666666643e+01,-7.532566785812377930e-02
1.309999999999999964e+01,6.211570650339126587e-02
1.313333333333333286e+01,1.111239716410636902e-01
1.316666666666666607e+01,2.472019195556640625e-02
1.319999999999999929e+01,-7.196263968944549561e-02
1.323333333333333250e+01,6.259585916996002197e-02
1.326666666666666572e+01,8.680504560470581055e-02
1.329999999999999893e+01,8.428496867418289185e-02
1.333333333333333393e+01,-1.681810617446899414e-01
1.336666666666666714e+01,1.099334433674812317e-01
1.340000000000000036e+01,1.025787517428398132e-01
1.343333333333333357e+01,9.292371571063995361e-02
1.346666666666666679e+01,-3.580877557396888733e-02
1.350000000000000000e+01,9.113138914108276367e-02
1.353333333333333321e+01,1.204803660511970520e-01
1.356666666666666643e+01,1.055357530713081360e-01
1.359999999999999964e+01,-3.245168924331665039e-02
1.363333333333333286e+01,7.229450345039367676e-02
1.366666666666666607e+01,1.309565305709838867e-01
1.369999999999999929e+01,1.105295047163963318e-01
1.373333333333333250e+01,-4.554189741611480713e-02
1.376666666666666572e+01,8.825584501028060913e-02
1.379999999999999893e+01,9.094725549221038818e-02
1.383333333333333393e+01,3.558719903230667114e-02
1.386666666666666714e+01,9.850115329027175903e-02
1.390000000000000036e+01,4.992634430527687073e-02
1.393333333333333357e+01,1.413572113960981369e-02
1.396666666666666679e+01,-2.550479769706726074e-02
1.400000000000000000e+01,5.041149631142616272e-02
1.403333333333333321e+01,5.243978276848793030e-02
1.406666666666666643e+01,6.747935898602008820e-03
1.409999999999999964e+01,1.037948802113533020e-01
1.413333333333333286e+01,1.205247920006513596e-02
1.416666666666666607e+01,1.067591160535812378e-01
1.419999999999999929e+01,8.054440468549728394e-02
1.423333333333333250e+01,1.085620969533920288e-01
1.426666666666666572e+01,1.186819970607757568e-01
1.429999999999999893e+01,-7.471682131290435791e-02
1.433333333333333393e+01,3.645817190408706665e-02
1.436666666666666714e+01,-2.993557974696159363e-02
1.440000000000000036e+01,2.502589523792266846e-01
1.443333333333333357e+01,7.166807353496551514e-02
1.446666666666666679e+01,5.076304450631141663e-02
1.450000000000000000e+01,8.822371065616607666e-02
1.453333333333333321e+01,1.927451193332672119e-01
1.456666666666666643e+01,1.188372969627380371e-01
1.459999999999999964e+01,6.594897806644439697e-02
1.463333333333333286e+01,-5.534578114748001099e-02
1.466666666666666607e+01,2.991554886102676392e-02
1.469999999999999929e+01,9.772084653377532959e-02
1.473333333333333250e+01,7.399988174438476562e-02
1.476666666666666572e+01,2.698540687561035156e-02
1.479999999999999893e+01,5.730615928769111633e-02
1.483333333333333393e+01,1.103478223085403442e-01
1.486666666666666714e+01,4.093604907393455505e-02
1.490000000000000036e+01,5.261333286762237549e-02
1.493333333333333357e+01,5.514717847108840942e-02
1.496666666666666679e+01,1.291662752628326416e-01
1.500000000000000000e+01,9.195151180028915405e-02
1.503333333333333321e+01,1.227228809148073196e-02
1.506666666666666643e+01,1.299885511398315430e-01
1.509999999999999964e+01,1.130140274763107300e-01
1.513333333333333286e+01,8.365974575281143188e-02
1.516666666666666607e+01,-9.151526726782321930e-03
1.519999999999999929e+01,1.003521494567394257e-02
1.523333333333333250e+01,1.193637773394584656e-01
1.526666666666666572e+01,8.806511014699935913e-02
1.529999999999999893e+01,9.471257030963897705e-02
1.533333333333333393e+01,-8.227079175412654877e-03
1.536666666666666714e+01,8.069436252117156982e-02
1.540000000000000036e+01,1.151178702712059021e-01
1.543333333333333357e+01,5.315278097987174988e-02
1.546666666666666679e+01,-5.458060652017593384e-02
1.550000000000000000e+01,5.081763118505477905e-02
1.553333333333333321e+01,1.092020645737648010e-01
1.556666666666666643e+01,4.043219238519668579e-02
1.559999999999999964e+01,7.322380691766738892e-02
1.563333333333333286e+01,1.754898577928543091e-02
1.566666666666666607e+01,8.235522359609603882e-02
1.569999999999999929e+01,6.519357115030288696e-02
1.573333333333333250e+01,1.597606837749481201e-01
1.576666666666666572e+01,5.829705297946929932e-02
1.579999999999999893e+01,3.021283820271492004e-02
1.583333333333333393e+01,5.546588823199272156e-02
1.586666666666666714e+01,1.994398683309555054e-01
1.590000000000000036e+01,5.996781960129737854e-02
1.593333333333333357e+01,3.551372140645980835e-02
1.596666666666666679e+01,3.646939992904663086e-02
1.600000000000000000e+01,1.868022978305816650e-01
1.603333333333333144e+01,4.820462688803672791e-02
1.606666666666666643e+01,3.768325224518775940e-02
1.610000000000000142e+01,7.766957394778728485e-03
1.613333333333333286e+01,1.862160861492156982e-01
1.616666666666666785e+01,5.786801129579544067e-02
1.619999999999999929e+01,2.954062446951866150e-02
1.623333333333333428e+01,2.818140760064125061e-02
1.626666666666666572e+01,1.830084919929504395e-01
1.630000000000000071e+01,4.070337489247322083e-02
1.633333333333333215e+01,7.693821191787719727e-02
1.636666666666666714e+01,8.734946697950363159e-02
1.639999999999999858e+01,9.901668131351470947e-02
1.643333333333333357e+01,1.653701439499855042e-02
1.646666666666666501e+01,8.028431981801986694e-02
1.650000000000000000e+01,1.019485145807266235e-01
1.653333333333333144e+01,1.316454559564590454e-01
1.656666666666666643e+01,3.193732351064682007e-02
1.660000000000000142e+01,1.036807075142860413e-01
1.663333333333333286e+01,1.203795894980430603e-01
1.666666666666666785e+01,1.439393907785415649e-01
1.669999999999999929e+01,1.786654815077781677e-02
1.673333333333333428e+01,5.998119711875915527e-02
1.676666666666666572e+01,1.032949686050415039e-01
1.680000000000000071e+01,1.206878200173377991e-01
1.683333333333333215e+01,-3.654121421277523041e-03
1.686666666666666714e+01,8.363053202629089355e-02
1.689999999999999858e+01,9.789896756410598755e-02
1.693333333333333357e+01,1.818093359470367432e-01
1.696666666666666501e+01,4.351238533854484558e-02
1.700000000000000000e+01,1.051480919122695923e-01
1.703333333333333144e+01,1.711178198456764221e-02
1.706666666666666643e+01,9.039344638586044312e-02
1.710000000000000142e+01,5.826209858059883118e-02
1.713333333333333286e+01,6.947851926088333130e-02
1.716666666666666785e+01,9.747534245252609253e-02
1.719999999999999929e+01,3.069567307829856873e-02
1.723333333333333428e+01,7.899692654609680176e-02
1.726666666666666572e+01,6.085491552948951721e-02
1.730000000000000071e+01,1.394684612751007080e-01
1.733333333333333215e+01,-3.215860575437545776e-02
1.736666666666666714e+01,1.376851797103881836e-01
1.739999999999999858e+01,8.254887908697128296e-02
1.743333333333333357e+01,3.621284291148185730e-02
1.746666666666666501e+01,-9.329447150230407715e-02
1.750000000000000000e+01,1.154985651373863220e-01
1.753333333333333144e+01,1.280115246772766113e-01
1.756666666666666643e+01,7.642369717359542847e-02
1.760000000000000142e+01,-1.973827928304672241e-01
1.763333333333333286e+01,1.708280593156814575e-01
1.766666666666666785e+01,1.289294660091400146e-01
1.769999999999999929e+01,1.417303085327148438e-01
1.773333333333333428e+01,-3.864292055368423462e-02
1.776666666666666572e+01,1.626739054918289185e-01
1.780000000000000071e+01,1.096376329660415649e-01
1.783333333333333215e+01,2.008821815252304077e-01
1.786666666666666714e+01,1.987059414386749268e-02
1.789999999999999858e+01,1.133480221033096313e-01
1.793333333333333357e+01,9.049626439809799194e-02
1.796666666666666501e+01,1.733347028493881226e-01
1.800000000000000000e+01,9.191340766847133636e-03
1.803333333333333144e+01,8.894898742437362671e-02
1.806666666666666643e+01,6.972999125719070435e-02
1.810000000000000142e+01,1.309601664543151855e-01
1.813333333333333286e+01,2.558358758687973022e-02
1.816666666666666785e+01,4.564335569739341736e-02
1.819999999999999929e+01,1.171771716326475143e-02
1.823333333333333428e+01,1.198568120598793030e-01
1.826666666666666572e+01,1.281359493732452393e-01
1.830000000000000071e+01,2.909077703952789307e-02
1.833333333333333215e+01,-2.955339848995208740e-02
1.836666666666666714e+01,1.440436244010925293e-01
1.839999999999999858e+01,1.196666434407234192e-01
1.843333333333333357e+01,-8.733238093554973602e-03
1.846666666666666501e+01,7.821074128150939941e-02
1.850000000000000000e+01,7.920321077108383179e-02
1.853333333333333144e+01,1.633997708559036255e-01
1.856666666666666643e+01,1.837102696299552917e-02
1.860000000000000142e+01,9.503144025802612305e-02
1.863333333333333286e+01,6.220103800296783447e-02
1.866666666666666785e+01,1.616393923759460449e-01
1.869999999999999929e+01,1.571192778646945953e-02
1.873333333333333428e+01,8.608601242303848267e-02
1.876666666666666572e+01,5.236336961388587952e-02
1.880000000000000071e+01,1.827115267515182495e-01
1.883333333333333215e+01,3.390392661094665527e-02
1.886666666666666714e+01,8.121022582054138184e-02
1.889999999999999858e+01,7.903703302145004272e-02
1.893333333333333357e+01,1.700264364480972290e-01
1.896666666666666501e+01,6.713156402111053467e-02
1.900000000000000000e+01,3.607318177819252014e-02
1.903333333333333144e+01,8.624231070280075073e-02
1.906666666666666643e+01,1.515152603387832642e-01
1.910000000000000142e+01,3.702346980571746826e-02
1.913333333333333286e+01,4.541243240237236023e-02
1.916666666666666785e+01,1.096668653190135956e-03
1.919999999999999929e+01,2.076369524002075195e-01
1.923333333333333428e+01,1.816191710531711578e-02
1.926666666666666572e+01,4.885114356875419617e-02
1.930000000000000071e+01,1.040706038475036621e-01
1.933333333333333215e+01,1.101387962698936462e-01
1.936666666666666714e+01,1.192930936813354492e-01
1.939999999999999858e+01,1.595737412571907043e-02
1.943333333333333357e+01,1.184890940785408020e-01
1.946666666666666501e+01,6.413847953081130981e-02
1.950000000000000000e+01,-1.416393369436264038e-01
1.953333333333333144e+01,6.096312776207923889e-02
1.956666666666666643e+01,1.027330383658409119e-01
1.960000000000000142e+01,1.593683958053588867e-01
1.963333333333333286e+01,4.685598239302635193e-02
1.966666666666666785e+01,3.014281019568443298e-02
1.969999999999999929e+01,1.759330928325653076e-01
1.973333333333333428e+01,1.367286145687103271e-01
1.976666666666666572e+01,5.027836188673973083e-02
1.980000000000000071e+01,3.429742902517318726e-02
1.983333333333333215e+01,1.101067885756492615e-01
1.986666666666666714e+01,1.516519784927368164e-01
1.989999999999999858e+01,1.590937003493309021e-02
1.993333333333333357e+01,8.849925547838211060e-02
1.996666666666666501e+01,1.678096354007720947e-01
2.000000000000000000e+01,1.346767544746398926e-01
2.003333333333333144e+01,-1.290313992649316788e-02
2.006666666666666643e+01,5.366646125912666321e-02
2.010000000000000142e+01,9.106236696243286133e-02
2.013333333333333286e+01,7.718671858310699463e-02
2.016666666666666785e+01,-6.095493957400321960e-02
2.019999999999999929e+01,1.261987090110778809e-01
2.023333333333333428e+01,1.211540177464485168e-01
2.026666666666666572e+01,7.096055150032043457e-02
2.030000000000000071e+01,-1.013417840003967285e-01
2.033333333333333215e+01,1.737318933010101318e-01
2.036666666666666714e+01,1.143882572650909424e-01
2.039999999999999858e+01,1.277657598257064819e-01
2.043333333333333357e+01,1.004964932799339294e-01
2.046666666666666501e+01,1.542570590972900391e-01
2.050000000000000000e+01,8.613605052232742310e-02
2.053333333333333144e+01,9.686809778213500977e-02
2.056666666666666643e+01,-6.076881662011146545e-02
2.060000000000000142e+01,1.716387569904327393e-01
2.063333333333333286e+01,1.168926507234573364e-01
2.066666666666666785e+01,4.105511307716369629e-02
2.069999999999999929e+01,-3.402195498347282410e-02
2.073333333333333428e+01,2.180553525686264038e-01
2.076666666666666572e+01,1.138021200895309448e-01
2.080000000000000071e+01,2.714499458670616150e-02
2.083333333333333215e+01,-9.137509763240814209e-02
2.086666666666666714e+01,1.385750472545623779e-01
2.089999999999999858e+01,1.251597553491592407e-01
2.093333333333333357e+01,6.949628703296184540e-03
2.096666666666666501e+01,-1.090934053063392639e-01
2.100000000000000000e+01,1.532034873962402344e-01
2.103333333333333144e+01,1.298563480377197266e-01
2.106666666666666643e+01,1.916554868221282959e-01
2.110000000000000142e+01,-2.474607154726982117e-02
2.113333333333333286e+01,1.788546890020370483e-01
2.116666666666666785e+01,8.339426666498184204e-02
2.119999999999999929e+01,1.999279558658599854e-01
2.123333333333333428e+01,-5.749806016683578491e-02
2.126666666666666572e+01,1.089582294225692749e-01
2.130000000000000071e+01,8.372972160577774048e-02
2.133333333333333215e+01,1.759428530931472778e-01
2.136666666666666714e+01,1.817622184753417969e-01
2.139999999999999858e+01,7.805372774600982666e-02
2.143333333333333357e+01,1.207058038562536240e-02
2.146666666666666501e+01,1.003982499241828918e-03
2.150000000000000000e+01,9.209209680557250977e-02
2.153333333333333144e+01,1.369883418083190918e-01
2.156666666666666643e+01,-1.631053239107131958e-01
2.160000000000000142e+01,1.148716732859611511e-01
2.163333333333333286e+01,1.757267117500305176e-01
2.166666666666666785e+01,1.294145584106445312e-01
2.169999999999999929e+01,-5.886082723736763000e-02
2.173333333333333428e+01,5.295313149690628052e-02
2.176666666666666572e+01,1.002809777855873108e-01
2.180000000000000071e+01,1.144709438085556030e-01
2.183333333333333215e+01,-9.199815243482589722e-02
2.186666666666666714e+01,2.420643717050552368e-02
2.189999999999999858e+01,1.059129461646080017e-01
2.193333333333333357e+01,1.881538927555084229e-01
2.196666666666666501e+01,1.151406839489936829e-01
2.200000000000000000e+01,2.325336039066314697e-01
2.203333333333333144e+01,-8.723153173923492432e-02
2.206666666666666643e+01,4.038223996758460999e-02
2.210000000000000142e+01,2.059354633092880249e-01
2.213333333333333286e+01,1.659123301506042480e-01
2.216666666666666785e+01,6.040769629180431366e-03
2.219999999999999929e+01,1.381660345941781998e-03
2.223333333333333428e+01,2.657847106456756592e-01
2.226666666666666572e+01,2.370709478855133057e-01
2.230000000000000071e+01,-6.818496435880661011e-02
2.233333333333333215e+01,-6.239253655076026917e-02
2.236666666666666714e+01,1.202054247260093689e-01
2.239999999999999858e+01,3.038982152938842773e-01
2.243333333333333357e+01,-7.319184392690658569e-02
2.246666666666666501e+01,-8.050753921270370483e-02
2.250000000000000000e+01,1.457649022340774536e-01
2.253333333333333144e+01,3.492699861526489258e-01
2.256666666666666643e+01,1.504399906843900681e-02
2.260000000000000142e+01,-7.862837612628936768e-02
2.263333333333333286e+01,8.366698026657104492e-02
2.266666666666666785e+01,2.623551487922668457e-01
2.269999999999999929e+01,8.423950523138046265e-02
2.273333333333333428e+01,3.316078335046768188e-02
2.276666666666666572e+01,1.334233283996582031e-01
2.280000000000000071e+01,1.139976680278778076e-01
2.283333333333333215e+01,-5.027009919285774231e-02
2.286666666666666714e+01,1.823183000087738037e-01
2.289999999999999858e+01,9.031620621681213379e-02
2.293333333333333357e+01,8.888744562864303589e-02
2.296666666666666501e+01,-1.797295175492763519e-03
2.300000000000000000e+01,4.806555807590484619e-02
2.303333333333333144e+01,1.382175087928771973e-01
2.306666666666666643e+01,5.097538605332374573e-02
2.310000000000000142e+01,-1.732000336050987244e-02
2.313333333333333286e+01,8.382186293601989746e-02
2.316666666666666785e+01,2.271832972764968872e-01
2.319999999999999929e+01,3.881971165537834167e-02
2.323333333333333428e+01,-4.660977423191070557e-02
2.326666666666666572e+01,1.459484845399856567e-01
2.330000000000000071e+01,3.517876267433166504e-01
2.333333333333333215e+01,1.370784044265747070e-01
2.336666666666666714e+01,-8.401880413293838501e-02
2.339999999999999858e+01,-2.019379660487174988e-02
2.343333333333333357e+01,2.864494919776916504e-01
2.346666666666666501e+01,1.439512223005294800e-01
2.350000000000000000e+01,-6.530120223760604858e-02
2.353333333333333144e+01,-8.255628496408462524e-02
2.356666666666666643e+01,3.001930117607116699e-01
2.360000000000000142e+01,1.852068901062011719e-01
2.363333333333333286e+01,-2.331813424825668335e-02
2.366666666666666785e+01,-1.337879300117492676e-01
2.369999999999999929e+01,1.243842318654060364e-01
2.373333333333333428e+01,2.450973093509674072e-01
2.376666666666666572e+01,1.451975554227828979e-01
2.380000000000000071e+01,-3.273674845695495605e-02
2.383333333333333215e+01,2.859251201152801514e-02
2.386666666666666714e+01,2.592098414897918701e-01
2.389999999999999858e+01,1.609620302915573120e-01
2.393333333333333357e+01,-7.858008146286010742e-02
2.396666666666666501e+01,-6.668083369731903076e-02
2.400000000000000000e+01,1.868034601211547852e-01
2.403333333333333144e+01,1.952551305294036865e-01
2.406666666666666643e+01,-8.750476688146591187e-02
2.410000000000000142e+01,-1.531773954629898071e-01
2.413333333333333286e+01,1.278326809406280518e-01
2.416666666666666785e+01,1.577606499195098877e-01
2.419999999999999929e+01,-1.021442189812660217e-01
2.423333333333333428e+01,-2.204122245311737061e-01
2.426666666666666572e+01,1.006736382842063904e-01
2.430000000000000071e+01,2.276476919651031494e-01
2.433333333333333215e+01,-6.925044208765029907e-02
2.436666666666666714e+01,-2.195241153240203857e-01
2.439999999999999858e+01,1.130097210407257080e-01
2.443333333333333357e+01,1.130623817443847656e-01
2.446666666666666501e+01,1.166336461901664734e-01
2.450000000000000000e+01,-1.968095600605010986e-01
2.453333333333333144e+01,-1.668600738048553467e-01
2.456666666666666643e+01,8.537284098565578461e-03
2.460000000000000142e+01,1.008625105023384094e-01
2.463333333333333286e+01,-3.798726201057434082e-02
2.466666666666666785e+01,3.897980228066444397e-02
2.469999999999999929e+01,6.138238683342933655e-02
2.473333333333333428e+01,1.611673235893249512e-01
2.476666666666666572e+01,2.956851944327354431e-02
2.480000000000000071e+01,2.006079852581024170e-01
2.483333333333333215e+01,2.056786715984344482e-01
2.486666666666666714e+01,2.193647027015686035e-01
2.489999999999999858e+01,1.574947535991668701e-01
2.493333333333333357e+01,1.666517257690429688e-01
2.496666666666666501e+01,2.884039655327796936e-02
2.500000000000000000e+01,1.138060688972473145e-01
2.503333333333333144e+01,2.519412040710449219e-01
2.506666666666666643e+01,2.670876383781433105e-01
2.510000000000000142e+01,5.441975221037864685e-02
2.513333333333333286e+01,9.382276982069015503e-02
2.516666666666666785e+01,1.638977378606796265e-01
2.519999999999999929e+01,2.026935219764709473e-01
2.523333333333333428e+01,2.215397953987121582e-01
2.526666666666666572e+01,1.182980388402938843e-01
2.530000000000000071e+01,1.240284889936447144e-01
2.533333333333333215e+01,1.957577168941497803e-01
2.536666666666666714e+01,2.280234396457672119e-01
2.539999999999999858e+01,-5.417842790484428406e-02
2.543333333333333357e+01,1.686305403709411621e-01
2.546666666666666501e+01,3.352268636226654053e-01
2.550000000000000000e+01,2.214533388614654541e-01
2.553333333333333144e+01,-1.935460418462753296e-02
2.556666666666666643e+01,2.369277775287628174e-01
2.560000000000000142e+01,3.264880776405334473e-01
2.563333333333333286e+01,1.308184862136840820e-01
2.566666666666666785e+01,-8.973293006420135498e-02
2.569999999999999929e+01,1.639505773782730103e-01
2.573333333333333428e+01,2.737339138984680176e-01
2.576666666666666572e+01,1.230388507246971130e-01
2.580000000000000071e+01,2.323193103075027466e-02
2.583333333333333215e+01,1.507451087236404419e-01
2.586666666666666714e+01,2.955718934535980225e-01
2.589999999999999858e+01,1.423354744911193848e-01
2.593333333333333357e+01,-4.534188657999038696e-02
2.596666666666666501e+01,7.759765535593032837e-02
2.600000000000000000e+01,3.132575154304504395e-01
2.603333333333333144e+01,2.748659253120422363e-01
2.606666666666666643e+01,-5.283690243959426880e-02
2.609999999999999787e+01,4.244389757513999939e-02
2.613333333333333286e+01,3.246426582336425781e-01
2.616666666666666785e+01,2.168027907609939575e-01
2.619999999999999929e+01,-1.841502338647842407e-01
2.623333333333333428e+01,-2.247763797640800476e-02
2.626666666666666572e+01,1.306414902210235596e-01
2.630000000000000071e+01,-3.328157588839530945e-02
2.633333333333333215e+01,-5.296690762042999268e-02
2.636666666666666714e+01,3.832018747925758362e-02
2.639999999999999858e+01,1.051181405782699585e-01
2.643333333333333357e+01,-4.183787479996681213e-02
2.646666666666666501e+01,-6.723032891750335693e-02
2.650000000000000000e+01,4.323043674230575562e-02
2.653333333333333144e+01,5.672637000679969788e-02
2.656666666666666643e+01,8.083351701498031616e-02
2.659999999999999787e+01,1.552715804427862167e-02
2.663333333333333286e+01,-8.013308979570865631e-03
2.666666666666666785e+01,1.822836250066757202e-01
2.669999999999999929e+01,2.201632708311080933e-01
2.673333333333333428e+01,-2.707559242844581604e-02
2.676666666666666572e+01,8.291321806609630585e-03
2.680000000000000071e+01,2.532060444355010986e-01
2.683333333333333215e+01,1.378282010555267334e-01
2.686666666666666714e+01,7.855015993118286133e-02
2.689999999999999858e+01,8.347750455141067505e-02
2.693333333333333357e+01,2.470523864030838013e-01
2.696666666666666501e+01,9.892550855875015259e-02
2.700000000000000000e+01,9.931773692369461060e-02
2.703333333333333144e+01,5.459095165133476257e-02
2.706666666666666643e+01,8.435038477182388306e-02
2.709999999999999787e+01,1.523402333259582520e-01
2.713333333333333286e+01,6.688203662633895874e-02
2.716666666666666785e+01,1.206570416688919067e-01
2.719999999999999929e+01,8.168385922908782959e-02
2.723333333333333428e+01,-3.932428546249866486e-03
2.726666666666666572e+01,-3.716711699962615967e-02
2.730000000000000071e+01,1.959288716316223145e-01
2.733333333333333215e+01,1.801440417766571045e-01
2.736666666666666714e+01,-3.890428319573402405e-02
2.739999999999999858e+01,2.976525947451591492e-02
2.743333333333333357e+01,1.483440697193145752e-01
2.746666666666666501e+01,2.423669099807739258e-01
2.750000000000000000e+01,-7.377626001834869385e-02
2.753333333333333144e+01,-2.204856872558593750e-01
2.756666666666666643e+01,1.486207693815231323e-01
2.759999999999999787e+01,3.430036306381225586e-01
2.763333333333333286e+01,4.632273688912391663e-02
2.766666666666666785e+01,1.215805634856224060e-01
2.769999999999999929e+01,-2.247400432825088501e-01
2.773333333333333428e+01,2.174566686153411865e-01
2.776666666666666572e+01,1.504738628864288330e-01
2.780000000000000071e+01,-1.624872684478759766e-01
2.783333333333333215e+01,3.175271674990653992e-02
2.786666666666666714e+01,1.949661374092102051e-01
2.789999999999999858e+01,1.266794353723526001e-01
2.793333333333333357e+01,-6.756803393363952637e-02
2.796666666666666501e+01,-2.202281728386878967e-02
2.800000000000000000e+01,2.421992719173431396e-01
2.803333333333333144e+01,7.475160807371139526e-02
2.806666666666666643e+01,-1.425683796405792236e-01
2.809999999999999787e+01,1.700658798217773438e-01
2.813333333333333286e+01,1.606616079807281494e-01
2.816666666666666785e+01,1.544576883316040039e-01
2.819999999999999929e+01,-8.338532596826553345e-02
2.823333333333333428e+01,-8.591651171445846558e-02
2.826666666666666572e+01,2.233447730541229248e-01
2.830000000000000071e+01,8.763638883829116821e-02
2.833333333333333215e+01,-7.362108677625656128e-02
2.836666666666666714e+01,-8.499390631914138794e-02
2.839999999999999858e+01,1.400452852249145508e-01
2.843333333333333357e+01,2.484740167856216431e-01
2.846666666666666501e+01,-6.272666156291961670e-02
2.850000000000000000e+01,-1.361785233020782471e-01
2.853333333333333144e+01,1.531115174293518066e-01
2.856666666666666643e+01,5.790858715772628784e-02
2.859999999999999787e+01,5.268182978034019470e-02
2.863333333333333286e+01,3.656100854277610779e-02
2.866666666666666785e+01,2.443664893507957458e-02
2.869999999999999929e+01,-1.256984937936067581e-02
2.873333333333333428e+01,1.685945317149162292e-02
2.876666666666666572e+01,1.020529400557279587e-02
2.880000000000000071e+01,1.183084696531295776e-01
2.883333333333333215e+01,-4.887669533491134644e-02
2.886666666666666714e+01,-5.381611362099647522e-02
2.889999999999999858e+01,1.420751661062240601e-01
2.893333333333333357e+01,3.488617762923240662e-02
2.896666666666666501e+01,4.944788292050361633e-02
2.900000000000000000e+01,3.488166257739067078e-04
2.903333333333333144e+01,-3.325628116726875305e-02
2.906666666666666643e+01,1.000094041228294373e-01
2.909999999999999787e+01,-7.492189854383468628e-02
2.913333333333333286e+01,-1.281906962394714355e-01
2.916666666666666785e+01,8.181498944759368896e-02
2.919999999999999929e+01,1.135728582739830017e-01
2.923333333333333428e+01,-1.727521270513534546e-01
2.926666666666666572e+01,-1.263658553361892700e-01
2.930000000000000071e+01,2.827960252761840820e-02
2.933333333333333215e+01,2.408622801303863525e-01
2.936666666666666714e+01,1.022986602038145065e-02
2.939999999999999858e+01,-8.509998023509979248e-02
2.943333333333333357e+01,8.260875940322875977e-02
2.946666666666666501e+01,2.096872031688690186e-01
2.950000000000000000e+01,3.141048923134803772e-02
2.953333333333333144e+01,-2.473966181278228760e-01
2.956666666666666643e+01,-1.478071957826614380e-01
2.959999999999999787e+01,1.925941407680511475e-01
2.963333333333333286e+01,7.396219298243522644e-04
2.966666666666666785e+01,-3.592913225293159485e-02
2.969999999999999929e+01,1.191425025463104248e-01
2.973333333333333428e+01,7.860932499170303345e-02
2.976666666666666572e+01,-2.535120025277137756e-02
2.980000000000000071e+01,-2.995011955499649048e-02
2.983333333333333215e+01,1.277119815349578857e-01
2.986666666666666714e+01,-4.735130444169044495e-02
2.989999999999999858e+01,-1.814997196197509766e-02
2.993333333333333357e+01,2.322074621915817261e-01
2.996666666666666501e+01,8.689326792955398560e-02
3.000000000000000000e+01,-8.021544665098190308e-02
3.003333333333333144e+01,1.383688747882843018e-01
3.006666666666666643e+01,3.572137653827667236e-02
3.009999999999999787e+01,1.699914336204528809e-01
3.013333333333333286e+01,6.401601433753967285e-02
3.016666666666666785e+01,-1.029634103178977966e-01
3.019999999999999929e+01,8.154081553220748901e-02
3.023333333333333428e+01,1.591305136680603027e-01
3.026666666666666572e+01,-4.185384139418601990e-02
3.030000000000000071e+01,-1.937014013528823853e-01
3.033333333333333215e+01,-1.921551823616027832e-01
3.036666666666666714e+01,2.023846358060836792e-01
3.039999999999999858e+01,1.401698123663663864e-02
3.043333333333333357e+01,-1.064872369170188904e-01
3.046666666666666501e+01,-3.900182619690895081e-02
3.050000000000000000e+01,1.627503037452697754e-01
3.053333333333333144e+01,-1.216734275221824646e-01
3.056666666666666643e+01,-1.546719670295715332e-01
3.059999999999999787e+01,-3.619640693068504333e-02
3.063333333333333286e+01,3.263081982731819153e-02
3.066666666666666785e+01,-1.320452839136123657e-01
3.069999999999999929e+01,-7.921672612428665161e-02
3.073333333333333428e+01,4.266163334250450134e-02
3.076666666666666572e+01,-2.629247494041919708e-03
3.080000000000000071e+01,-8.588508702814579010e-03
3.083333333333333215e+01,-1.317185461521148682e-01
3.086666666666666714e+01,6.826642900705337524e-02
3.089999999999999858e+01,1.452736854553222656e-01
3.093333333333333357e+01,2.039033547043800354e-02
3.096666666666666501e+01,-9.758780151605606079e-02
3.100000000000000000e+01,-6.056194193661212921e-03
3.103333333333333144e+01,1.066908538341522217e-01
3.106666666666666643e+01,-1.329422444105148315e-01
3.109999999999999787e+01,-9.291691333055496216e-02
3.113333333333333286e+01,-8.195448666810989380e-02
3.116666666666666785e+01,1.229413226246833801e-01
3.119999999999999929e+01,-8.975238539278507233e-03
3.123333333333333428e+01,-8.063408732414245605e-02
3.126666666666666572e+01,-1.646316796541213989e-02
3.130000000000000071e+01,1.784498095512390137e-01
3.133333333333333215e+01,7.779417186975479126e-02
3.136666666666666714e+01,-2.404276132583618164e-01
3.139999999999999858e+01,-1.514782607555389404e-01
3.143333333333333357e+01,1.127132400870323181e-01
3.146666666666666501e+01,2.756610140204429626e-02
3.150000000000000000e+01,-6.871003657579421997e-02
3.153333333333333144e+01,3.295188024640083313e-02
3.156666666666666643e+01,1.661158651113510132e-01
3.159999999999999787e+01,-2.539405599236488342e-02
3.163333333333333286e+01,-8.726499229669570923e-02
3.166666666666666785e+01,1.043690275400876999e-02
3.169999999999999929e+01,1.893379241228103638e-01
3.173333333333333428e+01,6.768833845853805542e-02
3.176666666666666572e+01,-6.118782982230186462e-02
3.180000000000000071e+01,2.676732838153839111e-02
3.183333333333333215e+01,1.286869794130325317e-01
3.186666666666666714e+01,2.917848899960517883e-02
3.189999999999999858e+01,-2.091890573501586914e-01
3.193333333333333357e+01,-6.727533787488937378e-02
3.196666666666666501e+01,1.489297747611999512e-01
