0.000000000000000000e+00,2.106885984539985657e-02
3.333333333333333287e-02,3.817931562662124634e-02
6.666666666666666574e-02,1.854184642434120178e-02
1.000000000000000056e-01,2.752859611064195633e-03
1.333333333333333315e-01,2.300609834492206573e-02
1.666666666666666574e-01,7.475215941667556763e-02
2.000000000000000111e-01,1.162713319063186646e-01
2.333333333333333370e-01,1.243940368294715881e-01
2.666666666666666630e-01,9.991259872913360596e-02
2.999999999999999889e-01,3.836105018854141235e-02
3.333333333333333148e-01,-2.041843906044960022e-02
3.666666666666666408e-01,-4.513937979936599731e-02
4.000000000000000222e-01,-3.198561817407608032e-02
4.333333333333333481e-01,-1.838685013353824615e-02
4.666666666666666741e-01,-3.802530094981193542e-02
5.000000000000000000e-01,-5.071290209889411926e-02
5.333333333333333259e-01,-2.624249644577503204e-02
5.666666666666666519e-01,3.246320039033889771e-02
5.999999999999999778e-01,8.621270209550857544e-02
6.333333333333333037e-01,1.049279123544692993e-01
6.666666666666666297e-01,8.785803616046905518e-02
6.999999999999999556e-01,3.451884165406227112e-02
7.333333333333332815e-01,-1.551944669336080551e-02
7.666666666666666075e-01,-3.170349448919296265e-02
8.000000000000000444e-01,-1.364716142416000366e-02
8.333333333333333703e-01,1.389588345773518085e-03
8.666666666666666963e-01,-1.940814033150672913e-02
9.000000000000000222e-01,-3.656750544905662537e-02
9.333333333333333481e-01,-1.972500234842300415e-02
9.666666666666666741e-01,-7.058480288833379745e-03
1.000000000000000000e+00,-2.760345116257667542e-02
1.033333333333333215e+00,-4.275441169738769531e-02
1.066666666666666652e+00,-2.261282317340373993e-02
1.100000000000000089e+00,2.646543830633163452e-02
1.133333333333333304e+00,6.512647867202758789e-02
1.166666666666666741e+00,6.845323741436004639e-02
1.199999999999999956e+00,3.490064293146133423e-02
1.233333333333333393e+00,3.171703312546014786e-03
1.266666666666666607e+00,6.700623314827680588e-03
1.300000000000000044e+00,2.867329167202115059e-03
1.333333333333333259e+00,-3.775884956121444702e-02
1.366666666666666696e+00,-7.339373230934143066e-02
1.399999999999999911e+00,-7.320971786975860596e-02
1.433333333333333348e+00,-3.796540200710296631e-02
1.466666666666666563e+00,-6.553070619702339172e-03
1.500000000000000000e+00,-9.753736667335033417e-03
1.533333333333333215e+00,-7.782828994095325470e-03
1.566666666666666652e+00,2.876700833439826965e-02
1.600000000000000089e+00,6.145258620381355286e-02
1.633333333333333304e+00,5.799643695354461670e-02
1.666666666666666741e+00,1.658677682280540466e-02
1.699999999999999956e+00,-2.219267748296260834e-02
1.733333333333333393e+00,-2.637650817632675171e-02
1.766666666666666607e+00,1.486320397816598415e-03
1.800000000000000044e+00,2.180810086429119110e-02
1.833333333333333259e+00,6.414397154003381729e-03
1.866666666666666696e+00,-3.370579332113265991e-03
1.899999999999999911e+00,2.041798084974288940e-02
1.933333333333333348e+00,3.915403038263320923e-02
1.966666666666666563e+00,2.449184469878673553e-02
2.000000000000000000e+00,1.418408565223217010e-02
2.033333333333333215e+00,4.098734259605407715e-02
2.066666666666666430e+00,6.601388752460479736e-02
2.100000000000000089e+00,5.718490853905677795e-02
2.133333333333333304e+00,1.170544791966676712e-02
2.166666666666666519e+00,-2.963585220277309418e-02
2.200000000000000178e+00,-3.484749048948287964e-02
2.233333333333333393e+00,-1.711229607462882996e-02
2.266666666666666607e+00,-1.392345409840345383e-02
2.299999999999999822e+00,-3.983609005808830261e-02
2.333333333333333481e+00,-5.637478455901145935e-02
2.366666666666666696e+00,-3.663365170359611511e-02
2.399999999999999911e+00,-1.988291740417480469e-02
2.433333333333333126e+00,-2.792886085808277130e-02
2.466666666666666785e+00,-2.444019541144371033e-02
2.500000000000000000e+00,6.157242693006992340e-03
2.533333333333333215e+00,2.673387527465820312e-02
2.566666666666666430e+00,1.544413808733224869e-02
2.600000000000000089e+00,-2.135080844163894653e-02
2.633333333333333304e+00,-4.617851227521896362e-02
2.666666666666666519e+00,-3.174199908971786499e-02
2.700000000000000178e+00,1.368754357099533081e-02
2.733333333333333393e+00,5.042181536555290222e-02
2.766666666666666607e+00,5.325920507311820984e-02
2.799999999999999822e+00,2.247489616274833679e-02
2.833333333333333481e+00,-2.161389915272593498e-03
2.866666666666666696e+00,1.158527936786413193e-02
2.899999999999999911e+00,2.314362488687038422e-02
2.933333333333333126e+00,-3.763709974009543657e-04
2.966666666666666785e+00,-2.028510905802249908e-02
3.000000000000000000e+00,-4.028057213872671127e-03
3.033333333333333215e+00,7.343928329646587372e-03
3.066666666666666430e+00,-1.581298559904098511e-02
3.100000000000000089e+00,-3.454559296369552612e-02
3.133333333333333304e+00,-1.741805672645568848e-02
3.166666666666666519e+00,-3.257782431319355965e-03
3.200000000000000178e+00,-2.606250904500484467e-02
3.233333333333333393e+00,-4.972990602254867554e-02
3.266666666666666607e+00,-4.242375865578651428e-02
3.299999999999999822e+00,-1.422706409357488155e-03
3.333333333333333481e+00,3.555200621485710144e-02
3.366666666666666696e+00,3.666669875383377075e-02
3.399999999999999911e+00,2.382016973569989204e-03
3.433333333333333126e+00,-2.801595441997051239e-02
3.466666666666666785e+00,-2.336130850017070770e-02
3.500000000000000000e+00,5.922110285609960556e-03
3.533333333333333215e+00,2.218302153050899506e-02
3.566666666666666430e+00,4.841489717364311218e-03
3.600000000000000089e+00,-7.355134468525648117e-03
3.633333333333333304e+00,1.791625656187534332e-02
3.666666666666666519e+00,4.159679636359214783e-02
3.699999999999999734e+00,2.719880454242229462e-02
3.733333333333333393e+00,-1.767746545374393463e-02
3.766666666666666607e+00,-5.251242220401763916e-02
3.799999999999999822e+00,-5.178942158818244934e-02
3.833333333333333481e+00,-4.981497302651405334e-02
3.866666666666666696e+00,-3.782476112246513367e-02
3.899999999999999911e+00,5.150121171027421951e-03
3.933333333333333126e+00,3.924446180462837219e-02
3.966666666666666785e+00,3.452903404831886292e-02
4.000000000000000000e+00,-6.027789786458015442e-03
4.033333333333333215e+00,-4.189408197999000549e-02
4.066666666666666430e+00,-4.465211555361747742e-02
4.099999999999999645e+00,-1.374858897179365158e-02
4.133333333333332860e+00,1.114358846098184586e-02
4.166666666666666963e+00,2.052724012173712254e-04
4.200000000000000178e+00,-6.526534911245107651e-03
4.233333333333333393e+00,-1.820171810686588287e-02
4.266666666666666607e+00,-2.723901160061359406e-02
4.299999999999999822e+00,-1.473512500524520874e-03
4.333333333333333037e+00,2.168832719326019287e-02
4.366666666666666252e+00,9.322320111095905304e-03
4.400000000000000355e+00,-3.789244592189788818e-02
4.433333333333333570e+00,-8.057696372270584106e-02
4.466666666666666785e+00,-8.708550035953521729e-02
4.500000000000000000e+00,-5.825812369585037231e-02
4.533333333333333215e+00,5.667228717356920242e-03
4.566666666666666430e+00,7.366640120744705200e-02
4.599999999999999645e+00,1.138398870825767517e-01
4.633333333333332860e+00,1.150405406951904297e-01
4.666666666666666963e+00,7.851124554872512817e-02
4.700000000000000178e+00,4.762315005064010620e-02
4.733333333333333393e+00,4.017296805977821350e-02
4.766666666666666607e+00,5.683866515755653381e-02
4.799999999999999822e+00,6.873533129692077637e-02
4.833333333333333037e+00,4.632122069597244263e-02
4.866666666666666252e+00,3.064527735114097595e-02
4.900000000000000355e+00,1.390838809311389923e-02
4.933333333333333570e+00,-1.409838478139135987e-05
4.966666666666666785e+00,-2.249781414866447449e-02
5.000000000000000000e+00,-4.027741774916648865e-02
5.033333333333333215e+00,-5.948447436094284058e-02
5.066666666666666430e+00,-8.643302321434020996e-02
5.099999999999999645e+00,-9.199010580778121948e-02
5.133333333333332860e+00,-6.252180039882659912e-02
5.166666666666666963e+00,-3.535643592476844788e-02
5.200000000000000178e+00,-4.091526195406913757e-02
5.233333333333333393e+00,-3.960597142577171326e-02
5.266666666666666607e+00,-7.181147113442420959e-03
5.299999999999999822e+00,1.144271623343229294e-02
5.333333333333333037e+00,-7.497551850974559784e-03
5.366666666666666252e+00,-2.089810557663440704e-02
5.400000000000000355e+00,5.914840730838477612e-04
5.433333333333333570e+00,5.754638090729713440e-02
5.466666666666666785e+00,1.077545434236526489e-01
5.500000000000000000e+00,1.221848428249359131e-01
5.533333333333333215e+00,1.056507676839828491e-01
5.566666666666666430e+00,5.519123002886772156e-02
5.599999999999999645e+00,5.707460455596446991e-03
5.633333333333332860e+00,-9.352528490126132965e-03
5.666666666666666963e+00,1.330705825239419937e-02
5.700000000000000178e+00,3.355841338634490967e-02
5.733333333333333393e+00,1.913228072226047516e-02
5.766666666666666607e+00,-2.194033935666084290e-02
5.799999999999999822e+00,-5.263276398181915283e-02
5.833333333333333037e+00,-4.772443324327468872e-02
5.866666666666666252e+00,-4.692193120718002319e-02
5.900000000000000355e+00,-5.335104838013648987e-02
5.933333333333333570e+00,-6.917897611856460571e-02
5.966666666666666785e+00,-7.629557698965072632e-02
6.000000000000000000e+00,-4.574316367506980896e-02
6.033333333333333215e+00,-1.741409860551357269e-02
6.066666666666666430e+00,-2.097724191844463348e-02
6.099999999999999645e+00,-1.967106014490127563e-02
6.133333333333332860e+00,5.159321590326726437e-04
6.166666666666666963e+00,5.249602720141410828e-03
6.200000000000000178e+00,1.086442451924085617e-02
6.233333333333333393e+00,1.045426912605762482e-02
6.266666666666666607e+00,2.093548700213432312e-02
6.299999999999999822e+00,3.137738630175590515e-02
6.333333333333333037e+00,8.118718862533569336e-03
6.366666666666666252e+00,-9.632390923798084259e-03
6.400000000000000355e+00,7.599911652505397797e-03
6.433333333333333570e+00,2.353931032121181488e-02
6.466666666666666785e+00,5.392579827457666397e-03
6.500000000000000000e+00,-4.841073974967002869e-02
6.533333333333333215e+00,-1.003573387861251831e-01
6.566666666666666430e+00,-1.165269538760185242e-01
6.599999999999999645e+00,-9.673370420932769775e-02
6.633333333333332860e+00,-4.281934350728988647e-02
6.666666666666666963e+00,6.088681053370237350e-03
6.700000000000000178e+00,2.100235223770141602e-02
6.733333333333333393e+00,1.978521700948476791e-03
6.766666666666666607e+00,-5.160814151167869568e-02
6.799999999999999822e+00,-1.009851694107055664e-01
6.833333333333333037e+00,-1.150639578700065613e-01
6.866666666666666252e+00,-9.683714061975479126e-02
6.899999999999999467e+00,-4.296688735485076904e-02
6.933333333333333570e+00,7.778710220009088516e-03
6.966666666666666785e+00,2.643235214054584503e-02
7.000000000000000000e+00,2.398581616580486298e-02
7.033333333333333215e+00,3.546186536550521851e-02
7.066666666666666430e+00,4.899347573518753052e-02
7.099999999999999645e+00,3.461619094014167786e-02
7.133333333333332860e+00,2.723885513842105865e-02
7.166666666666666963e+00,1.541124470531940460e-02
7.200000000000000178e+00,4.443122539669275284e-03
7.233333333333333393e+00,2.407708205282688141e-02
7.266666666666666607e+00,3.762175142765045166e-02
7.299999999999999822e+00,3.535195067524909973e-02
7.333333333333333037e+00,2.676497772336006165e-02
7.366666666666666252e+00,3.213698044419288635e-02
7.399999999999999467e+00,3.135542199015617371e-02
7.433333333333333570e+00,-5.328755825757980347e-03
7.466666666666666785e+00,-3.905634209513664246e-02
7.500000000000000000e+00,-3.918096423149108887e-02
7.533333333333333215e+00,-1.840550219640135765e-03
7.566666666666666430e+00,3.335155174136161804e-02
7.599999999999999645e+00,3.407505899667739868e-02
7.633333333333332860e+00,9.140145848505198956e-04
7.666666666666666963e+00,-2.457357756793498993e-02
7.700000000000000178e+00,-1.505305431783199310e-02
7.733333333333333393e+00,7.457238622009754181e-03
7.766666666666666607e+00,1.140042394399642944e-02
7.799999999999999822e+00,1.932886196300387383e-03
7.833333333333333037e+00,1.079932786524295807e-02
7.866666666666666252e+00,3.878410160541534424e-02
7.899999999999999467e+00,5.326372385025024414e-02
7.933333333333333570e+00,7.668905705213546753e-02
7.966666666666666785e+00,9.736084192991256714e-02
8.000000000000000000e+00,8.471737056970596313e-02
8.033333333333333215e+00,3.983016312122344971e-02
8.066666666666666430e+00,5.671043414622545242e-03
8.099999999999999645e+00,-2.604598179459571838e-02
8.133333333333332860e+00,-5.033885687589645386e-02
8.166666666666666075e+00,-3.915151208639144897e-02
8.199999999999999289e+00,-2.868935465812683105e-02
8.233333333333332504e+00,-4.703810438513755798e-02
8.266666666666665719e+00,-5.837272107601165771e-02
8.300000000000000711e+00,-3.490311652421951294e-02
8.333333333333333925e+00,-1.793915219604969025e-02
8.366666666666667140e+00,-2.508699148893356323e-02
8.400000000000000355e+00,-1.802855916321277618e-02
8.433333333333333570e+00,2.438715286552906036e-02
8.466666666666666785e+00,6.345385313034057617e-02
8.500000000000000000e+00,6.995069980621337891e-02
8.533333333333333215e+00,4.176351800560951233e-02
8.566666666666666430e+00,-2.129000425338745117e-02
8.599999999999999645e+00,-7.650388777256011963e-02
8.633333333333332860e+00,-9.860520064830780029e-02
8.666666666666666075e+00,-8.970707654953002930e-02
8.699999999999999289e+00,-4.534291476011276245e-02
8.733333333333332504e+00,-5.782437976449728012e-03
8.766666666666665719e+00,-3.512286348268389702e-03
8.800000000000000711e+00,-3.400277346372604370e-02
8.833333333333333925e+00,-5.955905467271804810e-02
8.866666666666667140e+00,-5.003883689641952515e-02
8.900000000000000355e+00,-2.914830576628446579e-03
8.933333333333333570e+00,7.689905166625976562e-02
8.966666666666666785e+00,1.482523679733276367e-01
9.000000000000000000e+00,1.818362325429916382e-01
9.033333333333333215e+00,1.804462820291519165e-01
9.066666666666666430e+00,1.435324698686599731e-01
9.099999999999999645e+00,7.290843874216079712e-02
9.133333333333332860e+00,9.153792634606361389e-03
9.166666666666666075e+00,-2.029424346983432770e-02
9.199999999999999289e+00,-3.269134834408760071e-02
9.233333333333332504e+00,-5.729956552386283875e-02
9.266666666666665719e+00,-1.096999943256378174e-01
9.300000000000000711e+00,-1.575086712837219238e-01
9.333333333333333925e+00,-1.686584800481796265e-01
9.366666666666667140e+00,-1.419273763895034790e-01
9.400000000000000355e+00,-1.176265925168991089e-01
9.433333333333333570e+00,-8.600331842899322510e-02
9.466666666666666785e+00,-5.971449613571166992e-02
9.500000000000000000e+00,-3.117556124925613403e-02
9.533333333333333215e+00,8.527697995305061340e-03
9.566666666666666430e+00,2.872498519718647003e-02
9.599999999999999645e+00,5.350101366639137268e-02
9.633333333333332860e+00,6.953294575214385986e-02
9.666666666666666075e+00,4.769253730773925781e-02
9.699999999999999289e+00,3.301386162638664246e-02
9.733333333333332504e+00,5.176160857081413269e-02
9.766666666666665719e+00,6.518999487161636353e-02
9.800000000000000711e+00,4.516419768333435059e-02
9.833333333333333925e+00,2.741115726530551910e-02
9.866666666666667140e+00,4.479895159602165222e-02
9.900000000000000355e+00,5.572266504168510437e-02
9.933333333333333570e+00,3.218103200197219849e-02
9.966666666666666785e+00,1.617305539548397064e-02
1.000000000000000000e+01,-2.190702594816684723e-03
1.003333333333333321e+01,-1.570870168507099152e-02
1.006666666666666643e+01,-3.469577059149742126e-02
1.009999999999999964e+01,-4.904048517346382141e-02
1.013333333333333286e+01,-2.954886108636856079e-02
1.016666666666666607e+01,-1.473587192595005035e-02
1.019999999999999929e+01,-3.164472058415412903e-02
1.023333333333333250e+01,-3.997841104865074158e-02
1.026666666666666572e+01,-2.631911076605319977e-02
1.030000000000000071e+01,-1.202372834086418152e-02
1.033333333333333393e+01,-2.001528814435005188e-02
1.036666666666666714e+01,-2.230761200189590454e-02
1.040000000000000036e+01,9.445795789361000061e-03
1.043333333333333357e+01,3.539034351706504822e-02
1.046666666666666679e+01,6.241999566555023193e-02
1.050000000000000000e+01,8.370581269264221191e-02
1.053333333333333321e+01,7.099630683660507202e-02
1.056666666666666643e+01,2.259414084255695343e-02
1.059999999999999964e+01,-2.455185726284980774e-02
1.063333333333333286e+01,-3.787043690681457520e-02
1.066666666666666607e+01,-1.496010646224021912e-02
1.069999999999999929e+01,3.800171427428722382e-03
1.073333333333333250e+01,-1.077729556709527969e-02
1.076666666666666572e+01,-2.047755755484104156e-02
1.080000000000000071e+01,-1.366230571875348687e-04
1.083333333333333393e+01,1.127088349312543869e-02
1.086666666666666714e+01,-9.797556325793266296e-03
1.090000000000000036e+01,-2.225703001022338867e-02
1.093333333333333357e+01,3.730346215888857841e-03
1.096666666666666679e+01,2.626413665711879730e-02
1.100000000000000000e+01,1.564225368201732635e-02
1.103333333333333321e+01,1.230715773999691010e-02
1.106666666666666643e+01,5.348632112145423889e-03
1.109999999999999964e+01,1.320468261837959290e-03
1.113333333333333286e+01,-8.774914778769016266e-03
1.116666666666666607e+01,-1.769292168319225311e-02
1.119999999999999929e+01,8.237184025347232819e-03
1.123333333333333250e+01,2.980205416679382324e-02
1.126666666666666572e+01,1.680960692465305328e-02
1.130000000000000071e+01,8.255193941295146942e-03
1.133333333333333393e+01,-4.219262395054101944e-03
1.136666666666666714e+01,-2.193081937730312347e-02
1.140000000000000036e+01,-1.559268217533826828e-02
1.143333333333333357e+01,-1.542544737458229065e-02
1.146666666666666679e+01,-4.844529554247856140e-02
1.150000000000000000e+01,-7.281412184238433838e-02
1.153333333333333321e+01,-8.239325135946273804e-02
1.156666666666666643e+01,-7.305894792079925537e-02
1.159999999999999964e+01,-2.545313909649848938e-02
1.163333333333333286e+01,1.755982451140880585e-02
1.166666666666666607e+01,2.646223641932010651e-02
1.169999999999999929e+01,3.973459824919700623e-02
1.173333333333333250e+01,4.625414684414863586e-02
1.176666666666666572e+01,4.524071142077445984e-02
1.180000000000000071e+01,3.946423903107643127e-02
1.183333333333333393e+01,3.881639800965785980e-03
1.186666666666666714e+01,-3.134993463754653931e-02
1.190000000000000036e+01,-2.772591635584831238e-02
1.193333333333333357e+01,-6.969358772039413452e-03
1.196666666666666679e+01,2.696414850652217865e-02
1.200000000000000000e+01,5.654005706310272217e-02
1.203333333333333321e+01,5.272315070033073425e-02
1.206666666666666643e+01,1.210580300539731979e-02
1.209999999999999964e+01,-2.242975682020187378e-02
1.213333333333333286e+01,-2.021132968366146088e-02
1.216666666666666607e+01,5.121910013258457184e-03
1.219999999999999929e+01,1.735180802643299103e-02
1.223333333333333250e+01,-5.257851444184780121e-03
1.226666666666666572e+01,-2.388079464435577393e-02
1.230000000000000071e+01,-8.151380345225334167e-03
1.233333333333333393e+01,5.264205858111381531e-03
1.236666666666666714e+01,-1.569982990622520447e-02
1.240000000000000036e+01,-3.265836462378501892e-02
1.243333333333333357e+01,-1.394733786582946777e-02
1.246666666666666679e+01,-2.038554288446903229e-03
1.250000000000000000e+01,-3.250428289175033569e-02
1.253333333333333321e+01,-6.033290177583694458e-02
1.256666666666666643e+01,-4.857381433248519897e-02
1.259999999999999964e+01,-2.002565655857324600e-03
1.263333333333333286e+01,3.934068605303764343e-02
1.266666666666666607e+01,4.745955020189285278e-02
1.269999999999999929e+01,2.007868327200412750e-02
1.273333333333333250e+01,-4.100182559341192245e-03
1.276666666666666572e+01,5.653847474604845047e-03
1.280000000000000071e+01,1.120549719780683517e-02
1.283333333333333393e+01,2.578657586127519608e-03
1.286666666666666714e+01,-2.427000552415847778e-02
1.290000000000000036e+01,-4.699819907546043396e-02
1.293333333333333357e+01,-3.951795026659965515e-02
1.296666666666666679e+01,3.817319171503186226e-03
1.300000000000000000e+01,5.030417442321777344e-02
1.303333333333333321e+01,6.404794752597808838e-02
1.306666666666666643e+01,4.357161372900009155e-02
1.309999999999999964e+01,3.308472037315368652e-02
1.313333333333333286e+01,2.154302038252353668e-02
1.316666666666666607e+01,1.444376260042190552e-02
1.319999999999999929e+01,8.008548989892005920e-03
1.323333333333333250e+01,1.191301736980676651e-02
1.326666666666666572e+01,1.354605518281459808e-02
1.329999999999999893e+01,-1.703157089650630951e-02
1.333333333333333393e+01,-4.405469074845314026e-02
1.336666666666666714e+01,-3.770512714982032776e-02
1.340000000000000036e+01,-3.080946579575538635e-02
1.343333333333333357e+01,-1.306792162358760834e-02
1.346666666666666679e+01,7.264078012667596340e-04
1.350000000000000000e+01,-1.421530032530426979e-03
1.353333333333333321e+01,-2.246735431253910065e-02
1.356666666666666643e+01,-4.349251836538314819e-02
1.359999999999999964e+01,-3.050397895276546478e-02
1.363333333333333286e+01,2.103308774530887604e-02
1.366666666666666607e+01,6.841313838958740234e-02
1.369999999999999929e+01,7.866337895393371582e-02
1.373333333333333250e+01,5.292392149567604065e-02
1.376666666666666572e+01,3.385276719927787781e-02
1.379999999999999893e+01,4.828912019729614258e-02
1.383333333333333393e+01,5.619737133383750916e-02
1.386666666666666714e+01,2.915794961154460907e-02
1.390000000000000036e+01,5.764210131019353867e-03
1.393333333333333357e+01,-2.626399742439389229e-03
1.396666666666666679e+01,-1.121209934353828430e-02
1.400000000000000000e+01,-3.092270530760288239e-02
1.403333333333333321e+01,-3.792129084467887878e-02
1.406666666666666643e+01,-4.523858055472373962e-02
1.409999999999999964e+01,-4.249148070812225342e-02
1.413333333333333286e+01,-2.388059534132480621e-02
1.416666666666666607e+01,1.041059382259845734e-02
1.419999999999999929e+01,3.773362189531326294e-02
1.423333333333333250e+01,2.762525156140327454e-02
1.426666666666666572e+01,-1.561464183032512665e-02
1.429999999999999893e+01,-5.052324011921882629e-02
1.433333333333333393e+01,-4.948953166604042053e-02
1.436666666666666714e+01,-1.150935981422662735e-02
1.440000000000000036e+01,2.371626533567905426e-02
1.443333333333333357e+01,2.095912210643291473e-02
1.446666666666666679e+01,-1.708617247641086578e-02
1.450000000000000000e+01,-4.730569943785667419e-02
1.453333333333333321e+01,-4.168368503451347351e-02
1.456666666666666643e+01,-5.174264311790466309e-03
1.459999999999999964e+01,2.545221149921417236e-02
1.463333333333333286e+01,1.798391155898571014e-02
1.466666666666666607e+01,-2.616231702268123627e-02
1.469999999999999929e+01,-6.395015865564346313e-02
1.473333333333333250e+01,-6.377817690372467041e-02
1.476666666666666572e+01,-2.593261748552322388e-02
1.479999999999999893e+01,9.259546175599098206e-03
1.483333333333333393e+01,1.593360677361488342e-02
1.486666666666666714e+01,2.286040782928466797e-02
1.490000000000000036e+01,4.310098290443420410e-02
1.493333333333333357e+01,4.753359407186508179e-02
1.496666666666666679e+01,1.666401699185371399e-02
1.500000000000000000e+01,-1.286778319627046585e-02
1.503333333333333321e+01,-9.533824399113655090e-03
1.506666666666666643e+01,2.827538363635540009e-02
1.509999999999999964e+01,6.240809708833694458e-02
1.513333333333333286e+01,6.463017314672470093e-02
1.516666666666666607e+01,3.311025351285934448e-02
1.519999999999999929e+01,9.336846880614757538e-03
1.523333333333333250e+01,1.817532256245613098e-02
1.526666666666666572e+01,1.781078986823558807e-02
1.529999999999999893e+01,-1.481096073985099792e-02
1.533333333333333393e+01,-3.995277360081672668e-02
1.536666666666666714e+01,-2.713961154222488403e-02
1.540000000000000036e+01,-1.768950372934341431e-02
1.543333333333333357e+01,-3.335814923048019409e-02
1.546666666666666679e+01,-3.361254557967185974e-02
1.550000000000000000e+01,1.387643045745790005e-03
1.553333333333333321e+01,3.412880375981330872e-02
1.556666666666666643e+01,3.243727982044219971e-02
1.559999999999999964e+01,-7.038483861833810806e-03
1.563333333333333286e+01,-4.104299470782279968e-02
1.566666666666666607e+01,-3.878536820411682129e-02
1.569999999999999929e+01,-3.830533847212791443e-02
1.573333333333333250e+01,-2.906687371432781219e-02
1.576666666666666572e+01,-1.224671769887208939e-02
1.579999999999999893e+01,9.816780686378479004e-03
1.583333333333333393e+01,2.338673919439315796e-02
1.586666666666666714e+01,1.375526422634720802e-03
1.590000000000000036e+01,-1.793936081230640411e-02
1.593333333333333357e+01,-1.192963914945721626e-03
1.596666666666666679e+01,1.497718598693609238e-02
1.600000000000000000e+01,-3.444116795435547829e-03
1.603333333333333144e+01,-1.965352334082126617e-02
1.606666666666666643e+01,-2.170498482882976532e-03
1.610000000000000142e+01,1.405976060777902603e-02
1.613333333333333286e+01,-2.851004712283611298e-03
1.616666666666666785e+01,-5.588242784142494202e-02
1.619999999999999929e+01,-1.002180203795433044e-01
1.623333333333333428e+01,-1.092145070433616638e-01
1.626666666666666572e+01,-8.631317317485809326e-02
1.630000000000000071e+01,-2.916232123970985413e-02
1.633333333333333215e+01,2.385740913450717926e-02
1.636666666666666714e+01,4.102588817477226257e-02
1.639999999999999858e+01,1.881850697100162506e-02
1.643333333333333357e+01,-2.112384326756000519e-02
1.646666666666666501e+01,-3.856467083096504211e-02
1.650000000000000000e+01,-1.891647838056087494e-02
1.653333333333333144e+01,3.551681339740753174e-02
1.656666666666666643e+01,8.508716523647308350e-02
1.660000000000000142e+01,9.433636069297790527e-02
1.663333333333333286e+01,1.047795340418815613e-01
1.666666666666666785e+01,1.105582565069198608e-01
1.669999999999999929e+01,8.680865913629531860e-02
1.673333333333333428e+01,6.913024187088012695e-02
1.676666666666666572e+01,4.461367428302764893e-02
1.680000000000000071e+01,2.495113946497440338e-02
1.683333333333333215e+01,4.232707992196083069e-02
1.686666666666666714e+01,5.673226341605186462e-02
1.689999999999999858e+01,4.052417352795600891e-02
1.693333333333333357e+01,-3.264387603849172592e-03
1.696666666666666501e+01,-3.936350345611572266e-02
1.700000000000000000e+01,-4.010956361889839172e-02
1.703333333333333144e+01,-4.448330774903297424e-02
1.706666666666666643e+01,-4.401819780468940735e-02
1.710000000000000142e+01,-1.178628206253051758e-02
1.713333333333333286e+01,1.127388793975114822e-02
1.716666666666666785e+01,-2.337243873625993729e-03
1.719999999999999929e+01,-9.648227132856845856e-03
1.723333333333333428e+01,-1.609869115054607391e-02
1.726666666666666572e+01,-1.379142142832279205e-02
1.730000000000000071e+01,-6.660565268248319626e-04
1.733333333333333215e+01,-1.609617844223976135e-02
1.736666666666666714e+01,-3.247697651386260986e-02
1.739999999999999858e+01,-2.034433186054229736e-02
1.743333333333333357e+01,-1.685373671352863312e-02
1.746666666666666501e+01,-1.612617261707782745e-02
1.750000000000000000e+01,-2.393906749784946442e-02
1.753333333333333144e+01,-2.480300888419151306e-02
1.756666666666666643e+01,9.455286897718906403e-03
1.760000000000000142e+01,3.621780872344970703e-02
1.763333333333333286e+01,2.769215591251850128e-02
1.766666666666666785e+01,2.466120012104511261e-02
1.769999999999999929e+01,1.914102397859096527e-02
1.773333333333333428e+01,8.155911229550838470e-03
1.776666666666666572e+01,-1.571160182356834412e-02
1.780000000000000071e+01,-3.276044130325317383e-02
1.783333333333333215e+01,-1.298421155661344528e-02
1.786666666666666714e+01,4.458555579185485840e-02
1.789999999999999858e+01,1.008154153823852539e-01
1.793333333333333357e+01,1.268809437751770020e-01
1.796666666666666501e+01,1.205402314662933350e-01
1.800000000000000000e+01,7.546903938055038452e-02
1.803333333333333144e+01,-7.558125071227550507e-03
1.806666666666666643e+01,-8.553745597600936890e-02
1.810000000000000142e+01,-1.271817386150360107e-01
1.813333333333333286e+01,-1.319214999675750732e-01
1.816666666666666785e+01,-1.020513102412223816e-01
1.819999999999999929e+01,-3.400286659598350525e-02
1.823333333333333428e+01,3.266081213951110840e-02
1.826666666666666572e+01,6.377558410167694092e-02
1.830000000000000071e+01,6.031571328639984131e-02
1.833333333333333215e+01,2.667411789298057556e-02
1.836666666666666714e+01,-2.998438291251659393e-02
1.839999999999999858e+01,-7.266203314065933228e-02
1.843333333333333357e+01,-7.871314883232116699e-02
1.846666666666666501e+01,-4.770149663090705872e-02
1.850000000000000000e+01,-1.779117435216903687e-02
1.853333333333333144e+01,-2.112898230552673340e-02
1.856666666666666643e+01,-2.362313307821750641e-02
1.860000000000000142e+01,8.888587355613708496e-03
1.863333333333333286e+01,3.894416615366935730e-02
1.866666666666666785e+01,3.420419245958328247e-02
1.869999999999999929e+01,-4.436860326677560806e-03
1.873333333333333428e+01,-4.020923748612403870e-02
1.876666666666666572e+01,-4.372087121009826660e-02
1.880000000000000071e+01,-1.281787920743227005e-02
1.883333333333333215e+01,1.555624790489673615e-02
1.886666666666666714e+01,9.052400477230548859e-03
1.889999999999999858e+01,-3.419662266969680786e-02
1.893333333333333357e+01,-7.121737301349639893e-02
1.896666666666666501e+01,-6.902706623077392578e-02
1.900000000000000000e+01,-3.151148557662963867e-02
1.903333333333333144e+01,1.900168834254145622e-03
1.906666666666666643e+01,9.783835150301456451e-03
1.910000000000000142e+01,1.316555310040712357e-02
1.913333333333333286e+01,4.110272228717803955e-02
1.916666666666666785e+01,6.157875806093215942e-02
1.919999999999999929e+01,4.303482174873352051e-02
1.923333333333333428e+01,2.899909578263759613e-02
1.926666666666666572e+01,5.645431578159332275e-02
1.930000000000000071e+01,7.981137186288833618e-02
1.933333333333333215e+01,6.608618050813674927e-02
1.936666666666666714e+01,4.360540956258773804e-02
1.939999999999999858e+01,4.578807204961776733e-02
1.943333333333333357e+01,4.331377521157264709e-02
1.946666666666666501e+01,6.289265118539333344e-03
1.950000000000000000e+01,-5.457357689738273621e-02
1.953333333333333144e+01,-1.034385412931442261e-01
1.956666666666666643e+01,-1.182848140597343445e-01
1.960000000000000142e+01,-9.797885268926620483e-02
1.963333333333333286e+01,-8.243530988693237305e-02
1.966666666666666785e+01,-6.008652225136756897e-02
1.969999999999999929e+01,-7.966859266161918640e-04
1.973333333333333428e+01,5.141983181238174438e-02
1.976666666666666572e+01,6.772989034652709961e-02
1.980000000000000071e+01,5.628526955842971802e-02
1.983333333333333215e+01,1.571539603173732758e-02
1.986666666666666714e+01,-1.540725864470005035e-02
1.989999999999999858e+01,-3.790008276700973511e-02
1.993333333333333357e+01,-4.962880164384841919e-02
1.996666666666666501e+01,-2.094307914376258850e-02
2.000000000000000000e+01,1.860808767378330231e-02
2.003333333333333144e+01,3.135861828923225403e-02
2.006666666666666643e+01,4.801644384860992432e-02
2.010000000000000142e+01,5.929331853985786438e-02
2.013333333333333286e+01,4.727012664079666138e-02
2.016666666666666785e+01,4.819555580615997314e-02
2.019999999999999929e+01,4.403283819556236267e-02
2.023333333333333428e+01,7.171446923166513443e-03
2.026666666666666572e+01,-2.284334786236286163e-02
2.030000000000000071e+01,-1.534376945346593857e-02
2.033333333333333215e+01,5.073119886219501495e-03
2.036666666666666714e+01,4.639891849365085363e-04
2.039999999999999858e+01,-4.663657397031784058e-03
2.043333333333333357e+01,2.584101073443889618e-02
2.046666666666666501e+01,4.658903181552886963e-02
2.050000000000000000e+01,2.576940879225730896e-02
2.053333333333333144e+01,1.223164889961481094e-02
2.056666666666666643e+01,3.594759106636047363e-02
2.060000000000000142e+01,5.445403978228569031e-02
2.063333333333333286e+01,3.921355307102203369e-02
2.066666666666666785e+01,3.101426362991333008e-02
2.069999999999999929e+01,1.836914569139480591e-02
2.073333333333333428e+01,-2.647735737264156342e-02
2.076666666666666572e+01,-6.208302080631256104e-02
2.080000000000000071e+01,-7.478317618370056152e-02
2.083333333333333215e+01,-1.037073209881782532e-01
2.086666666666666714e+01,-1.275623440742492676e-01
2.089999999999999858e+01,-1.127279400825500488e-01
2.093333333333333357e+01,-5.911429598927497864e-02
2.096666666666666501e+01,-7.915690541267395020e-03
2.100000000000000000e+01,2.846725285053253174e-02
2.103333333333333144e+01,4.432783648371696472e-02
2.106666666666666643e+01,2.452889643609523773e-02
2.110000000000000142e+01,1.298759132623672485e-02
2.113333333333333286e+01,3.878204524517059326e-02
2.116666666666666785e+01,5.826700478792190552e-02
2.119999999999999929e+01,4.194727540016174316e-02
2.123333333333333428e+01,3.204241022467613220e-02
2.126666666666666572e+01,2.915196493268013000e-02
2.130000000000000071e+01,1.512592309154570103e-03
2.133333333333333215e+01,-3.964659571647644043e-02
2.136666666666666714e+01,-5.971424281597137451e-02
2.139999999999999858e+01,-4.489615187048912048e-02
2.143333333333333357e+01,2.185713499784469604e-03
2.146666666666666501e+01,4.614811763167381287e-02
2.150000000000000000e+01,5.724205821752548218e-02
2.153333333333333144e+01,3.092016838490962982e-02
2.156666666666666643e+01,8.878865279257297516e-03
2.160000000000000142e+01,2.384123764932155609e-02
2.163333333333333286e+01,3.413037955760955811e-02
2.166666666666666785e+01,8.798585273325443268e-03
2.169999999999999929e+01,-1.120136305689811707e-02
2.173333333333333428e+01,7.939066737890243530e-03
2.176666666666666572e+01,2.572457306087017059e-02
2.180000000000000071e+01,1.017165835946798325e-02
2.183333333333333215e+01,9.160963236354291439e-05
2.186666666666666714e+01,2.401270717382431030e-02
2.189999999999999858e+01,4.203969985246658325e-02
2.193333333333333357e+01,2.599921822547912598e-02
2.196666666666666501e+01,1.817251741886138916e-02
2.200000000000000000e+01,1.190701685845851898e-02
2.203333333333333144e+01,-1.647575385868549347e-02
2.206666666666666643e+01,-4.550430551171302795e-02
2.210000000000000142e+01,-4.473727941513061523e-02
2.213333333333333286e+01,-1.263753697276115417e-02
2.216666666666666785e+01,1.382713671773672104e-02
2.219999999999999929e+01,1.010894868522882462e-02
2.223333333333333428e+01,1.253970991820096970e-02
2.226666666666666572e+01,4.803706705570220947e-02
2.230000000000000071e+01,8.150725066661834717e-02
2.233333333333333215e+01,8.211622387170791626e-02
2.236666666666666714e+01,4.166093468666076660e-02
2.239999999999999858e+01,-1.894563436508178711e-02
2.243333333333333357e+01,-6.366882473230361938e-02
2.246666666666666501e+01,-7.738735526800155640e-02
2.250000000000000000e+01,-5.746364966034889221e-02
2.253333333333333144e+01,-4.253122210502624512e-02
2.256666666666666643e+01,-5.658975243568420410e-02
2.260000000000000142e+01,-6.554275751113891602e-02
2.263333333333333286e+01,-8.031214028596878052e-02
2.266666666666666785e+01,-8.785305917263031006e-02
2.269999999999999929e+01,-5.975645780563354492e-02
2.273333333333333428e+01,2.277706371387466788e-04
2.276666666666666572e+01,4.862669855356216431e-02
2.280000000000000071e+01,5.806226655840873718e-02
2.283333333333333215e+01,4.140143841505050659e-02
2.286666666666666714e+01,3.875153511762619019e-02
2.289999999999999858e+01,5.211545526981353760e-02
2.293333333333333357e+01,4.869750142097473145e-02
2.296666666666666501e+01,5.598635226488113403e-02
2.300000000000000000e+01,6.579593569040298462e-02
2.303333333333333144e+01,4.141365736722946167e-02
2.306666666666666643e+01,1.287094969302415848e-02
2.310000000000000142e+01,1.365717500448226929e-02
2.313333333333333286e+01,2.065639011561870575e-02
2.316666666666666785e+01,1.386506133712828159e-03
2.319999999999999929e+01,-1.398744899779558182e-02
2.323333333333333428e+01,3.802682971581816673e-03
2.326666666666666572e+01,1.871650293469429016e-02
2.330000000000000071e+01,8.844895637594163418e-04
2.333333333333333215e+01,-4.968728497624397278e-02
2.336666666666666714e+01,-9.230285882949829102e-02
2.339999999999999858e+01,-9.975010901689529419e-02
2.343333333333333357e+01,-7.309008389711380005e-02
2.346666666666666501e+01,-4.916479438543319702e-02
2.350000000000000000e+01,-5.901276320219039917e-02
2.353333333333333144e+01,-6.455825269222259521e-02
2.356666666666666643e+01,-3.788276389241218567e-02
2.360000000000000142e+01,-1.575176790356636047e-02
2.363333333333333286e+01,-2.620938979089260101e-02
2.366666666666666785e+01,-2.956868335604667664e-02
2.369999999999999929e+01,3.570527303963899612e-03
2.373333333333333428e+01,3.408353775739669800e-02
2.376666666666666572e+01,3.121959045529365540e-02
2.380000000000000071e+01,3.390743583440780640e-02
2.383333333333333215e+01,7.002653181552886963e-02
2.386666666666666714e+01,1.008981317281723022e-01
2.389999999999999858e+01,9.782730042934417725e-02
2.393333333333333357e+01,6.999775767326354980e-02
2.396666666666666501e+01,3.376074880361557007e-02
2.400000000000000000e+01,1.589030027389526367e-02
2.403333333333333144e+01,-2.581800101324915886e-03
2.406666666666666643e+01,-1.214661262929439545e-02
2.410000000000000142e+01,1.832339912652969360e-02
2.413333333333333286e+01,7.342252880334854126e-02
2.416666666666666785e+01,1.139714792370796204e-01
2.419999999999999929e+01,1.195178925991058350e-01
2.423333333333333428e+01,8.918333798646926880e-02
2.426666666666666572e+01,2.848102338612079620e-02
2.430000000000000071e+01,-2.283207699656486511e-02
2.433333333333333215e+01,-4.042768105864524841e-02
2.436666666666666714e+01,-2.327619493007659912e-02
2.439999999999999858e+01,-9.585586376488208771e-03
2.443333333333333357e+01,-3.425619006156921387e-02
2.446666666666666501e+01,-5.833197757601737976e-02
2.450000000000000000e+01,-5.018571764230728149e-02
2.453333333333333144e+01,-4.795273020863533020e-02
2.456666666666666643e+01,-8.510416001081466675e-02
2.460000000000000142e+01,-1.205790266394615173e-01
2.463333333333333286e+01,-1.232698932290077209e-01
2.466666666666666785e+01,-9.419954568147659302e-02
2.469999999999999929e+01,-3.069299459457397461e-02
2.473333333333333428e+01,2.905889227986335754e-02
2.476666666666666572e+01,5.685365945100784302e-02
2.480000000000000071e+01,5.025461316108703613e-02
2.483333333333333215e+01,4.917768761515617371e-02
2.486666666666666714e+01,4.746744409203529358e-02
2.489999999999999858e+01,9.812990203499794006e-03
2.493333333333333357e+01,-2.491899207234382629e-02
2.496666666666666501e+01,-2.144989743828773499e-02
2.500000000000000000e+01,1.653995178639888763e-02
2.503333333333333144e+01,4.686199128627777100e-02
2.506666666666666643e+01,4.247095063328742981e-02
2.510000000000000142e+01,3.964516147971153259e-02
2.513333333333333286e+01,3.088630549609661102e-02
2.516666666666666785e+01,2.851248346269130707e-02
2.519999999999999929e+01,2.165297605097293854e-02
2.523333333333333428e+01,-2.018491178750991821e-02
2.526666666666666572e+01,-5.739528313279151917e-02
2.530000000000000071e+01,-5.770805105566978455e-02
2.533333333333333215e+01,-2.522582001984119415e-02
2.536666666666666714e+01,-1.503539533587172627e-04
2.539999999999999858e+01,-1.203755941241979599e-02
2.543333333333333357e+01,-2.262272126972675323e-02
2.546666666666666501e+01,-1.715507544577121735e-02
2.550000000000000000e+01,1.093477383255958557e-02
2.553333333333333144e+01,3.554686158895492554e-02
2.556666666666666643e+01,2.178637683391571045e-02
2.560000000000000142e+01,1.228662114590406418e-02
2.563333333333333286e+01,4.503101855516433716e-02
2.566666666666666785e+01,8.008652925491333008e-02
2.569999999999999929e+01,8.083317428827285767e-02
2.573333333333333428e+01,4.867369681596755981e-02
2.576666666666666572e+01,2.079173177480697632e-02
2.580000000000000071e+01,-6.788730621337890625e-03
2.583333333333333215e+01,-6.087663769721984863e-02
2.586666666666666714e+01,-1.103867441415786743e-01
2.589999999999999858e+01,-1.291198581457138062e-01
2.593333333333333357e+01,-1.154029667377471924e-01
2.596666666666666501e+01,-6.857372820377349854e-02
2.600000000000000000e+01,-2.968052588403224945e-02
2.603333333333333144e+01,-3.155253827571868896e-02
2.606666666666666643e+01,-3.010301664471626282e-02
2.609999999999999787e+01,-4.586300347000360489e-03
2.613333333333333286e+01,4.270623251795768738e-02
2.616666666666666785e+01,8.072648197412490845e-02
2.619999999999999929e+01,8.279729634523391724e-02
2.623333333333333428e+01,8.993259817361831665e-02
2.626666666666666572e+01,9.236686676740646362e-02
2.630000000000000071e+01,6.751925498247146606e-02
2.633333333333333215e+01,3.508183732628822327e-02
2.636666666666666714e+01,2.434916980564594269e-02
2.639999999999999858e+01,1.151856500655412674e-02
2.643333333333333357e+01,-2.514163218438625336e-02
2.646666666666666501e+01,-4.932582005858421326e-02
2.650000000000000000e+01,-7.631678879261016846e-02
2.653333333333333144e+01,-9.986892342567443848e-02
2.656666666666666643e+01,-9.196047484874725342e-02
2.659999999999999787e+01,-5.014196410775184631e-02
2.663333333333333286e+01,-1.203386299312114716e-02
2.666666666666666785e+01,-9.940962307155132294e-03
2.669999999999999929e+01,-3.999385237693786621e-02
2.673333333333333428e+01,-6.128653511404991150e-02
2.676666666666666572e+01,-4.784824326634407043e-02
2.680000000000000071e+01,1.646406133659183979e-03
2.683333333333333215e+01,4.786581546068191528e-02
2.686666666666666714e+01,5.814235284924507141e-02
2.689999999999999858e+01,3.352051973342895508e-02
2.693333333333333357e+01,1.427096594125032425e-02
2.696666666666666501e+01,2.921738289296627045e-02
2.700000000000000000e+01,3.688630461692810059e-02
2.703333333333333144e+01,4.292246699333190918e-02
2.706666666666666643e+01,6.909191608428955078e-02
2.709999999999999787e+01,8.379241824150085449e-02
2.713333333333333286e+01,6.205874308943748474e-02
2.716666666666666785e+01,1.669140160083770752e-02
2.719999999999999929e+01,-1.689075864851474762e-02
2.723333333333333428e+01,-1.788649521768093109e-02
2.726666666666666572e+01,1.615244522690773010e-02
2.730000000000000071e+01,4.614314809441566467e-02
2.733333333333333215e+01,4.073985293507575989e-02
2.736666666666666714e+01,4.838008899241685867e-03
2.739999999999999858e+01,-1.809624582529067993e-02
2.743333333333333357e+01,-3.948365151882171631e-02
2.746666666666666501e+01,-5.598575994372367859e-02
2.750000000000000000e+01,-3.641219437122344971e-02
2.753333333333333144e+01,1.900812238454818726e-02
2.756666666666666643e+01,6.815771758556365967e-02
2.759999999999999787e+01,8.212004601955413818e-02
2.763333333333333286e+01,5.877692252397537231e-02
2.766666666666666785e+01,-1.904221018776297569e-03
2.769999999999999929e+01,-5.802185088396072388e-02
2.773333333333333428e+01,-8.097822964191436768e-02
2.776666666666666572e+01,-7.228489220142364502e-02
2.780000000000000071e+01,-6.830695271492004395e-02
2.783333333333333215e+01,-5.784334987401962280e-02
2.786666666666666714e+01,-1.192370802164077759e-02
2.789999999999999858e+01,4.582956060767173767e-02
2.793333333333333357e+01,8.385706692934036255e-02
2.796666666666666501e+01,8.673922717571258545e-02
2.800000000000000000e+01,5.411639437079429626e-02
2.803333333333333144e+01,2.779276482760906219e-02
2.806666666666666643e+01,3.899320587515830994e-02
2.809999999999999787e+01,4.687406495213508606e-02
2.813333333333333286e+01,1.682599075138568878e-02
2.816666666666666785e+01,-1.165901683270931244e-02
2.819999999999999929e+01,-7.088540121912956238e-03
2.823333333333333428e+01,-8.449164219200611115e-03
2.826666666666666572e+01,-4.347669333219528198e-02
2.830000000000000071e+01,-6.991110742092132568e-02
2.833333333333333215e+01,-6.345044076442718506e-02
2.836666666666666714e+01,-6.185664236545562744e-02
2.839999999999999858e+01,-5.073262006044387817e-02
2.843333333333333357e+01,-4.400036111474037170e-02
2.846666666666666501e+01,-5.337961763143539429e-02
2.850000000000000000e+01,-4.052982479333877563e-02
2.853333333333333144e+01,2.911569084972143173e-03
2.856666666666666643e+01,3.386153653264045715e-02
2.859999999999999787e+01,2.715286612510681152e-02
2.863333333333333286e+01,1.380068250000476837e-02
2.866666666666666785e+01,2.769140712916851044e-02
2.869999999999999929e+01,3.600041195750236511e-02
2.873333333333333428e+01,1.126355491578578949e-02
2.876666666666666572e+01,-5.611278582364320755e-03
2.880000000000000071e+01,9.287795051932334900e-03
2.883333333333333215e+01,5.295139551162719727e-02
2.886666666666666714e+01,9.109748899936676025e-02
2.889999999999999858e+01,9.340124577283859253e-02
2.893333333333333357e+01,5.939869955182075500e-02
2.896666666666666501e+01,2.514333091676235199e-02
2.900000000000000000e+01,2.359267324209213257e-02
2.903333333333333144e+01,2.048907801508903503e-02
2.906666666666666643e+01,-1.424522604793310165e-02
2.909999999999999787e+01,-3.962373733520507812e-02
2.913333333333333286e+01,-2.820243313908576965e-02
2.916666666666666785e+01,-2.006740123033523560e-02
2.919999999999999929e+01,-4.509257152676582336e-02
2.923333333333333428e+01,-6.194954365491867065e-02
2.926666666666666572e+01,-7.675963640213012695e-02
2.930000000000000071e+01,-8.447440713644027710e-02
2.933333333333333215e+01,-5.536855012178421021e-02
2.936666666666666714e+01,-1.611207984387874603e-02
2.939999999999999858e+01,1.688750460743904114e-03
2.943333333333333357e+01,-1.186960935592651367e-02
2.946666666666666501e+01,-2.207523025572299957e-02
2.950000000000000000e+01,3.559844568371772766e-03
2.953333333333333144e+01,2.775379456579685211e-02
2.956666666666666643e+01,1.886202022433280945e-02
2.959999999999999787e+01,1.440704893320798874e-02
2.963333333333333286e+01,1.158021297305822372e-02
2.966666666666666785e+01,1.721306703984737396e-02
2.969999999999999929e+01,3.721761703491210938e-02
2.973333333333333428e+01,3.937648609280586243e-02
2.976666666666666572e+01,7.998010143637657166e-03
2.980000000000000071e+01,-2.012265659868717194e-02
2.983333333333333215e+01,-1.517760008573532104e-02
2.986666666666666714e+01,-1.348334457725286484e-02
2.989999999999999858e+01,-4.969338700175285339e-02
2.993333333333333357e+01,-8.392803370952606201e-02
2.996666666666666501e+01,-7.968763262033462524e-02
3.000000000000000000e+01,-4.078551754355430603e-02
3.003333333333333144e+01,4.589938325807452202e-04
3.006666666666666643e+01,1.634613797068595886e-02
3.009999999999999787e+01,-5.791716394014656544e-04
3.013333333333333286e+01,-1.327224355190992355e-02
3.016666666666666785e+01,1.227051019668579102e-02
3.019999999999999929e+01,3.679947182536125183e-02
3.023333333333333428e+01,2.461742423474788666e-02
3.026666666666666572e+01,1.598531752824783325e-02
3.030000000000000071e+01,4.199451580643653870e-02
3.033333333333333215e+01,6.540825217962265015e-02
3.036666666666666714e+01,5.630327761173248291e-02
3.039999999999999858e+01,1.192663423717021942e-02
3.043333333333333357e+01,-2.814838290214538574e-02
3.046666666666666501e+01,-3.466499224305152893e-02
3.050000000000000000e+01,-7.350117899477481842e-03
3.053333333333333144e+01,1.491495501250028610e-02
3.056666666666666643e+01,-2.594266785308718681e-03
3.059999999999999787e+01,-2.164602279663085938e-02
3.063333333333333286e+01,-8.240776136517524719e-03
3.066666666666666785e+01,1.786244800314307213e-03
3.069999999999999929e+01,-2.177239395678043365e-02
3.073333333333333428e+01,-4.183727875351905823e-02
3.076666666666666572e+01,-3.179914504289627075e-02
3.080000000000000071e+01,-2.893585525453090668e-02
3.083333333333333215e+01,-2.002696134150028229e-02
3.086666666666666714e+01,-4.386180080473423004e-03
3.089999999999999858e+01,-1.769677922129631042e-02
3.093333333333333357e+01,-2.832429856061935425e-02
3.096666666666666501e+01,-5.803040694445371628e-03
3.100000000000000000e+01,1.198900677263736725e-02
3.103333333333333144e+01,-4.100544378161430359e-03
3.106666666666666643e+01,-5.380899086594581604e-02
3.109999999999999787e+01,-9.752362221479415894e-02
3.113333333333333286e+01,-1.072573959827423096e-01
3.116666666666666785e+01,-8.381895720958709717e-02
3.119999999999999929e+01,-2.328639850020408630e-02
3.123333333333333428e+01,3.385768458247184753e-02
3.126666666666666572e+01,5.741047486662864685e-02
3.130000000000000071e+01,4.476454108953475952e-02
3.133333333333333215e+01,3.404418006539344788e-02
3.136666666666666714e+01,5.830126255750656128e-02
3.139999999999999858e+01,8.047085255384445190e-02
3.143333333333333357e+01,6.680952012538909912e-02
3.146666666666666501e+01,5.528447031974792480e-02
3.150000000000000000e+01,7.677617669105529785e-02
3.153333333333333144e+01,9.236785769462585449e-02
3.156666666666666643e+01,7.556975632905960083e-02
3.159999999999999787e+01,2.530496008694171906e-02
3.163333333333333286e+01,-1.852933503687381744e-02
3.166666666666666785e+01,-2.674299851059913635e-02
3.169999999999999929e+01,-2.731844224035739899e-02
3.173333333333333428e+01,-4.800533503293991089e-02
3.176666666666666572e+01,-6.075390800833702087e-02
3.180000000000000071e+01,-3.794233500957489014e-02
3.183333333333333215e+01,-1.748400926589965820e-02
3.186666666666666714e+01,-3.450524061918258667e-02
3.189999999999999858e+01,-5.016691982746124268e-02
3.193333333333333357e+01,-3.445486351847648621e-02
3.196666666666666501e+01,-1.137610524892807007e-02
