0.000000000000000000e+00,2.108500897884368896e-02
3.333333333333333287e-02,3.802242130041122437e-02
6.666666666666666574e-02,2.809616737067699432e-02
1.000000000000000056e-01,2.939591743052005768e-02
1.333333333333333315e-01,2.587119862437248230e-02
1.666666666666666574e-01,1.498944312334060669e-02
2.000000000000000111e-01,3.404856473207473755e-02
2.333333333333333370e-01,5.258037149906158447e-02
2.666666666666666630e-01,3.223199769854545593e-02
2.999999999999999889e-01,-5.890935426577925682e-04
3.333333333333333148e-01,-1.001630350947380066e-02
3.666666666666666408e-01,-5.678679328411817551e-03
4.000000000000000222e-01,2.223594114184379578e-02
4.333333333333333481e-01,5.029536038637161255e-02
4.666666666666666741e-01,4.581090062856674194e-02
5.000000000000000000e-01,2.539905346930027008e-02
5.333333333333333259e-01,2.454292960464954376e-02
5.666666666666666519e-01,1.978594623506069183e-02
5.999999999999999778e-01,4.536611668299883604e-04
6.333333333333333037e-01,-4.496172477956861258e-04
6.666666666666666297e-01,-9.096902795135974884e-03
6.999999999999999556e-01,-1.325527299195528030e-02
7.333333333333332815e-01,1.753558777272701263e-02
7.666666666666666075e-01,4.394906759262084961e-02
8.000000000000000444e-01,3.854725509881973267e-02
8.333333333333333703e-01,2.280322602018713951e-03
8.666666666666666963e-01,-2.471476048231124878e-02
9.000000000000000222e-01,-1.293640118092298508e-02
9.333333333333333481e-01,-1.606820849701762199e-03
9.666666666666666741e-01,-2.266504615545272827e-02
1.000000000000000000e+00,-3.849835693836212158e-02
1.033333333333333215e+00,-1.770853437483310699e-02
1.066666666666666652e+00,1.118955435231328011e-03
1.100000000000000089e+00,-1.422241888940334320e-02
1.133333333333333304e+00,-2.212874218821525574e-02
1.166666666666666741e+00,-1.750121451914310455e-02
1.199999999999999956e+00,-3.969974070787429810e-02
1.233333333333333393e+00,-5.992784351110458374e-02
1.266666666666666607e+00,-4.656991735100746155e-02
1.300000000000000044e+00,-4.042256996035575867e-02
1.333333333333333259e+00,-3.274958580732345581e-02
1.366666666666666696e+00,7.828505709767341614e-03
1.399999999999999911e+00,3.922839090228080750e-02
1.433333333333333348e+00,3.602812811732292175e-02
1.466666666666666563e+00,9.003166109323501587e-03
1.500000000000000000e+00,-7.198354694992303848e-03
1.533333333333333215e+00,1.159342005848884583e-02
1.566666666666666652e+00,2.724204771220684052e-02
1.600000000000000089e+00,8.122329600155353546e-03
1.633333333333333304e+00,-4.381979350000619888e-03
1.666666666666666741e+00,2.336066029965877533e-02
1.699999999999999956e+00,4.867603257298469543e-02
1.733333333333333393e+00,4.161135852336883545e-02
1.766666666666666607e+00,1.893501542508602142e-02
1.800000000000000044e+00,1.575005240738391876e-02
1.833333333333333259e+00,4.414542391896247864e-02
1.866666666666666696e+00,6.509527564048767090e-02
1.899999999999999911e+00,5.194579809904098511e-02
1.933333333333333348e+00,6.829420104622840881e-03
1.966666666666666563e+00,-3.287725895643234253e-02
2.000000000000000000e+00,-3.715328872203826904e-02
2.033333333333333215e+00,-4.610087722539901733e-02
2.066666666666666430e+00,-5.051163956522941589e-02
2.100000000000000089e+00,-2.174272574484348297e-02
2.133333333333333304e+00,-2.500721951946616173e-03
2.166666666666666519e+00,-2.058232203125953674e-02
2.200000000000000178e+00,-3.624998778104782104e-02
2.233333333333333393e+00,-1.725214719772338867e-02
2.266666666666666607e+00,-2.431258792057633400e-03
2.299999999999999822e+00,-1.818100176751613617e-02
2.333333333333333481e+00,-2.767639048397541046e-02
2.366666666666666696e+00,-2.393502945778891444e-04
2.399999999999999911e+00,2.592765726149082184e-02
2.433333333333333126e+00,1.896968670189380646e-02
2.466666666666666785e+00,1.689353398978710175e-02
2.500000000000000000e+00,5.095332488417625427e-02
2.533333333333333215e+00,7.994918525218963623e-02
2.566666666666666430e+00,7.714776694774627686e-02
2.600000000000000089e+00,4.441974684596061707e-02
2.633333333333333304e+00,1.799247227609157562e-02
2.666666666666666519e+00,3.135879710316658020e-02
2.700000000000000178e+00,4.167520254850387573e-02
2.733333333333333393e+00,1.867643930017948151e-02
2.766666666666666607e+00,-1.839777454733848572e-02
2.799999999999999822e+00,-3.957573324441909790e-02
2.833333333333333481e+00,-2.749496698379516602e-02
2.866666666666666696e+00,-2.213922515511512756e-02
2.899999999999999911e+00,-4.021024331450462341e-02
2.933333333333333126e+00,-4.510423913598060608e-02
2.966666666666666785e+00,-1.758584566414356232e-02
3.000000000000000000e+00,1.865642261691391468e-03
3.033333333333333215e+00,-1.679371111094951630e-02
3.066666666666666430e+00,-3.491037338972091675e-02
3.100000000000000089e+00,-2.205205522477626801e-02
3.133333333333333304e+00,-1.783649623394012451e-02
3.166666666666666519e+00,-1.069584768265485764e-02
3.200000000000000178e+00,-9.588696993887424469e-03
3.233333333333333393e+00,-9.385647252202033997e-03
3.266666666666666607e+00,1.483319047838449478e-02
3.299999999999999822e+00,3.039306588470935822e-02
3.333333333333333481e+00,1.146274060010910034e-02
3.366666666666666696e+00,-2.504999376833438873e-02
3.399999999999999911e+00,-4.167891666293144226e-02
3.433333333333333126e+00,-2.247927337884902954e-02
3.466666666666666785e+00,-7.552997674793004990e-03
3.500000000000000000e+00,-9.874992072582244873e-03
3.533333333333333215e+00,-3.035436384379863739e-02
3.566666666666666430e+00,-4.656204581260681152e-02
3.600000000000000089e+00,-2.875121869146823883e-02
3.633333333333333304e+00,-1.652857661247253418e-02
3.666666666666666519e+00,-1.785620464943349361e-03
3.699999999999999734e+00,3.482533153146505356e-03
3.733333333333333393e+00,7.056050468236207962e-03
3.766666666666666607e+00,4.347158223390579224e-02
3.799999999999999822e+00,7.132967561483383179e-02
3.833333333333333481e+00,6.425908952951431274e-02
3.866666666666666696e+00,2.687943354249000549e-02
3.899999999999999911e+00,-9.070686064660549164e-03
3.933333333333333126e+00,-1.217361073940992355e-02
3.966666666666666785e+00,-6.445673643611371517e-04
4.000000000000000000e+00,-9.518800303339958191e-03
4.033333333333333215e+00,-1.391988620162010193e-02
4.066666666666666430e+00,1.298241037875413895e-02
4.099999999999999645e+00,3.475367277860641479e-02
4.133333333333332860e+00,1.990484632551670074e-02
4.166666666666666963e+00,6.321138236671686172e-03
4.200000000000000178e+00,2.616888657212257385e-02
4.233333333333333393e+00,4.084293916821479797e-02
4.266666666666666607e+00,2.391283400356769562e-02
4.299999999999999822e+00,-8.149538189172744751e-03
4.333333333333333037e+00,-2.211679890751838684e-02
4.366666666666666252e+00,-1.041418174281716347e-03
4.400000000000000355e+00,1.595532335340976715e-02
4.433333333333333570e+00,-1.590576604939997196e-03
4.466666666666666785e+00,-1.620684191584587097e-02
4.500000000000000000e+00,4.906158428639173508e-03
4.533333333333333215e+00,2.278472669422626495e-02
4.566666666666666430e+00,1.333027705550193787e-02
4.599999999999999645e+00,9.502628818154335022e-04
4.633333333333332860e+00,-3.437848389148712158e-02
4.666666666666666963e+00,-7.309457659721374512e-02
4.700000000000000178e+00,-7.781089842319488525e-02
4.733333333333333393e+00,-4.783326759934425354e-02
4.766666666666666607e+00,-2.202439866960048676e-02
4.799999999999999822e+00,-2.953184954822063446e-02
4.833333333333333037e+00,-2.978778071701526642e-02
4.866666666666666252e+00,7.676769047975540161e-03
4.900000000000000355e+00,4.256967082619667053e-02
4.933333333333333570e+00,4.516620934009552002e-02
4.966666666666666785e+00,1.345711760222911835e-02
5.000000000000000000e+00,-1.330867316573858261e-02
5.033333333333333215e+00,-5.049248691648244858e-03
5.066666666666666430e+00,1.210977602750062943e-02
5.099999999999999645e+00,5.781646817922592163e-03
5.133333333333332860e+00,-3.438666462898254395e-02
5.166666666666666963e+00,-7.076387107372283936e-02
5.200000000000000178e+00,-7.410859316587448120e-02
5.233333333333333393e+00,-4.476534202694892883e-02
5.266666666666666607e+00,-1.684315502643585205e-02
5.299999999999999822e+00,-2.655024453997612000e-02
5.333333333333333037e+00,-3.806985914707183838e-02
5.366666666666666252e+00,-1.783006079494953156e-02
5.400000000000000355e+00,3.485858067870140076e-02
5.433333333333333570e+00,8.298772573471069336e-02
5.466666666666666785e+00,9.729789197444915771e-02
5.500000000000000000e+00,8.068223297595977783e-02
5.533333333333333215e+00,6.669276952743530273e-02
5.566666666666666430e+00,6.070780754089355469e-02
5.599999999999999645e+00,5.316819623112678528e-02
5.633333333333332860e+00,2.453083731234073639e-02
5.666666666666666963e+00,-1.908876746892929077e-02
5.700000000000000178e+00,-5.402481183409690857e-02
5.733333333333333393e+00,-6.129834055900573730e-02
5.766666666666666607e+00,-3.988490253686904907e-02
5.799999999999999822e+00,-2.921703830361366272e-02
5.833333333333333037e+00,-5.233082920312881470e-02
5.866666666666666252e+00,-7.002061605453491211e-02
5.900000000000000355e+00,-4.906016215682029724e-02
5.933333333333333570e+00,-2.517096698284149170e-02
5.966666666666666785e+00,-2.085260115563869476e-02
6.000000000000000000e+00,-5.241786129772663116e-04
6.033333333333333215e+00,3.589390218257904053e-02
6.066666666666666430e+00,5.390053987503051758e-02
6.099999999999999645e+00,5.409966781735420227e-02
6.133333333333332860e+00,3.088335506618022919e-02
6.166666666666666963e+00,1.132895518094301224e-02
6.200000000000000178e+00,2.266316860914230347e-02
6.233333333333333393e+00,2.894062921404838562e-02
6.266666666666666607e+00,2.326359041035175323e-02
6.299999999999999822e+00,-1.319647300988435745e-03
6.333333333333333037e+00,-2.251155488193035126e-02
6.366666666666666252e+00,-9.872033260762691498e-03
6.400000000000000355e+00,-2.523737959563732147e-03
6.433333333333333570e+00,-2.763776667416095734e-02
6.466666666666666785e+00,-4.370270669460296631e-02
6.500000000000000000e+00,-2.330406941473484039e-02
6.533333333333333215e+00,-4.288644064217805862e-03
6.566666666666666430e+00,-2.085071988403797150e-02
6.599999999999999645e+00,-3.981710597872734070e-02
6.633333333333332860e+00,-2.352924831211566925e-02
6.666666666666666963e+00,1.039630267769098282e-02
6.700000000000000178e+00,2.579815872013568878e-02
6.733333333333333393e+00,8.694740943610668182e-03
6.766666666666666607e+00,-2.870887285098433495e-03
6.799999999999999822e+00,1.401032693684101105e-02
6.833333333333333037e+00,1.886480115354061127e-02
6.866666666666666252e+00,-1.318939682096242905e-02
6.899999999999999467e+00,-3.509113565087318420e-02
6.933333333333333570e+00,-1.833615824580192566e-02
6.966666666666666785e+00,-2.956336596980690956e-03
7.000000000000000000e+00,-1.403864938765764236e-02
7.033333333333333215e+00,-1.577017270028591156e-02
7.066666666666666430e+00,2.109919674694538116e-02
7.099999999999999645e+00,6.057005375623703003e-02
7.133333333333332860e+00,6.772595643997192383e-02
7.166666666666666963e+00,3.678456321358680725e-02
7.200000000000000178e+00,6.953441537916660309e-03
7.233333333333333393e+00,8.676819503307342529e-03
7.266666666666666607e+00,2.921121940016746521e-02
7.299999999999999822e+00,3.426075726747512817e-02
7.333333333333333037e+00,4.417772870510816574e-03
7.366666666666666252e+00,-2.222876809537410736e-02
7.399999999999999467e+00,-1.517109572887420654e-02
7.433333333333333570e+00,-1.350602600723505020e-02
7.466666666666666785e+00,-9.009134955704212189e-03
7.500000000000000000e+00,-1.054185163229703903e-02
7.533333333333333215e+00,-3.641211660578846931e-03
7.566666666666666430e+00,1.625996199436485767e-03
7.599999999999999645e+00,-1.759943179786205292e-02
7.633333333333332860e+00,-2.347036264836788177e-02
7.666666666666666963e+00,8.916044607758522034e-03
7.700000000000000178e+00,4.293114319443702698e-02
7.733333333333333393e+00,4.372555390000343323e-02
7.766666666666666607e+00,1.203303318470716476e-02
7.799999999999999822e+00,-1.011414453387260437e-02
7.833333333333333037e+00,3.832577494904398918e-03
7.866666666666666252e+00,1.317230053246021271e-02
7.899999999999999467e+00,-7.821667008101940155e-03
7.933333333333333570e+00,-2.017515897750854492e-02
7.966666666666666785e+00,8.751822169870138168e-04
8.000000000000000000e+00,1.903158053755760193e-02
8.033333333333333215e+00,8.688563480973243713e-03
8.066666666666666430e+00,8.799414150416851044e-03
8.099999999999999645e+00,1.080256048589944839e-02
8.133333333333332860e+00,-1.954694837331771851e-02
8.166666666666666075e+00,-4.631791636347770691e-02
8.199999999999999289e+00,-3.455255180597305298e-02
8.233333333333332504e+00,-2.140757627785205841e-02
8.266666666666665719e+00,-3.325425088405609131e-02
8.300000000000000711e+00,-3.344150632619857788e-02
8.333333333333333925e+00,3.991661593317985535e-03
8.366666666666667140e+00,4.981294274330139160e-02
8.400000000000000355e+00,6.688256561756134033e-02
8.433333333333333570e+00,4.883572459220886230e-02
8.466666666666666785e+00,3.535733371973037720e-02
8.500000000000000000e+00,2.696802467107772827e-02
8.533333333333333215e+00,6.833317689597606659e-03
8.566666666666666430e+00,9.680949733592569828e-04
8.599999999999999645e+00,3.289763256907463074e-02
8.633333333333332860e+00,6.598518043756484985e-02
8.666666666666666075e+00,6.201010942459106445e-02
8.699999999999999289e+00,2.304025366902351379e-02
8.733333333333332504e+00,-4.845562577247619629e-02
8.766666666666665719e+00,-1.135843396186828613e-01
8.800000000000000711e+00,-1.418113261461257935e-01
8.833333333333333925e+00,-1.323024332523345947e-01
8.866666666666667140e+00,-8.028692007064819336e-02
8.900000000000000355e+00,-2.949509024620056152e-02
8.933333333333333570e+00,-4.714727867394685745e-03
8.966666666666666785e+00,-9.886999614536762238e-03
9.000000000000000000e+00,-1.276222057640552521e-02
9.033333333333333215e+00,-1.460003945976495743e-02
9.066666666666666430e+00,-1.076549757272005081e-02
9.099999999999999645e+00,2.227488532662391663e-02
9.133333333333332860e+00,8.997399359941482544e-02
9.166666666666666075e+00,1.521265804767608643e-01
9.199999999999999289e+00,1.754750907421112061e-01
9.233333333333332504e+00,1.647908687591552734e-01
9.266666666666665719e+00,1.235826909542083740e-01
9.300000000000000711e+00,4.661574959754943848e-02
9.333333333333333925e+00,-2.319095656275749207e-02
9.366666666666667140e+00,-4.742084071040153503e-02
9.400000000000000355e+00,-3.554534912109375000e-02
9.433333333333333570e+00,-3.429306671023368835e-02
9.466666666666666785e+00,-7.029389590024948120e-02
9.500000000000000000e+00,-9.834560006856918335e-02
9.533333333333333215e+00,-9.137868881225585938e-02
9.566666666666666430e+00,-5.222573876380920410e-02
9.599999999999999645e+00,-1.808093674480915070e-02
9.633333333333332860e+00,-2.259813249111175537e-02
9.666666666666666075e+00,-2.306054159998893738e-02
9.699999999999999289e+00,1.702964492142200470e-02
9.733333333333332504e+00,5.821380764245986938e-02
9.766666666666665719e+00,6.540536135435104370e-02
9.800000000000000711e+00,3.790299221873283386e-02
9.833333333333333925e+00,1.512311119586229324e-02
9.866666666666667140e+00,2.742673456668853760e-02
9.900000000000000355e+00,3.043635934591293335e-02
9.933333333333333570e+00,-6.016344996169209480e-04
9.966666666666666785e+00,-2.201412990689277649e-02
1.000000000000000000e+01,-9.665398858487606049e-03
1.003333333333333321e+01,-2.523322124034166336e-03
1.006666666666666643e+01,1.001470815390348434e-02
1.009999999999999964e+01,1.641710102558135986e-02
1.013333333333333286e+01,-1.054557505995035172e-02
1.016666666666666607e+01,-3.156606480479240417e-02
1.019999999999999929e+01,-2.930388040840625763e-02
1.023333333333333250e+01,-2.469584904611110687e-02
1.026666666666666572e+01,-3.906505182385444641e-02
1.030000000000000071e+01,-4.309251159429550171e-02
1.033333333333333393e+01,-9.397611021995544434e-03
1.036666666666666714e+01,1.832626573741436005e-02
1.040000000000000036e+01,1.180916279554367065e-02
1.043333333333333357e+01,1.128218509256839752e-02
1.046666666666666679e+01,4.295675083994865417e-02
1.050000000000000000e+01,7.252668589353561401e-02
1.053333333333333321e+01,6.655115634202957153e-02
1.056666666666666643e+01,1.922814175486564636e-02
1.059999999999999964e+01,-2.645054273307323456e-02
1.063333333333333286e+01,-3.948450461030006409e-02
1.066666666666666607e+01,-1.560697890818119049e-02
1.069999999999999929e+01,5.625205114483833313e-03
1.073333333333333250e+01,-6.275550927966833115e-03
1.076666666666666572e+01,-1.356584206223487854e-02
1.080000000000000071e+01,-2.232050709426403046e-02
1.083333333333333393e+01,-2.285154722630977631e-02
1.086666666666666714e+01,-2.404100261628627777e-02
1.090000000000000036e+01,-5.878563970327377319e-02
1.093333333333333357e+01,-8.586124330759048462e-02
1.096666666666666679e+01,-7.503822445869445801e-02
1.100000000000000000e+01,-2.913919650018215179e-02
1.103333333333333321e+01,1.063094194978475571e-02
1.106666666666666643e+01,1.305379904806613922e-02
1.109999999999999964e+01,-1.171543635427951813e-02
1.113333333333333286e+01,-2.432120405137538910e-02
1.116666666666666607e+01,-2.937435172498226166e-02
1.119999999999999929e+01,-1.819616742432117462e-02
1.123333333333333250e+01,3.146215155720710754e-02
1.126666666666666572e+01,7.974688708782196045e-02
1.130000000000000071e+01,9.363538026809692383e-02
1.133333333333333393e+01,7.007376104593276978e-02
1.136666666666666714e+01,4.975548386573791504e-02
1.140000000000000036e+01,6.226288527250289917e-02
1.143333333333333357e+01,7.008573412895202637e-02
1.146666666666666679e+01,4.431353881955146790e-02
1.150000000000000000e+01,2.701970003545284271e-02
1.153333333333333321e+01,1.072256546467542648e-02
1.156666666666666643e+01,-3.223675861954689026e-02
1.159999999999999964e+01,-6.098139658570289612e-02
1.163333333333333286e+01,-5.081031844019889832e-02
1.166666666666666607e+01,-2.174777537584304810e-02
1.169999999999999929e+01,-8.966725319623947144e-03
1.173333333333333250e+01,-3.251318261027336121e-02
1.176666666666666572e+01,-9.065546840429306030e-02
1.180000000000000071e+01,-1.398657709360122681e-01
1.183333333333333393e+01,-1.541331112384796143e-01
1.186666666666666714e+01,-1.342357993125915527e-01
1.190000000000000036e+01,-7.683166861534118652e-02
1.193333333333333357e+01,1.819880446419119835e-03
1.196666666666666679e+01,6.328129023313522339e-02
1.200000000000000000e+01,8.857575058937072754e-02
1.203333333333333321e+01,1.180666163563728333e-01
1.206666666666666643e+01,1.452719867229461670e-01
1.209999999999999964e+01,1.387977153062820435e-01
1.213333333333333286e+01,9.913665056228637695e-02
1.216666666666666607e+01,6.584174185991287231e-02
1.219999999999999929e+01,6.885354965925216675e-02
1.223333333333333250e+01,6.615679711103439331e-02
1.226666666666666572e+01,2.653047628700733185e-02
1.230000000000000071e+01,-1.004281546920537949e-02
1.233333333333333393e+01,-1.417372096329927444e-02
1.236666666666666714e+01,-2.331928350031375885e-02
1.240000000000000036e+01,-6.242012232542037964e-02
1.243333333333333357e+01,-1.286630928516387939e-01
1.246666666666666679e+01,-1.860126405954360962e-01
1.250000000000000000e+01,-2.069019526243209839e-01
1.253333333333333321e+01,-1.940267980098724365e-01
1.256666666666666643e+01,-1.504288017749786377e-01
1.259999999999999964e+01,-7.218296080827713013e-02
1.263333333333333286e+01,2.342818537726998329e-03
1.266666666666666607e+01,4.461482912302017212e-02
1.269999999999999929e+01,5.031428113579750061e-02
1.273333333333333250e+01,1.938273943960666656e-02
1.276666666666666572e+01,-6.235294044017791748e-03
1.280000000000000071e+01,3.064874093979597092e-03
1.283333333333333393e+01,4.789828509092330933e-02
1.286666666666666714e+01,1.093503311276435852e-01
1.290000000000000036e+01,1.505569964647293091e-01
1.293333333333333357e+01,1.538624465465545654e-01
1.296666666666666679e+01,1.221141293644905090e-01
1.300000000000000000e+01,9.230523556470870972e-02
1.303333333333333321e+01,8.661310374736785889e-02
1.306666666666666643e+01,7.499581575393676758e-02
1.309999999999999964e+01,5.271986499428749084e-02
1.313333333333333286e+01,5.099306255578994751e-02
1.316666666666666607e+01,4.427149891853332520e-02
1.319999999999999929e+01,2.075366675853729248e-03
1.323333333333333250e+01,-3.357537835836410522e-02
1.326666666666666572e+01,-3.250918909907341003e-02
1.329999999999999893e+01,-3.426472097635269165e-02
1.333333333333333393e+01,-6.803933531045913696e-02
1.336666666666666714e+01,-9.184613078832626343e-02
1.340000000000000036e+01,-7.927415519952774048e-02
1.343333333333333357e+01,-3.228878229856491089e-02
1.346666666666666679e+01,1.053035445511341095e-02
1.350000000000000000e+01,1.582167111337184906e-02
1.353333333333333321e+01,2.273941412568092346e-02
1.356666666666666643e+01,2.875942736864089966e-02
1.359999999999999964e+01,7.570037152618169785e-03
1.363333333333333286e+01,-4.135023802518844604e-03
1.366666666666666607e+01,2.113611064851284027e-02
1.369999999999999929e+01,4.315705597400665283e-02
1.373333333333333250e+01,2.738256379961967468e-02
1.376666666666666572e+01,1.481028646230697632e-02
1.379999999999999893e+01,3.567228838801383972e-02
1.383333333333333393e+01,5.270630866289138794e-02
1.386666666666666714e+01,3.394998610019683838e-02
1.390000000000000036e+01,-1.676213461905717850e-03
1.393333333333333357e+01,-1.957624778151512146e-02
1.396666666666666679e+01,-4.114131256937980652e-02
1.400000000000000000e+01,-7.855842262506484985e-02
1.403333333333333321e+01,-9.305963665246963501e-02
1.406666666666666643e+01,-7.011486589908599854e-02
1.409999999999999964e+01,-4.753520339727401733e-02
1.413333333333333286e+01,-4.269348829984664917e-02
1.416666666666666607e+01,-2.573368698358535767e-02
1.419999999999999929e+01,2.555107697844505310e-02
1.423333333333333250e+01,7.172357290983200073e-02
1.426666666666666572e+01,8.210697025060653687e-02
1.429999999999999893e+01,5.432814732193946838e-02
1.433333333333333393e+01,2.650718390941619873e-02
1.436666666666666714e+01,3.607641533017158508e-02
1.440000000000000036e+01,4.236424341797828674e-02
1.443333333333333357e+01,5.447779968380928040e-02
1.446666666666666679e+01,6.751995533704757690e-02
1.450000000000000000e+01,4.791318252682685852e-02
1.453333333333333321e+01,4.894147161394357681e-03
1.456666666666666643e+01,-2.892138622701168060e-02
1.459999999999999964e+01,-3.075072728097438812e-02
1.463333333333333286e+01,-4.038303345441818237e-02
1.466666666666666607e+01,-5.044189468026161194e-02
1.469999999999999929e+01,-2.767624333500862122e-02
1.473333333333333250e+01,-1.361882034689188004e-02
1.476666666666666572e+01,-3.660671785473823547e-02
1.479999999999999893e+01,-5.679475516080856323e-02
1.483333333333333393e+01,-4.851210489869117737e-02
1.486666666666666714e+01,-4.881439730525016785e-02
1.490000000000000036e+01,-4.221573844552040100e-02
1.493333333333333357e+01,-1.332038734108209610e-02
1.496666666666666679e+01,-4.786005229107104242e-05
1.500000000000000000e+01,7.298983633518218994e-03
1.503333333333333321e+01,2.890715934336185455e-02
1.506666666666666643e+01,3.727000206708908081e-02
1.509999999999999964e+01,1.345970202237367630e-02
1.513333333333333286e+01,-4.782678093761205673e-03
1.516666666666666607e+01,1.000133529305458069e-02
1.519999999999999929e+01,1.575642265379428864e-02
1.523333333333333250e+01,-1.140306517481803894e-02
1.526666666666666572e+01,-2.899575047194957733e-02
1.529999999999999893e+01,-1.301467884331941605e-02
1.533333333333333393e+01,-4.534471780061721802e-03
1.536666666666666714e+01,1.105323713272809982e-02
1.540000000000000036e+01,5.417020246386528015e-02
1.543333333333333357e+01,8.583167940378189087e-02
1.546666666666666679e+01,8.248479664325714111e-02
1.550000000000000000e+01,4.791136458516120911e-02
1.553333333333333321e+01,-1.382952462881803513e-02
1.556666666666666643e+01,-6.251256167888641357e-02
1.559999999999999964e+01,-7.373986393213272095e-02
1.563333333333333286e+01,-4.617748036980628967e-02
1.566666666666666607e+01,1.336049102246761322e-02
1.569999999999999929e+01,6.607736647129058838e-02
1.573333333333333250e+01,8.367636054754257202e-02
1.576666666666666572e+01,6.465392559766769409e-02
1.579999999999999893e+01,4.889001324772834778e-02
1.583333333333333393e+01,4.629670828580856323e-02
1.586666666666666714e+01,1.978194341063499451e-02
1.590000000000000036e+01,-4.823667462915182114e-03
1.593333333333333357e+01,6.275556981563568115e-03
1.596666666666666679e+01,1.674096845090389252e-02
1.600000000000000000e+01,-7.964673452079296112e-03
1.603333333333333144e+01,-3.055025078356266022e-02
1.606666666666666643e+01,-2.046783640980720520e-02
1.610000000000000142e+01,1.887051202356815338e-02
1.613333333333333286e+01,4.787617921829223633e-02
1.616666666666666785e+01,4.112437739968299866e-02
1.619999999999999929e+01,-7.395692169666290283e-03
1.623333333333333428e+01,-5.989668890833854675e-02
1.626666666666666572e+01,-7.448001950979232788e-02
1.630000000000000071e+01,-5.492719262838363647e-02
1.633333333333333215e+01,-4.314680024981498718e-02
1.636666666666666714e+01,-6.711710989475250244e-02
1.639999999999999858e+01,-8.709536492824554443e-02
1.643333333333333357e+01,-9.084251523017883301e-02
1.646666666666666501e+01,-7.468389719724655151e-02
1.650000000000000000e+01,-2.473728172481060028e-02
1.653333333333333144e+01,1.974831335246562958e-02
1.656666666666666643e+01,2.596425078809261322e-02
1.660000000000000142e+01,4.003672674298286438e-02
1.663333333333333286e+01,5.539044737815856934e-02
1.666666666666666785e+01,3.216721117496490479e-02
1.669999999999999929e+01,2.597686601802706718e-03
1.673333333333333428e+01,1.823976985178887844e-03
1.676666666666666572e+01,3.670444712042808533e-02
1.680000000000000071e+01,6.652265042066574097e-02
1.683333333333333215e+01,6.041021272540092468e-02
1.686666666666666714e+01,5.715696141123771667e-02
1.689999999999999858e+01,5.424324050545692444e-02
1.693333333333333357e+01,1.692084409296512604e-02
1.696666666666666501e+01,-1.809748820960521698e-02
1.700000000000000000e+01,-1.902806200087070465e-02
1.703333333333333144e+01,1.657413486100267619e-05
1.706666666666666643e+01,4.680212587118148804e-03
1.710000000000000142e+01,-2.286984585225582123e-02
1.713333333333333286e+01,-4.145408049225807190e-02
1.716666666666666785e+01,-2.374067157506942749e-02
1.719999999999999929e+01,-1.351177506148815155e-02
1.723333333333333428e+01,-4.144949838519096375e-03
1.726666666666666572e+01,-3.611176973208785057e-03
1.730000000000000071e+01,-2.786341123282909393e-03
1.733333333333333215e+01,3.587747691199183464e-03
1.736666666666666714e+01,-1.386927999556064606e-02
1.739999999999999858e+01,-3.171039745211601257e-02
1.743333333333333357e+01,-2.326521649956703186e-02
1.746666666666666501e+01,-2.277897670865058899e-02
1.750000000000000000e+01,-1.910010911524295807e-02
1.753333333333333144e+01,-5.918859504163265228e-03
1.756666666666666643e+01,-1.484477892518043518e-02
1.760000000000000142e+01,-1.704272814095020294e-02
1.763333333333333286e+01,1.626778021454811096e-02
1.766666666666666785e+01,4.496477544307708740e-02
1.769999999999999929e+01,3.933107480406761169e-02
1.773333333333333428e+01,-1.506009954027831554e-03
1.776666666666666572e+01,-3.908848389983177185e-02
1.780000000000000071e+01,-4.236031323671340942e-02
1.783333333333333215e+01,-8.320629596710205078e-03
1.786666666666666714e+01,2.087096124887466431e-02
1.789999999999999858e+01,5.011682584881782532e-02
1.793333333333333357e+01,8.063771575689315796e-02
1.796666666666666501e+01,7.728525251150131226e-02
1.800000000000000000e+01,3.134423121809959412e-02
1.803333333333333144e+01,-1.130221318453550339e-02
1.806666666666666643e+01,-1.853061467409133911e-02
1.810000000000000142e+01,1.266637444496154785e-02
1.813333333333333286e+01,3.890133276581764221e-02
1.816666666666666785e+01,2.514042519032955170e-02
1.819999999999999929e+01,8.918716572225093842e-03
1.823333333333333428e+01,-1.569911092519760132e-02
1.826666666666666572e+01,-3.679411858320236206e-02
1.830000000000000071e+01,-2.187587693333625793e-02
1.833333333333333215e+01,-1.451660413295030594e-02
1.836666666666666714e+01,-1.440234296023845673e-02
1.839999999999999858e+01,-1.910478249192237854e-02
1.843333333333333357e+01,-1.797639951109886169e-02
1.846666666666666501e+01,2.136366814374923706e-02
1.850000000000000000e+01,6.132648512721061707e-02
1.853333333333333144e+01,6.840044260025024414e-02
1.856666666666666643e+01,4.396714270114898682e-02
1.860000000000000142e+01,-1.466670352965593338e-02
1.863333333333333286e+01,-7.147760689258575439e-02
1.866666666666666785e+01,-9.269582480192184448e-02
1.869999999999999929e+01,-7.478398829698562622e-02
1.873333333333333428e+01,-5.990693345665931702e-02
1.876666666666666572e+01,-3.994115442037582397e-02
1.880000000000000071e+01,-2.467785961925983429e-02
1.883333333333333215e+01,-4.381534457206726074e-02
1.886666666666666714e+01,-9.759309887886047363e-02
1.889999999999999858e+01,-1.491300910711288452e-01
1.893333333333333357e+01,-1.679212450981140137e-01
1.896666666666666501e+01,-1.557193845510482788e-01
1.900000000000000000e+01,-1.059852316975593567e-01
1.903333333333333144e+01,-1.885182037949562073e-02
1.906666666666666643e+01,6.246544048190116882e-02
1.910000000000000142e+01,1.080126389861106873e-01
1.913333333333333286e+01,1.195177286863327026e-01
1.916666666666666785e+01,1.378747969865798950e-01
1.919999999999999929e+01,1.564531773328781128e-01
1.923333333333333428e+01,1.433915346860885620e-01
1.926666666666666572e+01,9.322890639305114746e-02
1.930000000000000071e+01,4.706650599837303162e-02
1.933333333333333215e+01,3.844914585351943970e-02
1.936666666666666714e+01,3.328137844800949097e-02
1.939999999999999858e+01,-1.312275067903101444e-03
1.943333333333333357e+01,-3.115645237267017365e-02
1.946666666666666501e+01,-2.378523349761962891e-02
1.950000000000000000e+01,-2.052710577845573425e-02
1.953333333333333144e+01,-5.067096650600433350e-02
1.956666666666666643e+01,-7.860483974218368530e-02
1.960000000000000142e+01,-7.294044643640518188e-02
1.963333333333333286e+01,-6.767514348030090332e-02
1.966666666666666785e+01,-5.681179463863372803e-02
1.969999999999999929e+01,-1.223925594240427017e-02
1.973333333333333428e+01,2.592229656875133514e-02
1.976666666666666572e+01,2.584932744503021240e-02
1.980000000000000071e+01,3.033078461885452271e-02
1.983333333333333215e+01,7.052852213382720947e-02
1.986666666666666714e+01,1.023647561669349670e-01
1.989999999999999858e+01,9.930121898651123047e-02
1.993333333333333357e+01,6.026345118880271912e-02
1.996666666666666501e+01,2.844621799886226654e-02
2.000000000000000000e+01,3.312117606401443481e-02
2.003333333333333144e+01,7.105237990617752075e-02
2.006666666666666643e+01,1.036594137549400330e-01
2.010000000000000142e+01,9.536518156528472900e-02
2.013333333333333286e+01,6.028033420443534851e-02
2.016666666666666785e+01,3.615299612283706665e-02
2.019999999999999929e+01,4.459544643759727478e-02
2.023333333333333428e+01,4.962805286049842834e-02
2.026666666666666572e+01,1.934868469834327698e-02
2.030000000000000071e+01,-4.960114508867263794e-02
2.033333333333333215e+01,-1.159634664654731750e-01
2.036666666666666714e+01,-1.491409242153167725e-01
2.039999999999999858e+01,-1.544096022844314575e-01
2.043333333333333357e+01,-1.292798668146133423e-01
2.046666666666666501e+01,-1.132469549775123596e-01
2.050000000000000000e+01,-9.942891448736190796e-02
2.053333333333333144e+01,-5.090271309018135071e-02
2.056666666666666643e+01,-4.880305845290422440e-03
2.060000000000000142e+01,6.180641241371631622e-03
2.063333333333333286e+01,1.830744743347167969e-02
2.066666666666666785e+01,3.448894619941711426e-02
2.069999999999999929e+01,6.340532004833221436e-02
2.073333333333333428e+01,8.765078336000442505e-02
2.076666666666666572e+01,7.804110646247863770e-02
2.080000000000000071e+01,3.709021955728530884e-02
2.083333333333333215e+01,2.091818721964955330e-03
2.086666666666666714e+01,5.608064588159322739e-03
2.089999999999999858e+01,2.143787778913974762e-02
2.093333333333333357e+01,7.016588002443313599e-03
2.096666666666666501e+01,-8.688234724104404449e-03
2.100000000000000000e+01,-2.526800148189067841e-02
2.103333333333333144e+01,-7.385024428367614746e-02
2.106666666666666643e+01,-1.154865249991416931e-01
2.110000000000000142e+01,-1.190921589732170105e-01
2.113333333333333286e+01,-8.424326777458190918e-02
2.116666666666666785e+01,-5.320318415760993958e-02
2.119999999999999929e+01,-1.689169183373451233e-02
2.123333333333333428e+01,1.566869392991065979e-02
2.126666666666666572e+01,7.178351283073425293e-03
2.130000000000000071e+01,-3.612342756241559982e-03
2.133333333333333215e+01,-4.775687120854854584e-04
2.136666666666666714e+01,-2.233089879155158997e-03
2.139999999999999858e+01,9.266681037843227386e-03
2.143333333333333357e+01,1.466548256576061249e-02
2.146666666666666501e+01,2.146646566689014435e-02
2.150000000000000000e+01,6.122544780373573303e-02
2.153333333333333144e+01,9.741687029600143433e-02
2.156666666666666643e+01,9.812438488006591797e-02
2.160000000000000142e+01,6.498369574546813965e-02
2.163333333333333286e+01,3.649689629673957825e-02
2.166666666666666785e+01,4.310499131679534912e-02
2.169999999999999929e+01,4.471598565578460693e-02
2.173333333333333428e+01,9.163612499833106995e-03
2.176666666666666572e+01,-2.522105164825916290e-02
2.180000000000000071e+01,-2.490545623004436493e-02
2.183333333333333215e+01,-3.002630174160003662e-02
2.186666666666666714e+01,-3.319976851344108582e-02
2.189999999999999858e+01,-1.057278714142739773e-03
2.193333333333333357e+01,2.987192757427692413e-02
2.196666666666666501e+01,2.435762993991374969e-02
2.200000000000000000e+01,-1.438478380441665649e-02
2.203333333333333144e+01,-4.633622244000434875e-02
2.206666666666666643e+01,-7.406324893236160278e-02
2.210000000000000142e+01,-8.185253292322158813e-02
2.213333333333333286e+01,-4.783976078033447266e-02
2.216666666666666785e+01,-1.618282869458198547e-02
2.219999999999999929e+01,-1.546931173652410507e-02
2.223333333333333428e+01,-4.254115745425224304e-02
2.226666666666666572e+01,-6.251164525747299194e-02
2.230000000000000071e+01,-5.074684321880340576e-02
2.233333333333333215e+01,-3.184434957802295685e-03
2.236666666666666714e+01,3.378488868474960327e-02
2.239999999999999858e+01,3.106239624321460724e-02
2.243333333333333357e+01,3.107617050409317017e-02
2.246666666666666501e+01,6.116195395588874817e-02
2.250000000000000000e+01,8.720013499259948730e-02
2.253333333333333144e+01,7.817599177360534668e-02
2.256666666666666643e+01,4.048124700784683228e-02
2.260000000000000142e+01,7.968046702444553375e-03
2.263333333333333286e+01,5.678344983607530594e-03
2.266666666666666785e+01,-1.471341587603092194e-03
2.269999999999999929e+01,-2.415266446769237518e-02
2.273333333333333428e+01,-3.127801418304443359e-02
2.276666666666666572e+01,-4.877611994743347168e-02
2.280000000000000071e+01,-6.711039692163467407e-02
2.283333333333333215e+01,-5.291014909744262695e-02
2.286666666666666714e+01,-3.246083855628967285e-02
2.289999999999999858e+01,-2.211172319948673248e-02
2.293333333333333357e+01,2.790708385873585939e-04
2.296666666666666501e+01,1.252429932355880737e-02
2.300000000000000000e+01,-6.073349621146917343e-03
2.303333333333333144e+01,-1.474614534527063370e-02
2.306666666666666643e+01,1.203372422605752945e-02
2.310000000000000142e+01,7.272697985172271729e-02
2.313333333333333286e+01,1.370935738086700439e-01
2.316666666666666785e+01,1.702561229467391968e-01
2.319999999999999929e+01,1.648968905210494995e-01
2.323333333333333428e+01,1.221331804990768433e-01
2.326666666666666572e+01,4.274610802531242371e-02
2.330000000000000071e+01,-3.397194668650627136e-02
2.333333333333333215e+01,-7.730322331190109253e-02
2.336666666666666714e+01,-8.846137672662734985e-02
2.339999999999999858e+01,-6.309750676155090332e-02
2.343333333333333357e+01,-3.899995237588882446e-02
2.346666666666666501e+01,-5.059653148055076599e-02
2.350000000000000000e+01,-5.807385593652725220e-02
2.353333333333333144e+01,-2.773149497807025909e-02
2.356666666666666643e+01,4.081689286977052689e-03
2.360000000000000142e+01,4.506232682615518570e-03
2.363333333333333286e+01,-2.840455435216426849e-02
2.366666666666666785e+01,-5.369170010089874268e-02
2.369999999999999929e+01,-3.931663557887077332e-02
2.373333333333333428e+01,-1.173274405300617218e-02
2.376666666666666572e+01,-1.080748741514980793e-03
2.380000000000000071e+01,-1.883634738624095917e-02
2.383333333333333215e+01,-3.131276369094848633e-02
2.386666666666666714e+01,-8.699262514710426331e-03
2.389999999999999858e+01,1.374135166406631470e-02
2.393333333333333357e+01,-4.732328525278717279e-04
2.396666666666666501e+01,-1.571853086352348328e-02
2.400000000000000000e+01,2.080907812342047691e-03
2.403333333333333144e+01,5.339778959751129150e-02
2.406666666666666643e+01,9.889665991067886353e-02
2.410000000000000142e+01,1.079205572605133057e-01
2.413333333333333286e+01,8.223675191402435303e-02
2.416666666666666785e+01,6.271547824144363403e-02
2.419999999999999929e+01,3.492404147982597351e-02
2.423333333333333428e+01,-3.104555979371070862e-02
2.426666666666666572e+01,-9.480506181716918945e-02
2.430000000000000071e+01,-1.237469315528869629e-01
2.433333333333333215e+01,-1.153883412480354309e-01
2.436666666666666714e+01,-7.473921775817871094e-02
2.439999999999999858e+01,-4.226211085915565491e-02
2.443333333333333357e+01,-4.822830855846405029e-02
2.446666666666666501e+01,-5.066811293363571167e-02
2.450000000000000000e+01,-2.139255777001380920e-02
2.453333333333333144e+01,-1.333609921857714653e-03
2.456666666666666643e+01,-2.050008811056613922e-02
2.460000000000000142e+01,-3.388453647494316101e-02
2.463333333333333286e+01,-1.493477541953325272e-02
2.466666666666666785e+01,3.035473078489303589e-02
2.469999999999999929e+01,7.016502320766448975e-02
2.473333333333333428e+01,7.475486397743225098e-02
2.476666666666666572e+01,7.811378687620162964e-02
2.480000000000000071e+01,8.752297610044479370e-02
2.483333333333333215e+01,7.040940970182418823e-02
2.486666666666666714e+01,1.795629411935806274e-02
2.489999999999999858e+01,-2.626214362680912018e-02
2.493333333333333357e+01,-3.438814356923103333e-02
2.496666666666666501e+01,-3.194287652149796486e-03
2.500000000000000000e+01,3.090518526732921600e-02
2.503333333333333144e+01,3.319485113024711609e-02
2.506666666666666643e+01,3.981761634349822998e-02
2.510000000000000142e+01,4.044540971517562866e-02
2.513333333333333286e+01,4.369672015309333801e-02
2.516666666666666785e+01,4.028758779168128967e-02
2.519999999999999929e+01,-1.971991965547204018e-03
2.523333333333333428e+01,-4.345108941197395325e-02
2.526666666666666572e+01,-5.228350311517715454e-02
2.530000000000000071e+01,-2.824274264276027679e-02
2.533333333333333215e+01,-4.967738408595323563e-03
2.536666666666666714e+01,-1.359962858259677887e-02
2.539999999999999858e+01,-1.614000834524631500e-02
2.543333333333333357e+01,1.515988446772098541e-02
2.546666666666666501e+01,7.398159056901931763e-02
2.550000000000000000e+01,1.255093961954116821e-01
2.553333333333333144e+01,1.456296890974044800e-01
2.556666666666666643e+01,1.335754245519638062e-01
2.560000000000000142e+01,8.705016970634460449e-02
2.563333333333333286e+01,4.870112240314483643e-02
2.566666666666666785e+01,1.277740113437175751e-02
2.569999999999999929e+01,-5.373547971248626709e-02
2.573333333333333428e+01,-1.199903711676597595e-01
2.576666666666666572e+01,-1.544478088617324829e-01
2.580000000000000071e+01,-1.563230901956558228e-01
2.583333333333333215e+01,-1.262883841991424561e-01
2.586666666666666714e+01,-1.012742668390274048e-01
2.589999999999999858e+01,-1.069308444857597351e-01
2.593333333333333357e+01,-1.102132946252822876e-01
2.596666666666666501e+01,-8.827806264162063599e-02
2.600000000000000000e+01,-4.186356067657470703e-02
2.603333333333333144e+01,-6.485134828835725784e-03
2.606666666666666643e+01,-8.642157539725303650e-03
2.609999999999999787e+01,-1.973786018788814545e-02
2.613333333333333286e+01,-9.962054900825023651e-03
2.616666666666666785e+01,-8.162752725183963776e-03
2.619999999999999929e+01,-4.457478877156972885e-03
2.623333333333333428e+01,3.060806915163993835e-02
2.626666666666666572e+01,6.194361299276351929e-02
2.630000000000000071e+01,6.177389249205589294e-02
2.633333333333333215e+01,2.712384983897209167e-02
2.636666666666666714e+01,-3.256800118833780289e-03
2.639999999999999858e+01,5.060971016064286232e-04
2.643333333333333357e+01,2.636329829692840576e-02
2.646666666666666501e+01,3.865809366106987000e-02
2.650000000000000000e+01,1.815061084926128387e-02
2.653333333333333144e+01,6.597667234018445015e-04
2.656666666666666643e+01,1.121182274073362350e-02
2.659999999999999787e+01,2.701979130506515503e-02
2.663333333333333286e+01,1.791016943752765656e-02
2.666666666666666785e+01,-2.683001942932605743e-02
2.669999999999999929e+01,-6.997605413198471069e-02
2.673333333333333428e+01,-7.597678154706954956e-02
2.676666666666666572e+01,-4.282857105135917664e-02
2.680000000000000071e+01,-1.603296026587486267e-02
2.683333333333333215e+01,-2.551880478858947754e-02
2.686666666666666714e+01,-3.074027225375175476e-02
2.689999999999999858e+01,-4.317827988415956497e-03
2.693333333333333357e+01,1.684066280722618103e-02
2.696666666666666501e+01,4.178970586508512497e-03
2.700000000000000000e+01,-1.529046334326267242e-03
2.703333333333333144e+01,2.985844947397708893e-02
2.706666666666666643e+01,6.287278234958648682e-02
2.709999999999999787e+01,7.045856118202209473e-02
2.713333333333333286e+01,4.137406870722770691e-02
2.716666666666666785e+01,1.146772317588329315e-02
2.719999999999999929e+01,1.284843496978282928e-02
2.723333333333333428e+01,4.688476398587226868e-02
2.726666666666666572e+01,7.606197148561477661e-02
2.730000000000000071e+01,7.167112827301025391e-02
2.733333333333333215e+01,3.605520352721214294e-02
2.736666666666666714e+01,1.473755342885851860e-03
2.739999999999999858e+01,3.606993006542325020e-03
2.743333333333333357e+01,4.291126877069473267e-02
2.746666666666666501e+01,7.485831528902053833e-02
2.750000000000000000e+01,7.160735130310058594e-02
2.753333333333333144e+01,3.636733070015907288e-02
2.756666666666666643e+01,6.856613326817750931e-03
2.759999999999999787e+01,1.390268839895725250e-02
2.763333333333333286e+01,1.268464606255292892e-02
2.766666666666666785e+01,-2.727526985108852386e-02
2.769999999999999929e+01,-6.332448124885559082e-02
2.773333333333333428e+01,-6.721609085798263550e-02
2.776666666666666572e+01,-7.531306147575378418e-02
2.780000000000000071e+01,-9.249273687601089478e-02
2.783333333333333215e+01,-8.800528943538665771e-02
2.786666666666666714e+01,-4.603726044297218323e-02
2.789999999999999858e+01,1.657493598759174347e-02
2.793333333333333357e+01,6.472083181142807007e-02
2.796666666666666501e+01,7.738129049539566040e-02
2.800000000000000000e+01,8.554319292306900024e-02
2.803333333333333144e+01,8.240019530057907104e-02
2.806666666666666643e+01,4.225376993417739868e-02
2.809999999999999787e+01,5.919716786593198776e-03
2.813333333333333286e+01,7.996185682713985443e-03
2.816666666666666785e+01,9.419920854270458221e-03
2.819999999999999929e+01,-2.189176715910434723e-02
2.823333333333333428e+01,-8.645182102918624878e-02
2.826666666666666572e+01,-1.461336761713027954e-01
2.830000000000000071e+01,-1.694993525743484497e-01
2.833333333333333215e+01,-1.545709371566772461e-01
2.836666666666666714e+01,-1.049958765506744385e-01
2.839999999999999858e+01,-6.380707770586013794e-02
2.843333333333333357e+01,-5.988547205924987793e-02
2.846666666666666501e+01,-5.118798837065696716e-02
2.850000000000000000e+01,-3.826052695512771606e-02
2.853333333333333144e+01,-1.613878272473812103e-02
2.856666666666666643e+01,-2.152518369257450104e-03
2.859999999999999787e+01,-2.649301849305629730e-02
2.863333333333333286e+01,-4.896039888262748718e-02
2.866666666666666785e+01,-3.862914815545082092e-02
2.869999999999999929e+01,6.215625442564487457e-03
2.873333333333333428e+01,8.306390047073364258e-02
2.876666666666666572e+01,1.515145897865295410e-01
2.880000000000000071e+01,1.818939745426177979e-01
2.883333333333333215e+01,1.830318719148635864e-01
2.886666666666666714e+01,1.492946445941925049e-01
2.889999999999999858e+01,7.963047921657562256e-02
2.893333333333333357e+01,1.824031397700309753e-02
2.896666666666666501e+01,-6.574875675141811371e-03
2.900000000000000000e+01,5.985990166664123535e-03
2.903333333333333144e+01,1.698667556047439575e-02
2.906666666666666643e+01,3.132761269807815552e-02
2.909999999999999787e+01,3.704444691538810730e-02
2.913333333333333286e+01,9.091330692172050476e-03
2.916666666666666785e+01,-1.481608580797910690e-02
2.919999999999999929e+01,-7.826449349522590637e-03
2.923333333333333428e+01,-9.652373380959033966e-03
2.926666666666666572e+01,-4.541496559977531433e-02
2.930000000000000071e+01,-7.783729583024978638e-02
2.933333333333333215e+01,-7.146233320236206055e-02
2.936666666666666714e+01,-6.610656529664993286e-02
2.939999999999999858e+01,-6.009020656347274780e-02
2.943333333333333357e+01,-2.057486586272716522e-02
2.946666666666666501e+01,1.586283743381500244e-02
2.950000000000000000e+01,1.731231622397899628e-02
2.953333333333333144e+01,1.402601785957813263e-02
2.956666666666666643e+01,1.858338480815291405e-03
2.959999999999999787e+01,-6.358392536640167236e-03
2.963333333333333286e+01,2.125556580722332001e-02
2.966666666666666785e+01,4.727803170680999756e-02
2.969999999999999929e+01,4.029947146773338318e-02
2.973333333333333428e+01,3.725610300898551941e-02
2.976666666666666572e+01,2.794123254716396332e-02
2.980000000000000071e+01,4.766566678881645203e-03
2.983333333333333215e+01,-3.611786291003227234e-02
2.986666666666666714e+01,-7.362189888954162598e-02
2.989999999999999858e+01,-7.511470466852188110e-02
2.993333333333333357e+01,-4.145272821187973022e-02
2.996666666666666501e+01,-1.859494484961032867e-02
3.000000000000000000e+01,-3.006516210734844208e-02
3.003333333333333144e+01,-3.334862738847732544e-02
3.006666666666666643e+01,-3.526112297549843788e-03
3.009999999999999787e+01,2.082803286612033844e-02
3.013333333333333286e+01,4.655893146991729736e-02
3.016666666666666785e+01,6.385263800621032715e-02
3.019999999999999929e+01,4.686627164483070374e-02
3.023333333333333428e+01,-3.544849809259176254e-03
3.026666666666666572e+01,-5.002924799919128418e-02
3.030000000000000071e+01,-6.093130260705947876e-02
3.033333333333333215e+01,-3.675697371363639832e-02
3.036666666666666714e+01,-1.506986469030380249e-02
3.039999999999999858e+01,-2.897893637418746948e-02
3.043333333333333357e+01,-3.834651038050651550e-02
3.046666666666666501e+01,-1.456386037170886993e-02
3.050000000000000000e+01,1.434261677786707878e-03
3.053333333333333144e+01,-1.845479942858219147e-02
3.056666666666666643e+01,-3.105535730719566345e-02
3.059999999999999787e+01,-9.131358005106449127e-03
3.063333333333333286e+01,1.326667796820402145e-02
3.066666666666666785e+01,3.279573470354080200e-02
3.069999999999999929e+01,3.685404360294342041e-02
3.073333333333333428e+01,1.780483126640319824e-02
3.076666666666666572e+01,7.605880033224821091e-03
3.080000000000000071e+01,2.935351803898811340e-02
3.083333333333333215e+01,4.650055617094039917e-02
3.086666666666666714e+01,3.961183875799179077e-02
3.089999999999999858e+01,5.423856433480978012e-03
3.093333333333333357e+01,-2.631442062556743622e-02
3.096666666666666501e+01,-3.704589232802391052e-02
3.100000000000000000e+01,-2.368360385298728943e-02
3.103333333333333144e+01,-1.639534048081259243e-06
3.106666666666666643e+01,3.819604590535163879e-02
3.109999999999999787e+01,7.372450083494186401e-02
3.113333333333333286e+01,7.428912818431854248e-02
3.116666666666666785e+01,3.455341979861259460e-02
3.119999999999999929e+01,1.532670867163687944e-04
3.123333333333333428e+01,3.094074083492159843e-03
3.126666666666666572e+01,3.965596109628677368e-02
3.130000000000000071e+01,7.157047092914581299e-02
3.133333333333333215e+01,6.955184787511825562e-02
3.136666666666666714e+01,3.364584222435951233e-02
3.139999999999999858e+01,-2.469207393005490303e-04
3.143333333333333357e+01,4.274093545973300934e-03
3.146666666666666501e+01,6.468085572123527527e-03
3.150000000000000000e+01,-2.925627678632736206e-02
3.153333333333333144e+01,-6.083143502473831177e-02
3.156666666666666643e+01,-5.452119186520576477e-02
3.159999999999999787e+01,-2.660082280635833740e-02
3.163333333333333286e+01,-1.638560928404331207e-02
3.166666666666666785e+01,-4.183563962578773499e-02
3.169999999999999929e+01,-9.909798949956893921e-02
3.173333333333333428e+01,-1.497458815574645996e-01
3.176666666666666572e+01,-1.599265038967132568e-01
3.180000000000000071e+01,-1.341250389814376831e-01
3.183333333333333215e+01,-7.557469606399536133e-02
3.186666666666666714e+01,-2.166028134524822235e-02
3.189999999999999858e+01,-1.630882848985493183e-03
3.193333333333333357e+01,2.027255110442638397e-02
3.196666666666666501e+01,3.276273980736732483e-02
