0.000000000000000000e+00,1.123038291931152344e+00
3.333333333333333287e-02,2.782572060823440552e-02
6.666666666666666574e-02,-5.503098368644714355e-01
1.000000000000000056e-01,5.007513761520385742e-01
1.333333333333333315e-01,-5.732482671737670898e-01
1.666666666666666574e-01,-1.005376502871513367e-01
2.000000000000000111e-01,1.096310138702392578e+00
2.333333333333333370e-01,1.220122873783111572e-01
2.666666666666666630e-01,-1.167628765106201172e+00
2.999999999999999889e-01,-9.189885258674621582e-01
3.333333333333333148e-01,1.285023242235183716e-01
3.666666666666666408e-01,1.281550228595733643e-01
4.000000000000000222e-01,1.405718445777893066e+00
4.333333333333333481e-01,4.259070754051208496e-01
4.666666666666666741e-01,-6.244889497756958008e-01
5.000000000000000000e-01,-6.290652751922607422e-01
5.333333333333333259e-01,5.233477354049682617e-01
5.666666666666666519e-01,-4.273851215839385986e-01
5.999999999999999778e-01,-5.060672163963317871e-01
6.333333333333333037e-01,3.883610665798187256e-01
6.666666666666666297e-01,-8.216360211372375488e-01
6.999999999999999556e-01,1.653110980987548828e-01
7.333333333333332815e-01,1.275910735130310059e+00
7.666666666666666075e-01,3.610816597938537598e-01
8.000000000000000444e-01,-5.046676993370056152e-01
8.333333333333333703e-01,-1.471327662467956543e+00
8.666666666666666963e-01,-3.736074566841125488e-01
9.000000000000000222e-01,8.606445193290710449e-01
9.333333333333333481e-01,-5.920228548347949982e-03
9.666666666666666741e-01,-1.060660243034362793e+00
1.000000000000000000e+00,-1.010827869176864624e-01
1.033333333333333215e+00,1.132440447807312012e+00
1.066666666666666652e+00,2.010471820831298828e-01
1.100000000000000089e+00,-7.006695866584777832e-01
1.133333333333333304e+00,3.524671494960784912e-01
1.166666666666666741e+00,-9.858521632850170135e-03
1.199999999999999956e+00,-1.348702430725097656e+00
1.233333333333333393e+00,-2.329110056161880493e-01
1.266666666666666607e+00,9.069552421569824219e-01
1.300000000000000044e+00,-3.998575508594512939e-01
1.333333333333333259e+00,4.286777079105377197e-01
1.366666666666666696e+00,1.491874694824218750e+00
1.399999999999999911e+00,4.797257184982299805e-01
1.433333333333333348e+00,-2.627644538879394531e-01
1.466666666666666563e+00,-9.605458378791809082e-01
1.500000000000000000e+00,-1.455387324094772339e-01
1.533333333333333215e+00,1.110309243202209473e+00
1.566666666666666652e+00,3.029992580413818359e-01
1.600000000000000089e+00,-9.171965718269348145e-01
1.633333333333333304e+00,1.306431647390127182e-02
1.666666666666666741e+00,9.555229544639587402e-01
1.699999999999999956e+00,1.747835576534271240e-01
1.733333333333333393e+00,-5.384290218353271484e-01
1.766666666666666607e+00,-4.140307009220123291e-01
1.800000000000000044e+00,4.126785695552825928e-01
1.833333333333333259e+00,1.003721952438354492e+00
1.866666666666666696e+00,2.176656872034072876e-01
1.899999999999999911e+00,-5.342730879783630371e-01
1.933333333333333348e+00,-1.667189836502075195e+00
1.966666666666666563e+00,-9.386856555938720703e-01
2.000000000000000000e+00,3.870957791805267334e-01
2.033333333333333215e+00,-3.569685816764831543e-01
2.066666666666666430e+00,4.298290312290191650e-01
2.100000000000000089e+00,1.029561519622802734e+00
2.133333333333333304e+00,-4.618727266788482666e-01
2.166666666666666519e+00,-1.208856225013732910e+00
2.200000000000000178e+00,5.517050251364707947e-02
2.233333333333333393e+00,1.194174647331237793e+00
2.266666666666666607e+00,-1.299912184476852417e-01
2.299999999999999822e+00,-1.140295267105102539e+00
2.333333333333333481e+00,1.182450875639915466e-01
2.366666666666666696e+00,1.613383531570434570e+00
2.399999999999999911e+00,3.402229547500610352e-01
2.433333333333333126e+00,-7.600189447402954102e-01
2.466666666666666785e+00,5.461784005165100098e-01
2.500000000000000000e+00,1.815001249313354492e+00
2.533333333333333215e+00,4.009631276130676270e-01
2.566666666666666430e+00,-6.731386780738830566e-01
2.600000000000000089e+00,-1.824565887451171875e+00
2.633333333333333304e+00,-3.725362718105316162e-01
2.666666666666666519e+00,1.237169742584228516e+00
2.700000000000000178e+00,4.952355623245239258e-01
2.733333333333333393e+00,-7.490038275718688965e-01
2.766666666666666607e+00,-1.195931792259216309e+00
2.799999999999999822e+00,-7.410357594490051270e-01
2.833333333333333481e+00,6.407511830329895020e-01
2.866666666666666696e+00,4.521933943033218384e-02
2.899999999999999911e+00,-6.913790702819824219e-01
2.933333333333333126e+00,-1.863976418972015381e-01
2.966666666666666785e+00,1.065447211265563965e+00
3.000000000000000000e+00,4.549995958805084229e-01
3.033333333333333215e+00,-1.048465609550476074e+00
3.066666666666666430e+00,-5.525833964347839355e-01
3.100000000000000089e+00,6.616622805595397949e-01
3.133333333333333304e+00,4.146525263786315918e-02
3.166666666666666519e+00,6.091521382331848145e-01
3.200000000000000178e+00,-8.782017827033996582e-01
3.233333333333333393e+00,1.868035942316055298e-01
3.266666666666666607e+00,1.187544584274291992e+00
3.299999999999999822e+00,6.890881657600402832e-01
3.333333333333333481e+00,-6.769837737083435059e-01
3.366666666666666696e+00,-1.208993077278137207e+00
3.399999999999999911e+00,-6.426240205764770508e-01
3.433333333333333126e+00,7.637807130813598633e-01
3.466666666666666785e+00,2.488423883914947510e-01
3.500000000000000000e+00,4.067488908767700195e-01
3.533333333333333215e+00,-8.823575973510742188e-01
3.566666666666666430e+00,-4.954107701778411865e-01
3.600000000000000089e+00,9.414423704147338867e-01
3.633333333333333304e+00,5.089973807334899902e-01
3.666666666666666519e+00,9.171726703643798828e-01
3.699999999999999734e+00,-8.319851756095886230e-01
3.733333333333333393e+00,-3.689723312854766846e-01
3.766666666666666607e+00,1.007869839668273926e+00
3.799999999999999822e+00,5.010328888893127441e-01
3.833333333333333481e+00,-6.707728505134582520e-01
3.866666666666666696e+00,-9.481378197669982910e-01
3.899999999999999911e+00,1.444909125566482544e-01
3.933333333333333126e+00,6.125184893608093262e-01
3.966666666666666785e+00,-2.992519736289978027e-02
4.000000000000000000e+00,-1.366912841796875000e+00
4.033333333333333215e+00,-4.142038896679878235e-02
4.066666666666666430e+00,1.227433085441589355e+00
4.099999999999999645e+00,8.012934327125549316e-01
4.133333333333332860e+00,-7.543236613273620605e-01
4.166666666666666963e+00,-3.392138779163360596e-01
4.200000000000000178e+00,1.020891070365905762e+00
4.233333333333333393e+00,-3.806174993515014648e-01
4.266666666666666607e+00,-7.138428092002868652e-01
4.299999999999999822e+00,-2.451186925172805786e-01
4.333333333333333037e+00,1.612961143255233765e-01
4.366666666666666252e+00,5.716823339462280273e-01
4.400000000000000355e+00,-8.247247338294982910e-01
4.433333333333333570e+00,-1.285600662231445312e+00
4.466666666666666785e+00,1.480741351842880249e-01
4.500000000000000000e+00,1.587797880172729492e+00
4.533333333333333215e+00,1.186871528625488281e+00
4.566666666666666430e+00,3.871548473834991455e-01
4.599999999999999645e+00,1.758157610893249512e-01
4.633333333333332860e+00,-1.752071380615234375e+00
4.666666666666666963e+00,-1.391863107681274414e+00
4.700000000000000178e+00,3.694647550582885742e-02
4.733333333333333393e+00,1.164530158042907715e+00
4.766666666666666607e+00,7.356646060943603516e-01
4.799999999999999822e+00,-5.950620770454406738e-01
4.833333333333333037e+00,-1.257606595754623413e-01
4.866666666666666252e+00,1.466658592224121094e+00
4.900000000000000355e+00,6.960736215114593506e-02
4.933333333333333570e+00,-2.982397377490997314e-01
4.966666666666666785e+00,-1.829853534698486328e+00
5.000000000000000000e+00,-2.874920666217803955e-01
5.033333333333333215e+00,9.206982702016830444e-02
5.066666666666666430e+00,-3.107777982950210571e-02
5.099999999999999645e+00,-4.258882105350494385e-01
5.133333333333332860e+00,-7.482570409774780273e-01
5.166666666666666963e+00,-3.678838610649108887e-01
5.200000000000000178e+00,-3.685440495610237122e-02
5.233333333333333393e+00,1.374870777130126953e+00
5.266666666666666607e+00,1.102306008338928223e+00
5.299999999999999822e+00,-7.687231302261352539e-01
5.333333333333333037e+00,-4.989340901374816895e-01
5.366666666666666252e+00,8.475151062011718750e-01
5.400000000000000355e+00,2.298501729965209961e+00
5.433333333333333570e+00,2.062218904495239258e+00
5.466666666666666785e+00,5.789871215820312500e-01
5.500000000000000000e+00,-7.282466888427734375e-01
5.533333333333333215e+00,-5.372492074966430664e-01
5.566666666666666430e+00,-1.371568441390991211e+00
5.599999999999999645e+00,-7.950485348701477051e-01
5.633333333333332860e+00,-1.113457679748535156e+00
5.666666666666666963e+00,-4.488326311111450195e-01
5.700000000000000178e+00,-6.489552855491638184e-01
5.733333333333333393e+00,-2.486089318990707397e-01
5.766666666666666607e+00,-4.171314835548400879e-02
5.799999999999999822e+00,-3.573137521743774414e-01
5.833333333333333037e+00,-5.997314453125000000e-01
5.866666666666666252e+00,-2.899050414562225342e-01
5.900000000000000355e+00,9.761894345283508301e-01
5.933333333333333570e+00,-1.557219177484512329e-01
5.966666666666666785e+00,9.930367767810821533e-02
6.000000000000000000e+00,1.714557886123657227e+00
6.033333333333333215e+00,1.112816691398620605e+00
6.066666666666666430e+00,-1.761014014482498169e-01
6.099999999999999645e+00,1.736323535442352295e-01
6.133333333333332860e+00,-6.329622268676757812e-01
6.166666666666666963e+00,-2.767260074615478516e-01
6.200000000000000178e+00,8.863586783409118652e-01
6.233333333333333393e+00,-4.187606871128082275e-01
6.266666666666666607e+00,3.620650172233581543e-01
6.299999999999999822e+00,-1.084113121032714844e+00
6.333333333333333037e+00,-8.070700168609619141e-01
6.366666666666666252e+00,6.260397434234619141e-01
6.400000000000000355e+00,3.535675406455993652e-01
6.433333333333333570e+00,-8.838461637496948242e-01
6.466666666666666785e+00,-5.745490789413452148e-01
6.500000000000000000e+00,-3.092075586318969727e-01
6.533333333333333215e+00,-4.936634004116058350e-01
6.566666666666666430e+00,-8.243666887283325195e-01
6.599999999999999645e+00,4.241510927677154541e-01
6.633333333333332860e+00,1.983243703842163086e+00
6.666666666666666963e+00,1.408100962638854980e+00
6.700000000000000178e+00,3.562315553426742554e-02
6.733333333333333393e+00,-1.359444022178649902e+00
6.766666666666666607e+00,-1.064901113510131836e+00
6.799999999999999822e+00,5.552449077367782593e-02
6.833333333333333037e+00,-2.773050665855407715e-01
6.866666666666666252e+00,-5.508800148963928223e-01
6.899999999999999467e+00,1.198846936225891113e+00
6.933333333333333570e+00,1.408230662345886230e+00
6.966666666666666785e+00,1.638546884059906006e-01
7.000000000000000000e+00,-6.777130365371704102e-01
7.033333333333333215e+00,8.246957063674926758e-01
7.066666666666666430e+00,1.335395455360412598e+00
7.099999999999999645e+00,1.376267075538635254e-01
7.133333333333332860e+00,-4.468712210655212402e-02
7.166666666666666963e+00,-1.665853857994079590e+00
7.200000000000000178e+00,-3.127722740173339844e-01
7.233333333333333393e+00,9.677345156669616699e-01
7.266666666666666607e+00,5.595023036003112793e-01
7.299999999999999822e+00,-2.905036807060241699e-01
7.333333333333333037e+00,-1.285019755363464355e+00
7.366666666666666252e+00,9.033700823783874512e-02
7.399999999999999467e+00,2.056298255920410156e-01
7.433333333333333570e+00,-1.316441297531127930e+00
7.466666666666666785e+00,3.322424739599227905e-02
7.500000000000000000e+00,-1.008419394493103027e-01
7.533333333333333215e+00,1.631612777709960938e+00
7.566666666666666430e+00,1.614654809236526489e-01
7.599999999999999645e+00,-8.599113821983337402e-01
7.633333333333332860e+00,-7.408272027969360352e-01
7.666666666666666963e+00,9.939607381820678711e-01
7.700000000000000178e+00,9.371576905250549316e-01
7.733333333333333393e+00,1.332016587257385254e-01
7.766666666666666607e+00,-1.182249903678894043e+00
7.799999999999999822e+00,-2.924498021602630615e-01
7.833333333333333037e+00,1.093128919601440430e+00
7.866666666666666252e+00,5.610895156860351562e-01
7.899999999999999467e+00,-6.875458955764770508e-01
7.933333333333333570e+00,9.080995917320251465e-01
7.966666666666666785e+00,8.467351198196411133e-01
8.000000000000000000e+00,-4.704344272613525391e-01
8.033333333333333215e+00,-1.742042899131774902e+00
8.066666666666666430e+00,6.651331484317779541e-02
8.099999999999999645e+00,-1.193210601806640625e+00
8.133333333333332860e+00,-1.121426105499267578e+00
8.166666666666666075e+00,3.170812427997589111e-01
8.199999999999999289e+00,5.896835923194885254e-01
8.233333333333332504e+00,-6.806603670120239258e-01
8.266666666666665719e+00,-3.466666638851165771e-01
8.300000000000000711e+00,1.161835193634033203e+00
8.333333333333333925e+00,1.111422657966613770e+00
8.366666666666667140e+00,4.827474653720855713e-01
8.400000000000000355e+00,5.004280209541320801e-01
8.433333333333333570e+00,6.088421940803527832e-01
8.466666666666666785e+00,5.636107325553894043e-01
8.500000000000000000e+00,-4.640944302082061768e-01
8.533333333333333215e+00,-1.477619409561157227e+00
8.566666666666666430e+00,-1.597770333290100098e+00
8.599999999999999645e+00,7.831656932830810547e-02
8.633333333333332860e+00,1.007701978087425232e-01
8.666666666666666075e+00,1.641848385334014893e-01
8.699999999999999289e+00,4.353725612163543701e-01
8.733333333333332504e+00,-9.907791614532470703e-01
8.766666666666665719e+00,-1.150309085845947266e+00
8.800000000000000711e+00,-1.291051149368286133e+00
8.833333333333333925e+00,2.077428251504898071e-01
8.866666666666667140e+00,1.859743237495422363e+00
8.900000000000000355e+00,2.155671834945678711e+00
8.933333333333333570e+00,2.617564916610717773e+00
8.966666666666666785e+00,9.936484694480895996e-01
9.000000000000000000e+00,6.385741233825683594e-01
9.033333333333333215e+00,-6.113745570182800293e-01
9.066666666666666430e+00,-1.048541784286499023e+00
9.099999999999999645e+00,-1.401213407516479492e+00
9.133333333333332860e+00,5.992273986339569092e-02
9.166666666666666075e+00,3.401174247264862061e-01
9.199999999999999289e+00,-1.301371902227401733e-01
9.233333333333332504e+00,-1.302792072296142578e+00
9.266666666666665719e+00,-2.515402317047119141e+00
9.300000000000000711e+00,-2.378963708877563477e+00
9.333333333333333925e+00,-6.922176480293273926e-01
9.366666666666667140e+00,1.009038805961608887e+00
9.400000000000000355e+00,6.381882429122924805e-01
9.433333333333333570e+00,9.590001702308654785e-01
9.466666666666666785e+00,-6.248431205749511719e-01
9.500000000000000000e+00,9.516924023628234863e-01
9.533333333333333215e+00,1.264041423797607422e+00
9.566666666666666430e+00,9.921134710311889648e-01
9.599999999999999645e+00,1.290715694427490234e+00
9.633333333333332860e+00,-3.777038753032684326e-01
9.666666666666666075e+00,-7.464203238487243652e-01
9.699999999999999289e+00,9.439535140991210938e-01
9.733333333333332504e+00,1.254430055618286133e+00
9.766666666666665719e+00,-1.650666445493698120e-01
9.800000000000000711e+00,-1.550422072410583496e+00
9.833333333333333925e+00,-2.369743883609771729e-01
9.866666666666667140e+00,1.319411635398864746e+00
9.900000000000000355e+00,-4.414272010326385498e-01
9.933333333333333570e+00,-1.563433885574340820e+00
9.966666666666666785e+00,-8.277530968189239502e-02
1.000000000000000000e+01,-4.516131281852722168e-01
1.003333333333333321e+01,-7.492520660161972046e-02
1.006666666666666643e+01,-5.245513319969177246e-01
1.009999999999999964e+01,-1.159907802939414978e-01
1.013333333333333286e+01,2.472312301397323608e-01
1.016666666666666607e+01,-9.237359464168548584e-02
1.019999999999999929e+01,-6.594378352165222168e-01
1.023333333333333250e+01,2.399790883064270020e-01
1.026666666666666572e+01,2.239896170794963837e-02
1.030000000000000071e+01,5.079190135002136230e-01
1.033333333333333393e+01,1.535472124814987183e-01
1.036666666666666714e+01,5.270187854766845703e-01
1.040000000000000036e+01,7.946742773056030273e-01
1.043333333333333357e+01,5.047127008438110352e-01
1.046666666666666679e+01,1.731582045555114746e+00
1.050000000000000000e+01,4.635743498802185059e-01
1.053333333333333321e+01,-1.099678993225097656e+00
1.056666666666666643e+01,-2.696382999420166016e+00
1.059999999999999964e+01,-1.338224887847900391e+00
1.063333333333333286e+01,6.954254209995269775e-02
1.066666666666666607e+01,1.671107411384582520e+00
1.069999999999999929e+01,1.629449129104614258e-01
1.073333333333333250e+01,-1.117206573486328125e+00
1.076666666666666572e+01,2.265318781137466431e-01
1.080000000000000071e+01,4.923297762870788574e-01
1.083333333333333393e+01,1.041766181588172913e-01
1.086666666666666714e+01,-1.088002920150756836e+00
1.090000000000000036e+01,-6.360337734222412109e-01
1.093333333333333357e+01,9.799963235855102539e-01
1.096666666666666679e+01,5.571136474609375000e-01
1.100000000000000000e+01,2.076712101697921753e-01
1.103333333333333321e+01,6.847645044326782227e-01
1.106666666666666643e+01,-7.911087274551391602e-01
1.109999999999999964e+01,-2.035440802574157715e-01
1.113333333333333286e+01,-6.334784030914306641e-01
1.116666666666666607e+01,-6.140480935573577881e-02
1.119999999999999929e+01,1.544412851333618164e+00
1.123333333333333250e+01,1.070226192474365234e+00
1.126666666666666572e+01,-2.755159735679626465e-01
1.130000000000000071e+01,1.310473084449768066e-01
1.133333333333333393e+01,-1.286588191986083984e+00
1.136666666666666714e+01,-3.492473363876342773e-01
1.140000000000000036e+01,8.644717335700988770e-01
1.143333333333333357e+01,-4.839639961719512939e-01
1.146666666666666679e+01,-1.819624781608581543e+00
1.150000000000000000e+01,-1.668166667222976685e-01
1.153333333333333321e+01,-6.867775321006774902e-01
1.156666666666666643e+01,5.840039998292922974e-02
1.159999999999999964e+01,1.614437460899353027e+00
1.163333333333333286e+01,1.050092697143554688e+00
1.166666666666666607e+01,2.297502905130386353e-01
1.169999999999999929e+01,7.364748716354370117e-01
1.173333333333333250e+01,-7.746315002441406250e-01
1.176666666666666572e+01,-6.734936833381652832e-01
1.180000000000000071e+01,-7.821902036666870117e-01
1.183333333333333393e+01,-1.427178859710693359e+00
1.186666666666666714e+01,-1.720656603574752808e-01
1.190000000000000036e+01,1.470861673355102539e+00
1.193333333333333357e+01,1.473885536193847656e+00
1.196666666666666679e+01,1.825992226600646973e+00
1.200000000000000000e+01,5.689292550086975098e-01
1.203333333333333321e+01,-7.048829644918441772e-02
1.206666666666666643e+01,-1.451517343521118164e+00
1.209999999999999964e+01,-7.127308249473571777e-01
1.213333333333333286e+01,-9.666675329208374023e-02
1.216666666666666607e+01,7.164237499237060547e-01
1.219999999999999929e+01,1.182478964328765869e-01
1.223333333333333250e+01,-1.260176539421081543e+00
1.226666666666666572e+01,-7.086388468742370605e-01
1.230000000000000071e+01,6.044143438339233398e-01
1.233333333333333393e+01,1.043501496315002441e-01
1.236666666666666714e+01,-1.294705867767333984e+00
1.240000000000000036e+01,-5.653569102287292480e-01
1.243333333333333357e+01,1.413145512342453003e-01
1.246666666666666679e+01,-6.239235401153564453e-01
1.250000000000000000e+01,-1.442560434341430664e+00
1.253333333333333321e+01,-7.197719812393188477e-02
1.256666666666666643e+01,1.374648213386535645e+00
1.259999999999999964e+01,2.634437084197998047e+00
1.263333333333333286e+01,1.315521240234375000e+00
1.266666666666666607e+01,1.089233830571174622e-01
1.269999999999999929e+01,-1.353304624557495117e+00
1.273333333333333250e+01,-6.968964934349060059e-01
1.276666666666666572e+01,6.240955591201782227e-01
1.280000000000000071e+01,-4.467578604817390442e-02
1.283333333333333393e+01,3.751222789287567139e-01
1.286666666666666714e+01,-6.283950209617614746e-01
1.290000000000000036e+01,-6.537235528230667114e-02
1.293333333333333357e+01,4.746278822422027588e-01
1.296666666666666679e+01,1.352843403816223145e+00
1.300000000000000000e+01,8.701293468475341797e-01
1.303333333333333321e+01,-4.829472675919532776e-02
1.306666666666666643e+01,-1.171570301055908203e+00
1.309999999999999964e+01,7.271531224250793457e-02
1.313333333333333286e+01,-6.840425133705139160e-01
1.316666666666666607e+01,7.860260456800460815e-02
1.319999999999999929e+01,-9.419837594032287598e-01
1.323333333333333250e+01,4.724120497703552246e-01
1.326666666666666572e+01,-2.791209518909454346e-01
1.329999999999999893e+01,-1.402758836746215820e+00
1.333333333333333393e+01,-7.384209632873535156e-01
1.336666666666666714e+01,6.022333502769470215e-01
1.340000000000000036e+01,1.237134262919425964e-02
1.343333333333333357e+01,1.399318099021911621e+00
1.346666666666666679e+01,1.164158061146736145e-01
1.350000000000000000e+01,-1.313579231500625610e-01
1.353333333333333321e+01,-9.512401819229125977e-01
1.356666666666666643e+01,-3.170424103736877441e-01
1.359999999999999964e+01,7.347223758697509766e-01
1.363333333333333286e+01,2.029245376586914062e+00
1.366666666666666607e+01,1.116111159324645996e+00
1.369999999999999929e+01,-1.515957862138748169e-01
1.373333333333333250e+01,-1.386422276496887207e+00
1.376666666666666572e+01,-4.895158857107162476e-02
1.379999999999999893e+01,9.389554858207702637e-01
1.383333333333333393e+01,-2.033099532127380371e-01
1.386666666666666714e+01,-1.409398317337036133e+00
1.390000000000000036e+01,-3.815915584564208984e-01
1.393333333333333357e+01,-2.531912624835968018e-01
1.396666666666666679e+01,-4.032233953475952148e-01
1.400000000000000000e+01,-1.015178203582763672e+00
1.403333333333333321e+01,2.999749481678009033e-01
1.406666666666666643e+01,-5.208027362823486328e-01
1.409999999999999964e+01,6.448305249214172363e-01
1.413333333333333286e+01,5.108992457389831543e-01
1.416666666666666607e+01,1.496273756027221680e+00
1.419999999999999929e+01,4.903208613395690918e-01
1.423333333333333250e+01,-7.073034644126892090e-01
1.426666666666666572e+01,-1.691569685935974121e+00
1.429999999999999893e+01,-6.409733295440673828e-01
1.433333333333333393e+01,4.397178888320922852e-01
1.436666666666666714e+01,1.733434081077575684e+00
1.440000000000000036e+01,5.660227537155151367e-01
1.443333333333333357e+01,-5.458260178565979004e-01
1.446666666666666679e+01,-1.550663590431213379e+00
1.450000000000000000e+01,-5.034232735633850098e-01
1.453333333333333321e+01,4.979281425476074219e-01
1.456666666666666643e+01,1.457275629043579102e+00
1.459999999999999964e+01,4.999911189079284668e-01
1.463333333333333286e+01,-8.198649883270263672e-01
1.466666666666666607e+01,-1.749247670173645020e+00
1.469999999999999929e+01,-6.273005008697509766e-01
1.473333333333333250e+01,5.087755322456359863e-01
1.476666666666666572e+01,1.520226478576660156e+00
1.479999999999999893e+01,6.058297157287597656e-01
1.483333333333333393e+01,-1.027130633592605591e-01
1.486666666666666714e+01,4.428977072238922119e-01
1.490000000000000036e+01,7.534794211387634277e-01
1.493333333333333357e+01,-2.919661104679107666e-01
1.496666666666666679e+01,-1.404980421066284180e+00
1.500000000000000000e+01,-4.655573964118957520e-01
1.503333333333333321e+01,6.116178035736083984e-01
1.506666666666666643e+01,1.571675658226013184e+00
1.509999999999999964e+01,5.576705336570739746e-01
1.513333333333333286e+01,-3.438687622547149658e-01
1.516666666666666607e+01,-1.358279466629028320e+00
1.519999999999999929e+01,-1.772829294204711914e-01
1.523333333333333250e+01,6.232850551605224609e-01
1.526666666666666572e+01,-4.795022606849670410e-01
1.529999999999999893e+01,-1.373230576515197754e+00
1.533333333333333393e+01,-2.743252813816070557e-01
1.536666666666666714e+01,8.845574259757995605e-01
1.540000000000000036e+01,-2.685357332229614258e-01
1.543333333333333357e+01,-6.994790434837341309e-01
1.546666666666666679e+01,5.308545231819152832e-01
1.550000000000000000e+01,1.518548250198364258e+00
1.553333333333333321e+01,7.908949255943298340e-01
1.556666666666666643e+01,-4.965945482254028320e-01
1.559999999999999964e+01,-1.677531003952026367e+00
1.563333333333333286e+01,-6.258615851402282715e-01
1.566666666666666607e+01,2.252429872751235962e-01
1.569999999999999929e+01,-5.293611884117126465e-01
1.573333333333333250e+01,7.767073512077331543e-01
1.576666666666666572e+01,4.034933447837829590e-01
1.579999999999999893e+01,9.552666544914245605e-01
1.583333333333333393e+01,-8.039172738790512085e-03
1.586666666666666714e+01,-1.000121474266052246e+00
1.590000000000000036e+01,-8.665945380926132202e-02
1.593333333333333357e+01,8.643890023231506348e-01
1.596666666666666679e+01,1.021175011992454529e-01
1.600000000000000000e+01,-9.008864164352416992e-01
1.603333333333333144e+01,-6.374006159603595734e-03
1.606666666666666643e+01,8.576058149337768555e-01
1.610000000000000142e+01,-6.172171235084533691e-02
1.613333333333333286e+01,-1.035050272941589355e+00
1.616666666666666785e+01,-1.910468101501464844e+00
1.619999999999999929e+01,-4.091545045375823975e-01
1.623333333333333428e+01,2.369041889905929565e-01
1.626666666666666572e+01,1.119646430015563965e+00
1.630000000000000071e+01,1.984794735908508301e+00
1.633333333333333215e+01,1.154784321784973145e+00
1.636666666666666714e+01,1.281801760196685791e-01
1.639999999999999858e+01,-1.186739802360534668e+00
1.643333333333333357e+01,-1.169653654098510742e+00
1.646666666666666501e+01,-1.307405084371566772e-01
1.650000000000000000e+01,8.260279297828674316e-01
1.653333333333333144e+01,2.017700910568237305e+00
1.656666666666666643e+01,1.041244029998779297e+00
1.660000000000000142e+01,-4.305666089057922363e-01
1.663333333333333286e+01,7.682705521583557129e-01
1.666666666666666785e+01,-1.720078289508819580e-01
1.669999999999999929e+01,-9.646481871604919434e-01
1.673333333333333428e+01,-1.841836720705032349e-01
1.676666666666666572e+01,-1.369789958000183105e+00
1.680000000000000071e+01,-1.295805871486663818e-01
1.683333333333333215e+01,1.060786604881286621e+00
1.686666666666666714e+01,-4.706345498561859131e-02
1.689999999999999858e+01,-8.053680658340454102e-01
1.693333333333333357e+01,-1.474298357963562012e+00
1.696666666666666501e+01,-5.399678945541381836e-01
1.700000000000000000e+01,3.917448520660400391e-01
1.703333333333333144e+01,-6.484785676002502441e-01
1.706666666666666643e+01,5.078384280204772949e-01
1.710000000000000142e+01,1.539350152015686035e+00
1.713333333333333286e+01,1.849867254495620728e-01
1.716666666666666785e+01,-9.923529624938964844e-01
1.719999999999999929e+01,3.159204125404357910e-01
1.723333333333333428e+01,-6.884183883666992188e-01
1.726666666666666572e+01,6.483883857727050781e-01
1.730000000000000071e+01,1.781091690063476562e-01
1.733333333333333215e+01,-1.007002711296081543e+00
1.736666666666666714e+01,1.380165070295333862e-01
1.739999999999999858e+01,7.373740077018737793e-01
1.743333333333333357e+01,-4.798257052898406982e-01
1.746666666666666501e+01,4.145681262016296387e-01
1.750000000000000000e+01,-7.784693241119384766e-01
1.753333333333333144e+01,3.916927576065063477e-01
1.756666666666666643e+01,1.576477646827697754e+00
1.760000000000000142e+01,1.850102096796035767e-01
1.763333333333333286e+01,-1.033393979072570801e+00
1.766666666666666785e+01,2.512948215007781982e-01
1.769999999999999929e+01,-4.147168993949890137e-01
1.773333333333333428e+01,2.978746592998504639e-01
1.776666666666666572e+01,-8.963434100151062012e-01
1.780000000000000071e+01,-1.167842224240303040e-01
1.783333333333333215e+01,6.249901652336120605e-01
1.786666666666666714e+01,2.035246133804321289e+00
1.789999999999999858e+01,7.743645310401916504e-01
1.793333333333333357e+01,1.947968006134033203e-01
1.796666666666666501e+01,-4.199257493019104004e-01
1.800000000000000000e+01,-1.168505549430847168e+00
1.803333333333333144e+01,-2.516402006149291992e+00
1.806666666666666643e+01,-1.857521772384643555e+00
1.810000000000000142e+01,-1.180944561958312988e+00
1.813333333333333286e+01,2.331843823194503784e-01
1.816666666666666785e+01,1.549828290939331055e+00
1.819999999999999929e+01,2.525209188461303711e+00
1.823333333333333428e+01,1.829971671104431152e+00
1.826666666666666572e+01,5.013780593872070312e-01
1.830000000000000071e+01,-8.068858981132507324e-01
1.833333333333333215e+01,-1.209764122962951660e+00
1.836666666666666714e+01,-1.953038573265075684e+00
1.839999999999999858e+01,-5.630093812942504883e-01
1.843333333333333357e+01,1.261684149503707886e-01
1.846666666666666501e+01,9.429608583450317383e-01
1.850000000000000000e+01,2.404568642377853394e-01
1.853333333333333144e+01,-4.612538218498229980e-01
1.856666666666666643e+01,6.064331531524658203e-01
1.860000000000000142e+01,2.034427642822265625e+00
1.863333333333333286e+01,8.003543615341186523e-01
1.866666666666666785e+01,-5.063124895095825195e-01
1.869999999999999929e+01,-1.859840035438537598e+00
1.873333333333333428e+01,-6.151947379112243652e-01
1.876666666666666572e+01,-4.686030372977256775e-02
1.880000000000000071e+01,1.303887486457824707e+00
1.883333333333333215e+01,7.575883269309997559e-01
1.886666666666666714e+01,5.061541870236396790e-02
1.889999999999999858e+01,-1.253389120101928711e+00
1.893333333333333357e+01,-4.898584187030792236e-01
1.896666666666666501e+01,2.518062293529510498e-01
1.900000000000000000e+01,7.188205122947692871e-01
1.903333333333333144e+01,-6.280977725982666016e-01
1.906666666666666643e+01,-7.389096617698669434e-01
1.910000000000000142e+01,-1.028872951865196228e-01
1.913333333333333286e+01,1.264143347740173340e+00
1.916666666666666785e+01,-3.432772159576416016e-01
1.919999999999999929e+01,-1.030033111572265625e+00
1.923333333333333428e+01,3.456810414791107178e-01
1.926666666666666572e+01,2.063130617141723633e+00
1.930000000000000071e+01,4.965324401855468750e-01
1.933333333333333215e+01,-8.747445940971374512e-01
1.936666666666666714e+01,-3.272671997547149658e-01
1.939999999999999858e+01,1.084380269050598145e+00
1.943333333333333357e+01,-2.932704091072082520e-01
1.946666666666666501e+01,-1.719678282737731934e+00
1.950000000000000000e+01,-1.693573355674743652e+00
1.953333333333333144e+01,-3.757950067520141602e-01
1.956666666666666643e+01,2.137928158044815063e-01
1.960000000000000142e+01,7.004820704460144043e-01
1.963333333333333286e+01,1.008934527635574341e-01
1.966666666666666785e+01,7.503970265388488770e-01
1.969999999999999929e+01,1.322065949440002441e+00
1.973333333333333428e+01,7.386755347251892090e-01
1.976666666666666572e+01,2.405236363410949707e-01
1.980000000000000071e+01,-8.461113572120666504e-01
1.983333333333333215e+01,-2.211371660232543945e+00
1.986666666666666714e+01,-4.950482547283172607e-01
1.989999999999999858e+01,-6.256284117698669434e-01
1.993333333333333357e+01,8.131993412971496582e-01
1.996666666666666501e+01,1.462916254997253418e+00
2.000000000000000000e+01,6.596300005912780762e-01
2.003333333333333144e+01,-8.385251760482788086e-01
2.006666666666666643e+01,6.283201575279235840e-01
2.010000000000000142e+01,2.419710457324981689e-01
2.013333333333333286e+01,8.643200248479843140e-02
2.016666666666666785e+01,5.723361968994140625e-01
2.019999999999999929e+01,-8.425710797309875488e-01
2.023333333333333428e+01,-1.204259037971496582e+00
2.026666666666666572e+01,3.104071021080017090e-01
2.030000000000000071e+01,1.846383810043334961e+00
2.033333333333333215e+01,1.112225890159606934e+00
2.036666666666666714e+01,-3.134879469871520996e-01
2.039999999999999858e+01,1.233840584754943848e-01
2.043333333333333357e+01,7.557827830314636230e-01
2.046666666666666501e+01,3.365830332040786743e-02
2.050000000000000000e+01,-1.350367069244384766e+00
2.053333333333333144e+01,-8.074305057525634766e-01
2.056666666666666643e+01,5.969666242599487305e-01
2.060000000000000142e+01,1.513779908418655396e-01
2.063333333333333286e+01,-1.137841224670410156e+00
2.066666666666666785e+01,8.661790192127227783e-02
2.069999999999999929e+01,-1.391964197158813477e+00
2.073333333333333428e+01,-1.641999483108520508e+00
2.076666666666666572e+01,-1.693665385246276855e-01
2.080000000000000071e+01,6.151664853096008301e-01
2.083333333333333215e+01,-8.927859067916870117e-01
2.086666666666666714e+01,-5.076056718826293945e-01
2.089999999999999858e+01,6.740463972091674805e-01
2.093333333333333357e+01,2.316667318344116211e+00
2.096666666666666501e+01,9.574060440063476562e-01
2.100000000000000000e+01,1.371105670928955078e+00
2.103333333333333144e+01,1.027360320091247559e+00
2.106666666666666643e+01,-4.658081829547882080e-01
2.110000000000000142e+01,-3.445885330438613892e-02
2.113333333333333286e+01,2.766609787940979004e-01
2.116666666666666785e+01,-1.540801972150802612e-01
2.119999999999999929e+01,-1.648858308792114258e+00
2.123333333333333428e+01,-8.608607947826385498e-02
2.126666666666666572e+01,1.498975157737731934e-01
2.130000000000000071e+01,-1.104779720306396484e+00
2.133333333333333215e+01,-1.087010025978088379e+00
2.136666666666666714e+01,5.605001468211412430e-03
2.139999999999999858e+01,3.389412462711334229e-01
2.143333333333333357e+01,1.735480785369873047e+00
2.146666666666666501e+01,4.708034098148345947e-01
2.150000000000000000e+01,-1.006712436676025391e+00
2.153333333333333144e+01,-1.447123289108276367e+00
2.156666666666666643e+01,9.092765301465988159e-02
2.160000000000000142e+01,1.515726208686828613e+00
2.163333333333333286e+01,8.925367891788482666e-02
2.166666666666666785e+01,-1.399951338768005371e+00
2.169999999999999929e+01,1.216751709580421448e-01
2.173333333333333428e+01,1.754521489143371582e+00
2.176666666666666572e+01,4.272005558013916016e-01
2.180000000000000071e+01,-1.030064463615417480e+00
2.183333333333333215e+01,4.974096119403839111e-01
2.186666666666666714e+01,7.580952644348144531e-01
2.189999999999999858e+01,-7.750713229179382324e-01
2.193333333333333357e+01,-1.039527416229248047e+00
2.196666666666666501e+01,6.159705519676208496e-01
2.200000000000000000e+01,3.938025832176208496e-01
2.203333333333333144e+01,-5.835986137390136719e-01
2.206666666666666643e+01,-1.291673257946968079e-02
2.210000000000000142e+01,2.725972533226013184e-01
2.213333333333333286e+01,2.302658408880233765e-01
2.216666666666666785e+01,1.765190809965133667e-02
2.219999999999999929e+01,-2.020896226167678833e-01
2.223333333333333428e+01,1.086472392082214355e+00
2.226666666666666572e+01,1.303787469863891602e+00
2.230000000000000071e+01,4.663663357496261597e-02
2.233333333333333215e+01,-1.491726994514465332e+00
2.236666666666666714e+01,-1.733806729316711426e+00
2.239999999999999858e+01,-1.175606369972229004e+00
2.243333333333333357e+01,-9.871616363525390625e-01
2.246666666666666501e+01,-7.623491883277893066e-01
2.250000000000000000e+01,6.706937551498413086e-01
2.253333333333333144e+01,4.210605919361114502e-01
2.256666666666666643e+01,2.768536806106567383e-01
2.260000000000000142e+01,4.486041069030761719e-01
2.263333333333333286e+01,-9.142941832542419434e-01
2.266666666666666785e+01,6.150124073028564453e-01
2.269999999999999929e+01,1.442215085029602051e+00
2.273333333333333428e+01,1.662887692451477051e+00
2.276666666666666572e+01,1.338757991790771484e+00
2.280000000000000071e+01,-6.138598173856735229e-02
2.283333333333333215e+01,-1.121119379997253418e+00
2.286666666666666714e+01,8.915837109088897705e-02
2.289999999999999858e+01,1.698946654796600342e-01
2.293333333333333357e+01,-1.001176953315734863e+00
2.296666666666666501e+01,6.705387830734252930e-01
2.300000000000000000e+01,4.934571683406829834e-01
2.303333333333333144e+01,-1.145404577255249023e+00
2.306666666666666643e+01,-1.200761914253234863e+00
2.310000000000000142e+01,-1.112691640853881836e+00
2.313333333333333286e+01,-1.061912775039672852e+00
2.316666666666666785e+01,-1.091249823570251465e+00
2.319999999999999929e+01,4.059585332870483398e-01
2.323333333333333428e+01,1.867280244827270508e+00
2.326666666666666572e+01,1.778887867927551270e+00
2.330000000000000071e+01,4.277320206165313721e-01
2.333333333333333215e+01,-8.666831851005554199e-01
2.336666666666666714e+01,-6.417910456657409668e-01
2.339999999999999858e+01,-6.647229194641113281e-01
2.343333333333333357e+01,7.673279643058776855e-01
2.346666666666666501e+01,7.702379226684570312e-01
2.350000000000000000e+01,-7.288790941238403320e-01
2.353333333333333144e+01,-6.626157164573669434e-01
2.356666666666666643e+01,5.710827112197875977e-01
2.360000000000000142e+01,4.533136785030364990e-01
2.363333333333333286e+01,3.055738806724548340e-01
2.366666666666666785e+01,4.457323253154754639e-01
2.369999999999999929e+01,5.690467953681945801e-01
2.373333333333333428e+01,-1.203120425343513489e-01
2.376666666666666572e+01,-3.957123756408691406e-01
2.380000000000000071e+01,1.005722284317016602e+00
2.383333333333333215e+01,1.120567679405212402e+00
2.386666666666666714e+01,-4.107192754745483398e-01
2.389999999999999858e+01,-5.945188403129577637e-01
2.393333333333333357e+01,-2.037855535745620728e-01
2.396666666666666501e+01,-8.030005693435668945e-01
2.400000000000000000e+01,-7.302898168563842773e-01
2.403333333333333144e+01,-1.998825550079345703e+00
2.406666666666666643e+01,-4.256249666213989258e-01
2.410000000000000142e+01,1.222270846366882324e+00
2.413333333333333286e+01,2.120700359344482422e+00
2.416666666666666785e+01,6.270969510078430176e-01
2.419999999999999929e+01,7.350457310676574707e-01
2.423333333333333428e+01,7.014104723930358887e-01
2.426666666666666572e+01,-4.849732816219329834e-01
2.430000000000000071e+01,-5.399066805839538574e-01
2.433333333333333215e+01,-5.769836306571960449e-01
2.436666666666666714e+01,-5.134183764457702637e-01
2.439999999999999858e+01,-3.770825266838073730e-01
2.443333333333333357e+01,-4.237388074398040771e-01
2.446666666666666501e+01,-4.976167976856231689e-01
2.450000000000000000e+01,-4.592127799987792969e-01
2.453333333333333144e+01,-3.523276448249816895e-01
2.456666666666666643e+01,-4.071200191974639893e-01
2.460000000000000142e+01,-5.145954489707946777e-01
2.463333333333333286e+01,-4.528472125530242920e-01
2.466666666666666785e+01,-4.173955023288726807e-01
2.469999999999999929e+01,1.041932821273803711e+00
2.473333333333333428e+01,1.141476869583129883e+00
2.476666666666666572e+01,-7.836717367172241211e-02
2.480000000000000071e+01,-5.527431368827819824e-01
2.483333333333333215e+01,1.094007611274719238e+00
2.486666666666666714e+01,1.264297723770141602e+00
2.489999999999999858e+01,-3.726301789283752441e-01
2.493333333333333357e+01,-5.272403359413146973e-01
2.496666666666666501e+01,-7.413561344146728516e-01
2.500000000000000000e+01,4.499148130416870117e-01
2.503333333333333144e+01,5.584329366683959961e-01
2.506666666666666643e+01,-8.561328649520874023e-01
2.510000000000000142e+01,5.434513092041015625e-01
2.513333333333333286e+01,-8.495600819587707520e-01
2.516666666666666785e+01,7.221952080726623535e-01
2.519999999999999929e+01,8.867186903953552246e-01
2.523333333333333428e+01,-4.727059602737426758e-01
2.526666666666666572e+01,-5.282956957817077637e-01
2.530000000000000071e+01,-5.773159861564636230e-01
2.533333333333333215e+01,6.498962640762329102e-01
2.536666666666666714e+01,7.307719588279724121e-01
2.539999999999999858e+01,-8.683039546012878418e-01
2.543333333333333357e+01,-9.475147724151611328e-01
2.546666666666666501e+01,-1.379290461540222168e+00
2.550000000000000000e+01,6.376204639673233032e-02
2.553333333333333144e+01,2.214277349412441254e-02
2.556666666666666643e+01,-4.512746632099151611e-02
2.560000000000000142e+01,1.476948499679565430e+00
2.563333333333333286e+01,1.521638393402099609e+00
2.566666666666666785e+01,1.497270107269287109e+00
2.569999999999999929e+01,1.477973699569702148e+00
2.573333333333333428e+01,2.187013775110244751e-01
2.576666666666666572e+01,1.143453046679496765e-01
2.580000000000000071e+01,-1.003557205200195312e+00
2.583333333333333215e+01,-2.343933820724487305e+00
2.586666666666666714e+01,-9.680370092391967773e-01
2.589999999999999858e+01,2.850110828876495361e-01
2.593333333333333357e+01,3.696073293685913086e-01
2.596666666666666501e+01,4.043090641498565674e-01
2.600000000000000000e+01,-8.636974692344665527e-01
2.603333333333333144e+01,-8.071531057357788086e-01
2.606666666666666643e+01,7.631058692932128906e-01
2.609999999999999787e+01,7.131342291831970215e-01
2.613333333333333286e+01,5.593686103820800781e-01
2.616666666666666785e+01,7.154832482337951660e-01
2.619999999999999929e+01,-6.366761326789855957e-01
2.623333333333333428e+01,-6.771696209907531738e-01
2.626666666666666572e+01,-6.691471934318542480e-01
2.630000000000000071e+01,-3.477910161018371582e-01
2.633333333333333215e+01,4.332000911235809326e-01
2.636666666666666714e+01,4.344689846038818359e-01
2.639999999999999858e+01,-9.491096735000610352e-01
2.643333333333333357e+01,-1.603517413139343262e+00
2.646666666666666501e+01,-1.262761354446411133e-01
2.650000000000000000e+01,-1.200336292386054993e-01
2.653333333333333144e+01,-8.718395233154296875e-02
2.656666666666666643e+01,-4.259201884269714355e-02
2.659999999999999787e+01,1.006324410438537598e+00
2.663333333333333286e+01,1.001369595527648926e+00
2.666666666666666785e+01,1.067584395408630371e+00
2.669999999999999929e+01,-2.142449021339416504e-01
2.673333333333333428e+01,-3.843596279621124268e-01
2.676666666666666572e+01,-5.179553031921386719e-01
2.680000000000000071e+01,1.066213965415954590e+00
2.683333333333333215e+01,1.164663910865783691e+00
2.686666666666666714e+01,-3.279516994953155518e-01
2.689999999999999858e+01,-1.668370366096496582e+00
2.693333333333333357e+01,-2.291004359722137451e-01
2.696666666666666501e+01,1.212144970893859863e+00
2.700000000000000000e+01,-4.407970607280731201e-01
2.703333333333333144e+01,-6.912341713905334473e-01
2.706666666666666643e+01,1.000463962554931641e-01
2.709999999999999787e+01,1.090540513396263123e-01
2.713333333333333286e+01,3.455174565315246582e-01
2.716666666666666785e+01,-5.950150489807128906e-01
2.719999999999999929e+01,-7.253471016883850098e-01
2.723333333333333428e+01,-8.567044138908386230e-01
2.726666666666666572e+01,6.261016726493835449e-01
2.730000000000000071e+01,6.932980418205261230e-01
2.733333333333333215e+01,7.555310130119323730e-01
2.736666666666666714e+01,-4.131370186805725098e-01
2.739999999999999858e+01,-5.709595084190368652e-01
2.743333333333333357e+01,-1.904902815818786621e+00
2.746666666666666501e+01,-4.017310440540313721e-01
2.750000000000000000e+01,1.105672240257263184e+00
2.753333333333333144e+01,2.446204900741577148e+00
2.756666666666666643e+01,9.201965332031250000e-01
2.759999999999999787e+01,-5.841121673583984375e-01
2.763333333333333286e+01,-2.366300374269485474e-01
2.766666666666666785e+01,2.676248177886009216e-02
2.769999999999999929e+01,-1.716293096542358398e-01
2.773333333333333428e+01,-4.147424995899200439e-01
2.776666666666666572e+01,9.427236914634704590e-01
2.780000000000000071e+01,1.387175023555755615e-01
2.783333333333333215e+01,4.344771802425384521e-02
2.786666666666666714e+01,-2.732923924922943115e-01
2.789999999999999858e+01,-4.935835003852844238e-01
2.793333333333333357e+01,-3.828542530536651611e-01
2.796666666666666501e+01,-1.338822096586227417e-01
2.800000000000000000e+01,-1.315436482429504395e+00
2.803333333333333144e+01,2.840954661369323730e-01
2.806666666666666643e+01,1.806261420249938965e+00
2.809999999999999787e+01,3.612935841083526611e-01
2.813333333333333286e+01,-1.335085391998291016e+00
2.816666666666666785e+01,6.501939892768859863e-02
2.819999999999999929e+01,1.412278532981872559e+00
2.823333333333333428e+01,1.585506796836853027e+00
2.826666666666666572e+01,1.884841024875640869e-01
2.830000000000000071e+01,-1.871238276362419128e-02
2.833333333333333215e+01,-3.927780389785766602e-01
2.836666666666666714e+01,-1.731184840202331543e+00
2.839999999999999858e+01,-4.392086714506149292e-02
2.843333333333333357e+01,8.666510134935379028e-02
2.846666666666666501e+01,-7.458919286727905273e-01
2.850000000000000000e+01,4.159585237503051758e-01
2.853333333333333144e+01,7.961836457252502441e-02
2.856666666666666643e+01,3.355072736740112305e-01
2.859999999999999787e+01,5.774893760681152344e-01
2.863333333333333286e+01,1.179278641939163208e-01
2.866666666666666785e+01,-1.154601126909255981e-01
2.869999999999999929e+01,-1.588097453117370605e+00
2.873333333333333428e+01,-2.869618892669677734e+00
2.876666666666666572e+01,-1.323984026908874512e+00
2.880000000000000071e+01,1.050234213471412659e-01
2.883333333333333215e+01,1.207199335098266602e+00
2.886666666666666714e+01,1.712907314300537109e+00
2.889999999999999858e+01,1.792999625205993652e+00
2.893333333333333357e+01,2.581858038902282715e-01
2.896666666666666501e+01,-2.053165584802627563e-01
2.900000000000000000e+01,-4.506352543830871582e-01
2.903333333333333144e+01,-2.172551602125167847e-01
2.906666666666666643e+01,-1.483076691627502441e+00
2.909999999999999787e+01,1.459666639566421509e-01
2.913333333333333286e+01,1.464200854301452637e+00
2.916666666666666785e+01,1.712224930524826050e-01
2.919999999999999929e+01,-1.176252841949462891e+00
2.923333333333333428e+01,4.891686737537384033e-01
2.926666666666666572e+01,7.771004438400268555e-01
2.930000000000000071e+01,6.123633384704589844e-01
2.933333333333333215e+01,1.504862457513809204e-01
2.936666666666666714e+01,8.477431535720825195e-01
2.939999999999999858e+01,-4.233832359313964844e-01
2.943333333333333357e+01,-1.847353577613830566e+00
2.946666666666666501e+01,-4.979857802391052246e-01
2.950000000000000000e+01,1.036946415901184082e+00
2.953333333333333144e+01,-7.913328707218170166e-03
2.956666666666666643e+01,3.305771052837371826e-01
2.959999999999999787e+01,3.590512555092573166e-03
2.963333333333333286e+01,-1.351625323295593262e+00
2.966666666666666785e+01,-4.442296922206878662e-02
2.969999999999999929e+01,8.473287820816040039e-01
2.973333333333333428e+01,-4.623378813266754150e-01
2.976666666666666572e+01,4.715526476502418518e-02
2.980000000000000071e+01,4.210983514785766602e-01
2.983333333333333215e+01,1.749404907226562500e+00
2.986666666666666714e+01,4.478732049465179443e-01
2.989999999999999858e+01,-1.175705552101135254e+00
2.993333333333333357e+01,-1.507142543792724609e+00
2.996666666666666501e+01,1.863228827714920044e-01
3.000000000000000000e+01,1.366856575012207031e+00
3.003333333333333144e+01,1.150801777839660645e-01
3.006666666666666643e+01,-1.145829439163208008e+00
3.009999999999999787e+01,-6.808900833129882812e-01
3.013333333333333286e+01,-9.932383894920349121e-01
3.016666666666666785e+01,5.627774596214294434e-01
3.019999999999999929e+01,9.471175670623779297e-01
3.023333333333333428e+01,1.424758315086364746e+00
3.026666666666666572e+01,9.240873456001281738e-01
3.030000000000000071e+01,3.893437981605529785e-01
3.033333333333333215e+01,-9.808831214904785156e-01
3.036666666666666714e+01,-4.976343214511871338e-01
3.039999999999999858e+01,7.139492779970169067e-02
3.043333333333333357e+01,-4.901874065399169922e-01
3.046666666666666501e+01,-9.347128272056579590e-01
3.050000000000000000e+01,4.761445820331573486e-01
3.053333333333333144e+01,1.064380407333374023e+00
3.056666666666666643e+01,-5.475324392318725586e-01
3.059999999999999787e+01,-1.030764579772949219e+00
3.063333333333333286e+01,-7.568430155515670776e-02
3.066666666666666785e+01,-7.240558266639709473e-01
3.069999999999999929e+01,-6.106347590684890747e-02
3.073333333333333428e+01,6.696674823760986328e-01
3.076666666666666572e+01,1.661066114902496338e-01
3.080000000000000071e+01,-1.176974892616271973e+00
3.083333333333333215e+01,1.873632520437240601e-01
3.086666666666666714e+01,4.482945799827575684e-01
3.089999999999999858e+01,1.158098220825195312e+00
3.093333333333333357e+01,5.123110413551330566e-01
3.096666666666666501e+01,5.599426627159118652e-01
3.100000000000000000e+01,-7.801157832145690918e-01
3.103333333333333144e+01,-8.860043883323669434e-01
3.106666666666666643e+01,-2.199587106704711914e+00
3.109999999999999787e+01,-9.209210872650146484e-01
3.113333333333333286e+01,5.042282342910766602e-01
3.116666666666666785e+01,2.024514198303222656e+00
3.119999999999999929e+01,1.348803997039794922e+00
3.123333333333333428e+01,-4.524450749158859253e-02
3.126666666666666572e+01,-1.353954434394836426e+00
3.130000000000000071e+01,-7.846894264221191406e-01
3.133333333333333215e+01,5.035876631736755371e-01
3.136666666666666714e+01,1.855162858963012695e+00
3.139999999999999858e+01,6.577938795089721680e-01
3.143333333333333357e+01,-9.850028753280639648e-01
3.146666666666666501e+01,4.403162002563476562e-01
3.150000000000000000e+01,1.832005858421325684e+00
3.153333333333333144e+01,4.353303313255310059e-01
3.156666666666666643e+01,-9.329406619071960449e-01
3.159999999999999787e+01,-1.547156691551208496e+00
3.163333333333333286e+01,-4.978258162736892700e-02
3.166666666666666785e+01,1.220639705657958984e+00
3.169999999999999929e+01,2.000792741775512695e+00
3.173333333333333428e+01,7.639898657798767090e-01
3.176666666666666572e+01,-2.609196603298187256e-01
3.180000000000000071e+01,-8.307476043701171875e-01
3.183333333333333215e+01,-2.104260921478271484e+00
3.186666666666666714e+01,-1.391519308090209961e+00
3.189999999999999858e+01,-1.877960115671157837e-01
3.193333333333333357e+01,-7.552046775817871094e-01
3.196666666666666501e+01,2.821765244007110596e-01
