0.000000000000000000e+00,1.124033093452453613e+00
3.333333333333333287e-02,4.111383855342864990e-02
6.666666666666666574e-02,-1.079047322273254395e+00
1.000000000000000056e-01,-1.612183172255754471e-03
1.333333333333333315e-01,1.086124420166015625e+00
1.666666666666666574e-01,1.921073794364929199e+00
2.000000000000000111e-01,7.308894991874694824e-01
2.333333333333333370e-01,-1.167036518454551697e-01
2.666666666666666630e-01,-1.215186476707458496e+00
2.999999999999999889e-01,-2.298528671264648438e+00
3.333333333333333148e-01,-1.327416419982910156e+00
3.666666666666666408e-01,-2.864964008331298828e-01
4.000000000000000222e-01,8.987426757812500000e-01
4.333333333333333481e-01,-3.255962952971458435e-02
4.666666666666666741e-01,-1.010451078414916992e+00
5.000000000000000000e-01,1.539298295974731445e-01
5.333333333333333259e-01,1.175950050354003906e+00
5.666666666666666519e-01,2.227194547653198242e+00
5.999999999999999778e-01,1.193406939506530762e+00
6.333333333333333037e-01,7.329567521810531616e-02
6.666666666666666297e-01,-9.271676540374755859e-01
6.999999999999999556e-01,-2.098957538604736328e+00
7.333333333333332815e-01,-1.154938340187072754e+00
7.666666666666666075e-01,-4.635357856750488281e-02
8.000000000000000444e-01,1.020804643630981445e+00
8.333333333333333703e-01,1.770025640726089478e-01
8.666666666666666963e-01,-1.110909938812255859e+00
9.000000000000000222e-01,-7.674869894981384277e-02
9.333333333333333481e-01,9.293556809425354004e-01
9.666666666666666741e-01,5.515163391828536987e-02
1.000000000000000000e+00,-1.053950071334838867e+00
1.033333333333333215e+00,-4.461463913321495056e-02
1.066666666666666652e+00,1.052474379539489746e+00
1.100000000000000089e+00,1.875522851943969727e+00
1.133333333333333304e+00,6.428261995315551758e-01
1.166666666666666741e+00,-3.451333642005920410e-01
1.199999999999999956e+00,-1.386566638946533203e+00
1.233333333333333393e+00,-4.701762199401855469e-01
1.266666666666666607e+00,4.622772932052612305e-01
1.300000000000000044e+00,-6.031665205955505371e-01
1.333333333333333259e+00,-1.741203069686889648e+00
1.366666666666666696e+00,-8.868914246559143066e-01
1.399999999999999911e+00,4.071218669414520264e-01
1.433333333333333348e+00,1.564192295074462891e+00
1.466666666666666563e+00,6.761333942413330078e-01
1.500000000000000000e+00,-5.306319594383239746e-01
1.533333333333333215e+00,3.201163709163665771e-01
1.566666666666666652e+00,1.515141248703002930e+00
1.600000000000000089e+00,7.375414967536926270e-01
1.633333333333333304e+00,-6.130674481391906738e-01
1.666666666666666741e+00,-1.994967937469482422e+00
1.699999999999999956e+00,-7.442866563796997070e-01
1.733333333333333393e+00,4.411447346210479736e-01
1.766666666666666607e+00,1.377947211265563965e+00
1.800000000000000044e+00,2.959910966455936432e-02
1.833333333333333259e+00,-1.127057194709777832e+00
1.866666666666666696e+00,1.421205699443817139e-01
1.899999999999999911e+00,1.295390725135803223e+00
1.933333333333333348e+00,5.427240133285522461e-01
1.966666666666666563e+00,-7.061253786087036133e-01
2.000000000000000000e+00,5.272445082664489746e-02
2.033333333333333215e+00,1.470482826232910156e+00
2.066666666666666430e+00,2.090395838022232056e-01
2.100000000000000089e+00,-1.006784558296203613e+00
2.133333333333333304e+00,-1.809882521629333496e+00
2.166666666666666519e+00,-4.011984765529632568e-01
2.200000000000000178e+00,3.087226152420043945e-01
2.233333333333333393e+00,3.876076638698577881e-01
2.266666666666666607e+00,-3.524561822414398193e-01
2.299999999999999822e+00,-7.574524283409118652e-01
2.333333333333333481e+00,-7.378206402063369751e-02
2.366666666666666696e+00,6.322517395019531250e-01
2.399999999999999911e+00,-5.431913211941719055e-02
2.433333333333333126e+00,-2.266036421060562134e-01
2.466666666666666785e+00,3.977043330669403076e-01
2.500000000000000000e+00,6.642656922340393066e-01
2.533333333333333215e+00,3.435721993446350098e-02
2.566666666666666430e+00,-5.232083797454833984e-01
2.600000000000000089e+00,-7.696556448936462402e-01
2.633333333333333304e+00,-1.311973184347152710e-01
2.666666666666666519e+00,5.488844513893127441e-01
2.700000000000000178e+00,1.595322608947753906e+00
2.733333333333333393e+00,1.031311750411987305e+00
2.766666666666666607e+00,5.813836678862571716e-02
2.799999999999999822e+00,-1.152950167655944824e+00
2.833333333333333481e+00,-5.757595896720886230e-01
2.866666666666666696e+00,9.985742568969726562e-01
2.899999999999999911e+00,1.520267128944396973e-01
2.933333333333333126e+00,-1.186018943786621094e+00
2.966666666666666785e+00,-6.467710733413696289e-01
3.000000000000000000e+00,8.782835602760314941e-01
3.033333333333333215e+00,2.404993474483489990e-01
3.066666666666666430e+00,-9.752246737480163574e-01
3.100000000000000089e+00,-4.388093352317810059e-01
3.133333333333333304e+00,1.084463596343994141e+00
3.166666666666666519e+00,-2.787117063999176025e-01
3.200000000000000178e+00,-9.193401336669921875e-01
3.233333333333333393e+00,-4.537224769592285156e-01
3.266666666666666607e+00,1.868428885936737061e-01
3.299999999999999822e+00,1.543108463287353516e+00
3.333333333333333481e+00,1.026993036270141602e+00
3.366666666666666696e+00,1.024110317230224609e-01
3.399999999999999911e+00,-1.336102485656738281e+00
3.433333333333333126e+00,-8.531166315078735352e-01
3.466666666666666785e+00,5.623200535774230957e-01
3.500000000000000000e+00,1.009884357452392578e+00
3.533333333333333215e+00,4.823491573333740234e-01
3.566666666666666430e+00,-8.182114958763122559e-01
3.600000000000000089e+00,-3.916721343994140625e-01
3.633333333333333304e+00,1.166761755943298340e+00
3.666666666666666519e+00,-1.932872086763381958e-01
3.699999999999999734e+00,-6.597325205802917480e-01
3.733333333333333393e+00,-1.670570015907287598e+00
3.766666666666666607e+00,-1.292516231536865234e+00
3.799999999999999822e+00,2.906324267387390137e-01
3.833333333333333481e+00,3.061486966907978058e-02
3.866666666666666696e+00,1.457825183868408203e+00
3.899999999999999911e+00,1.789771795272827148e+00
3.933333333333333126e+00,2.954121828079223633e-01
3.966666666666666785e+00,-7.306191921234130859e-01
4.000000000000000000e+00,-1.145676016807556152e+00
4.033333333333333215e+00,-6.946443915367126465e-01
4.066666666666666430e+00,-2.449503242969512939e-01
4.099999999999999645e+00,1.160779118537902832e+00
4.133333333333332860e+00,6.532015204429626465e-01
4.166666666666666963e+00,-6.847075819969177246e-01
4.200000000000000178e+00,-2.796964049339294434e-01
4.233333333333333393e+00,-6.985058784484863281e-01
4.266666666666666607e+00,5.407275557518005371e-01
4.299999999999999822e+00,1.615668535232543945e+00
4.333333333333333037e+00,1.897004693746566772e-01
4.366666666666666252e+00,-1.250619649887084961e+00
4.400000000000000355e+00,-1.663958549499511719e+00
4.433333333333333570e+00,-2.218295931816101074e-01
4.466666666666666785e+00,2.662965357303619385e-01
4.500000000000000000e+00,6.479262709617614746e-01
4.533333333333333215e+00,2.088824510574340820e+00
4.566666666666666430e+00,1.800315141677856445e+00
4.599999999999999645e+00,7.901400327682495117e-01
4.633333333333332860e+00,3.301758766174316406e-01
4.666666666666666963e+00,-9.541650414466857910e-01
4.700000000000000178e+00,-5.565786957740783691e-01
4.733333333333333393e+00,-6.959451436996459961e-01
4.766666666666666607e+00,6.440570950508117676e-01
4.799999999999999822e+00,2.515043914318084717e-01
4.833333333333333037e+00,-1.221612215042114258e+00
4.866666666666666252e+00,-7.165911793708801270e-01
4.900000000000000355e+00,-1.097068309783935547e+00
4.933333333333333570e+00,1.444491147994995117e-01
4.966666666666666785e+00,-2.978153824806213379e-01
5.000000000000000000e+00,1.020784750580787659e-01
5.033333333333333215e+00,-1.190703392028808594e+00
5.066666666666666430e+00,-7.758831977844238281e-01
5.099999999999999645e+00,5.196378827095031738e-01
5.133333333333332860e+00,2.017386198043823242e+00
5.166666666666666963e+00,6.598175168037414551e-01
5.200000000000000178e+00,-6.685822010040283203e-01
5.233333333333333393e+00,-2.655110955238342285e-01
5.266666666666666607e+00,8.908681869506835938e-01
5.299999999999999822e+00,4.465350806713104248e-01
5.333333333333333037e+00,-8.294177055358886719e-01
5.366666666666666252e+00,-5.629307031631469727e-01
5.400000000000000355e+00,-2.255802899599075317e-01
5.433333333333333570e+00,1.198772668838500977e+00
5.466666666666666785e+00,7.978075146675109863e-01
5.500000000000000000e+00,5.025550127029418945e-01
5.533333333333333215e+00,-7.123529911041259766e-01
5.566666666666666430e+00,-1.478823900222778320e+00
5.599999999999999645e+00,-7.639365196228027344e-01
5.633333333333332860e+00,8.008039593696594238e-01
5.666666666666666963e+00,1.654789447784423828e+00
5.700000000000000178e+00,6.258018016815185547e-01
5.733333333333333393e+00,-9.121365547180175781e-01
5.766666666666666607e+00,-1.747083187103271484e+00
5.799999999999999822e+00,-3.302064538002014160e-01
5.833333333333333037e+00,1.149009466171264648e+00
5.866666666666666252e+00,-3.321483433246612549e-01
5.900000000000000355e+00,-6.324610114097595215e-01
5.933333333333333570e+00,-9.047846794128417969e-01
5.966666666666666785e+00,2.605390250682830811e-01
6.000000000000000000e+00,5.841867923736572266e-01
6.033333333333333215e+00,-2.314859479665756226e-01
6.066666666666666430e+00,-5.096489787101745605e-01
6.099999999999999645e+00,4.522967338562011719e-01
6.133333333333332860e+00,1.206519842147827148e+00
6.166666666666666963e+00,-1.809000819921493530e-01
6.200000000000000178e+00,5.324147269129753113e-02
6.233333333333333393e+00,-2.515941858291625977e-01
6.266666666666666607e+00,8.313152790069580078e-01
6.299999999999999822e+00,5.499019622802734375e-01
6.333333333333333037e+00,-7.976986765861511230e-01
6.366666666666666252e+00,-5.351256728172302246e-01
6.400000000000000355e+00,9.522296190261840820e-01
6.433333333333333570e+00,7.340117096900939941e-01
6.466666666666666785e+00,-8.489453196525573730e-01
6.500000000000000000e+00,-2.308280467987060547e+00
6.533333333333333215e+00,-1.061369061470031738e+00
6.566666666666666430e+00,6.292958855628967285e-01
6.599999999999999645e+00,9.619894027709960938e-01
6.633333333333332860e+00,1.171755552291870117e+00
6.666666666666666963e+00,2.438439577817916870e-01
6.700000000000000178e+00,-1.702724955976009369e-02
6.733333333333333393e+00,-2.818043231964111328e-01
6.766666666666666607e+00,-1.783320426940917969e+00
6.799999999999999822e+00,-1.296468853950500488e+00
6.833333333333333037e+00,2.556307911872863770e-01
6.866666666666666252e+00,1.603643774986267090e+00
6.899999999999999467e+00,1.754753232002258301e+00
6.933333333333333570e+00,2.472028881311416626e-01
6.966666666666666785e+00,8.705306798219680786e-02
7.000000000000000000e+00,1.810007393360137939e-01
7.033333333333333215e+00,3.901370465755462646e-01
7.066666666666666430e+00,-9.723545312881469727e-01
7.099999999999999645e+00,-1.161218166351318359e+00
7.133333333333332860e+00,3.579101562500000000e-01
7.166666666666666963e+00,2.164890766143798828e-01
7.200000000000000178e+00,3.561761081218719482e-01
7.233333333333333393e+00,4.917090237140655518e-01
7.266666666666666607e+00,-4.726481139659881592e-01
7.299999999999999822e+00,1.159402728080749512e-01
7.333333333333333037e+00,5.843989849090576172e-01
7.366666666666666252e+00,6.860552430152893066e-01
7.399999999999999467e+00,-7.984406948089599609e-01
7.433333333333333570e+00,-9.441768527030944824e-01
7.466666666666666785e+00,-7.968679666519165039e-01
7.500000000000000000e+00,6.669205427169799805e-01
7.533333333333333215e+00,7.829542756080627441e-01
7.566666666666666430e+00,6.541631817817687988e-01
7.599999999999999645e+00,2.169007956981658936e-01
7.633333333333332860e+00,-1.265234231948852539e+00
7.666666666666666963e+00,-1.167172074317932129e+00
7.700000000000000178e+00,8.890056610107421875e-02
7.733333333333333393e+00,7.797129154205322266e-01
7.766666666666666607e+00,7.026261091232299805e-01
7.799999999999999822e+00,-1.210630238056182861e-01
7.833333333333333037e+00,-8.535873144865036011e-02
7.866666666666666252e+00,7.749748229980468750e-01
7.899999999999999467e+00,7.219132781028747559e-01
7.933333333333333570e+00,8.071418404579162598e-01
7.966666666666666785e+00,-6.014125943183898926e-01
8.000000000000000000e+00,-6.810001730918884277e-01
8.033333333333333215e+00,-7.367223501205444336e-01
8.066666666666666430e+00,-7.152084112167358398e-01
8.099999999999999645e+00,-6.853594779968261719e-01
8.133333333333332860e+00,8.318299055099487305e-01
8.166666666666666075e+00,8.071012496948242188e-01
8.199999999999999289e+00,-6.815736889839172363e-01
8.233333333333332504e+00,-6.445358395576477051e-01
8.266666666666665719e+00,5.473530888557434082e-01
8.300000000000000711e+00,4.540300667285919189e-01
8.333333333333333925e+00,-1.178963422775268555e+00
8.366666666666667140e+00,-1.152710437774658203e+00
8.400000000000000355e+00,4.641801416873931885e-01
8.433333333333333570e+00,1.882503747940063477e+00
8.466666666666666785e+00,4.732588529586791992e-01
8.500000000000000000e+00,2.070783376693725586e-01
8.533333333333333215e+00,-3.016357123851776123e-01
8.566666666666666430e+00,-1.725020527839660645e+00
8.599999999999999645e+00,-1.872956395149230957e+00
8.633333333333332860e+00,-6.559960842132568359e-01
8.666666666666666075e+00,9.658759236335754395e-01
8.699999999999999289e+00,2.342911243438720703e+00
8.733333333333332504e+00,2.504245996475219727e+00
8.766666666666665719e+00,9.629575610160827637e-01
8.800000000000000711e+00,-4.470881819725036621e-01
8.833333333333333925e+00,-8.635055422782897949e-01
8.866666666666667140e+00,-1.302889823913574219e+00
8.900000000000000355e+00,1.274310350418090820e-01
8.933333333333333570e+00,1.083968400955200195e+00
8.966666666666666785e+00,1.473899722099304199e+00
9.000000000000000000e+00,-3.867148607969284058e-02
9.033333333333333215e+00,6.652267277240753174e-02
9.066666666666666430e+00,-1.310982704162597656e+00
9.099999999999999645e+00,-2.496543884277343750e+00
9.133333333333332860e+00,-2.916162490844726562e+00
9.166666666666666075e+00,-1.375201106071472168e+00
9.199999999999999289e+00,-3.381896913051605225e-01
9.233333333333332504e+00,1.344423089176416397e-02
9.266666666666665719e+00,3.578788340091705322e-01
9.300000000000000711e+00,1.800586223602294922e+00
9.333333333333333925e+00,1.323455452919006348e+00
9.366666666666667140e+00,8.067745566368103027e-01
9.400000000000000355e+00,-4.739210903644561768e-01
9.433333333333333570e+00,1.203925013542175293e+00
9.466666666666666785e+00,1.427986741065979004e+00
9.500000000000000000e+00,9.502368569374084473e-01
9.533333333333333215e+00,9.023737162351608276e-03
9.566666666666666430e+00,-1.285846829414367676e+00
9.599999999999999645e+00,1.061679646372795105e-01
9.633333333333332860e+00,5.668880939483642578e-01
9.666666666666666075e+00,-9.737765789031982422e-01
9.699999999999999289e+00,-1.468044042587280273e+00
9.733333333333332504e+00,-1.970148980617523193e-01
9.766666666666665719e+00,2.196474969387054443e-01
9.800000000000000711e+00,5.135468244552612305e-01
9.833333333333333925e+00,1.423842459917068481e-01
9.866666666666667140e+00,-1.518346220254898071e-01
9.900000000000000355e+00,3.161202967166900635e-01
9.933333333333333570e+00,5.802164077758789062e-01
9.966666666666666785e+00,1.399073600769042969e-01
1.000000000000000000e+01,-1.168415665626525879e+00
1.003333333333333321e+01,2.165850698947906494e-01
1.006666666666666643e+01,-1.233787536621093750e+00
1.009999999999999964e+01,2.976344227790832520e-01
1.013333333333333286e+01,1.536272764205932617e+00
1.016666666666666607e+01,1.750271022319793701e-01
1.019999999999999929e+01,-6.795417666435241699e-01
1.023333333333333250e+01,1.042111665010452271e-01
1.026666666666666572e+01,9.512044191360473633e-01
1.030000000000000071e+01,-1.552515923976898193e-01
1.033333333333333393e+01,-1.639067769050598145e+00
1.036666666666666714e+01,-4.704407975077629089e-02
1.040000000000000036e+01,1.265678524971008301e+00
1.043333333333333357e+01,-1.835946887731552124e-01
1.046666666666666679e+01,-4.984858632087707520e-01
1.050000000000000000e+01,-3.172581493854522705e-01
1.053333333333333321e+01,1.088977158069610596e-01
1.056666666666666643e+01,5.362023711204528809e-01
1.059999999999999964e+01,2.656288146972656250e-01
1.063333333333333286e+01,6.566753145307302475e-03
1.066666666666666607e+01,-3.720087707042694092e-01
1.069999999999999929e+01,-8.854705840349197388e-02
1.073333333333333250e+01,2.203473448753356934e-01
1.076666666666666572e+01,-9.591416269540786743e-02
1.080000000000000071e+01,1.045909404754638672e+00
1.083333333333333393e+01,-4.666608870029449463e-01
1.086666666666666714e+01,-1.200140416622161865e-01
1.090000000000000036e+01,1.397062301635742188e+00
1.093333333333333357e+01,8.551910519599914551e-01
1.096666666666666679e+01,-5.874849557876586914e-01
1.100000000000000000e+01,-1.970787048339843750e+00
1.103333333333333321e+01,-4.119378924369812012e-01
1.106666666666666643e+01,2.301500737667083740e-02
1.109999999999999964e+01,1.029119491577148438e+00
1.113333333333333286e+01,-4.552540481090545654e-01
1.116666666666666607e+01,3.688704073429107666e-01
1.119999999999999929e+01,-1.142880767583847046e-01
1.123333333333333250e+01,-1.663307309150695801e+00
1.126666666666666572e+01,-1.304144024848937988e+00
1.130000000000000071e+01,1.500513851642608643e-01
1.133333333333333393e+01,6.651396155357360840e-01
1.136666666666666714e+01,-1.204732246696949005e-02
1.140000000000000036e+01,-4.505022466182708740e-01
1.143333333333333357e+01,-2.984951063990592957e-02
1.146666666666666679e+01,4.301412105560302734e-01
1.150000000000000000e+01,-1.158469617366790771e-01
1.153333333333333321e+01,6.707856655120849609e-01
1.156666666666666643e+01,1.769519329071044922e+00
1.159999999999999964e+01,1.080056786537170410e+00
1.163333333333333286e+01,-3.976512253284454346e-01
1.166666666666666607e+01,-9.292995333671569824e-01
1.169999999999999929e+01,3.904643356800079346e-01
1.173333333333333250e+01,9.859317541122436523e-01
1.176666666666666572e+01,2.052430868148803711e+00
1.180000000000000071e+01,6.934552192687988281e-01
1.183333333333333393e+01,-6.369149088859558105e-01
1.186666666666666714e+01,-1.258255839347839355e+00
1.190000000000000036e+01,-1.789456009864807129e+00
1.193333333333333357e+01,-2.068435192108154297e+00
1.196666666666666679e+01,-6.602223515510559082e-01
1.200000000000000000e+01,-8.511694520711898804e-02
1.203333333333333321e+01,-1.463821887969970703e+00
1.206666666666666643e+01,-9.950546622276306152e-01
1.209999999999999964e+01,4.115067422389984131e-01
1.213333333333333286e+01,1.688483119010925293e+00
1.216666666666666607e+01,8.260877728462219238e-01
1.219999999999999929e+01,-5.550982952117919922e-01
1.223333333333333250e+01,1.150866597890853882e-01
1.226666666666666572e+01,1.520224571228027344e+00
1.230000000000000071e+01,9.521173238754272461e-01
1.233333333333333393e+01,-2.565542161464691162e-01
1.236666666666666714e+01,2.328155785799026489e-01
1.240000000000000036e+01,1.442865610122680664e+00
1.243333333333333357e+01,2.538024663925170898e+00
1.246666666666666679e+01,1.107513546943664551e+00
1.250000000000000000e+01,-3.765586018562316895e-01
1.253333333333333321e+01,-8.412109017372131348e-01
1.256666666666666643e+01,-1.351722598075866699e+00
1.259999999999999964e+01,-2.083848714828491211e+00
1.263333333333333286e+01,-1.435351967811584473e+00
1.266666666666666607e+01,-8.847617506980895996e-01
1.269999999999999929e+01,-1.033102497458457947e-01
1.273333333333333250e+01,1.200443983078002930e+00
1.276666666666666572e+01,5.164125561714172363e-01
1.280000000000000071e+01,-7.910335063934326172e-01
1.283333333333333393e+01,-1.794067025184631348e+00
1.286666666666666714e+01,-2.152157306671142578e+00
1.290000000000000036e+01,-7.774595618247985840e-01
1.293333333333333357e+01,5.436916351318359375e-01
1.296666666666666679e+01,1.864730834960937500e+00
1.300000000000000000e+01,7.771392464637756348e-01
1.303333333333333321e+01,-1.216838285326957703e-01
1.306666666666666643e+01,4.330439567565917969e-01
1.309999999999999964e+01,6.737493276596069336e-01
1.313333333333333286e+01,-5.757754445075988770e-01
1.316666666666666607e+01,7.126506567001342773e-01
1.319999999999999929e+01,1.541211128234863281e+00
1.323333333333333250e+01,6.852145195007324219e-01
1.326666666666666572e+01,-5.643684864044189453e-01
1.329999999999999893e+01,1.832492202520370483e-01
1.333333333333333393e+01,1.272808670997619629e+00
1.336666666666666714e+01,3.081966638565063477e-01
1.340000000000000036e+01,-8.200013637542724609e-01
1.343333333333333357e+01,-1.632564783096313477e+00
1.346666666666666679e+01,-8.105201125144958496e-01
1.350000000000000000e+01,3.328693211078643799e-01
1.353333333333333321e+01,-8.065415024757385254e-01
1.356666666666666643e+01,1.307817697525024414e-01
1.359999999999999964e+01,1.130318760871887207e+00
1.363333333333333286e+01,1.816822439432144165e-01
1.366666666666666607e+01,-1.101725339889526367e+00
1.369999999999999929e+01,-2.255100905895233154e-01
1.373333333333333250e+01,7.487979531288146973e-01
1.376666666666666572e+01,-1.102776080369949341e-01
1.379999999999999893e+01,-9.249060153961181641e-01
1.383333333333333393e+01,-1.342027038335800171e-01
1.386666666666666714e+01,8.918533325195312500e-01
1.390000000000000036e+01,1.025100827217102051e+00
1.393333333333333357e+01,1.034239009022712708e-01
1.396666666666666679e+01,1.004824638366699219e+00
1.400000000000000000e+01,1.038201689720153809e+00
1.403333333333333321e+01,-1.092552617192268372e-01
1.406666666666666643e+01,-1.158263683319091797e+00
1.409999999999999964e+01,-2.827430963516235352e-01
1.413333333333333286e+01,5.823817476630210876e-02
1.416666666666666607e+01,-7.953456044197082520e-01
1.419999999999999929e+01,-2.002901315689086914e+00
1.423333333333333250e+01,-9.471790790557861328e-01
1.426666666666666572e+01,-1.373879052698612213e-02
1.429999999999999893e+01,1.359497308731079102e+00
1.433333333333333393e+01,4.363570511341094971e-01
1.436666666666666714e+01,-6.088723540306091309e-01
1.440000000000000036e+01,3.566623032093048096e-01
1.443333333333333357e+01,-9.242857098579406738e-01
1.446666666666666679e+01,-1.352082043886184692e-01
1.450000000000000000e+01,9.911743402481079102e-01
1.453333333333333321e+01,1.526685118675231934e+00
1.456666666666666643e+01,7.044079303741455078e-01
1.459999999999999964e+01,-3.823170959949493408e-01
1.463333333333333286e+01,7.825750708580017090e-01
1.466666666666666607e+01,-1.818926781415939331e-01
1.469999999999999929e+01,-1.125846624374389648e+00
1.473333333333333250e+01,1.408772468566894531e-01
1.476666666666666572e+01,1.264143943786621094e+00
1.479999999999999893e+01,2.319470345973968506e-01
1.483333333333333393e+01,-6.002867221832275391e-01
1.486666666666666714e+01,4.986587464809417725e-01
1.490000000000000036e+01,-6.791349053382873535e-01
1.493333333333333357e+01,-9.901983141899108887e-01
1.496666666666666679e+01,3.925771638751029968e-02
1.500000000000000000e+01,-4.564394652843475342e-01
1.503333333333333321e+01,-7.766883969306945801e-01
1.506666666666666643e+01,2.753205895423889160e-01
1.509999999999999964e+01,1.122323989868164062e+00
1.513333333333333286e+01,9.528847783803939819e-02
1.516666666666666607e+01,-9.659366607666015625e-01
1.519999999999999929e+01,3.668249845504760742e-01
1.523333333333333250e+01,1.149423956871032715e+00
1.526666666666666572e+01,4.817273467779159546e-02
1.529999999999999893e+01,-8.646765351295471191e-01
1.533333333333333393e+01,2.114051878452301025e-01
1.536666666666666714e+01,-1.006316900253295898e+00
1.540000000000000036e+01,-1.522479057312011719e+00
1.543333333333333357e+01,-4.721221029758453369e-01
1.546666666666666679e+01,5.485081672668457031e-01
1.550000000000000000e+01,1.346709847450256348e+00
1.553333333333333321e+01,2.126712560653686523e+00
1.556666666666666643e+01,9.347857832908630371e-01
1.559999999999999964e+01,-1.044730935245752335e-02
1.563333333333333286e+01,-1.345249176025390625e+00
1.566666666666666607e+01,-2.129349470138549805e+00
1.569999999999999929e+01,-1.132098674774169922e+00
1.573333333333333250e+01,-1.037602499127388000e-01
1.576666666666666572e+01,9.883130192756652832e-01
1.579999999999999893e+01,-8.774365484714508057e-02
1.583333333333333393e+01,1.062765419483184814e-01
1.586666666666666714e+01,1.454011321067810059e+00
1.590000000000000036e+01,2.951620817184448242e-01
1.593333333333333357e+01,-9.448234438896179199e-01
1.596666666666666679e+01,6.215189769864082336e-02
1.600000000000000000e+01,1.374556660652160645e+00
1.603333333333333144e+01,2.333709299564361572e-01
1.606666666666666643e+01,-8.394767045974731445e-01
1.610000000000000142e+01,-1.536789178848266602e+00
1.613333333333333286e+01,-2.080695033073425293e-01
1.616666666666666785e+01,1.001595616340637207e+00
1.619999999999999929e+01,2.179417610168457031e+00
1.623333333333333428e+01,1.135962843894958496e+00
1.626666666666666572e+01,-2.769002020359039307e-01
1.630000000000000071e+01,-1.269102692604064941e+00
1.633333333333333215e+01,-4.013771191239356995e-02
1.636666666666666714e+01,1.199856162071228027e+00
1.639999999999999858e+01,2.411279529333114624e-01
1.643333333333333357e+01,2.576177120208740234e-01
1.646666666666666501e+01,-9.279348254203796387e-01
1.650000000000000000e+01,-2.038601636886596680e+00
1.653333333333333144e+01,-1.046025633811950684e+00
1.656666666666666643e+01,2.245633602142333984e-01
1.660000000000000142e+01,-9.705422520637512207e-01
1.663333333333333286e+01,-1.172803714871406555e-01
1.666666666666666785e+01,1.276576161384582520e+00
1.669999999999999929e+01,7.062520980834960938e-01
1.673333333333333428e+01,-3.901965022087097168e-01
1.676666666666666572e+01,-1.392042040824890137e+00
1.680000000000000071e+01,-3.986581861972808838e-01
1.683333333333333215e+01,5.391628742218017578e-01
1.686666666666666714e+01,-3.318147957324981689e-01
1.689999999999999858e+01,5.166487693786621094e-01
1.693333333333333357e+01,1.833037018775939941e+00
1.696666666666666501e+01,6.612726449966430664e-01
1.700000000000000000e+01,-4.554926753044128418e-01
1.703333333333333144e+01,-6.310743093490600586e-01
1.706666666666666643e+01,2.282331734895706177e-01
1.710000000000000142e+01,9.938530921936035156e-01
1.713333333333333286e+01,-4.268411546945571899e-03
1.716666666666666785e+01,-8.334941864013671875e-01
1.719999999999999929e+01,1.507365107536315918e-01
1.723333333333333428e+01,-5.272808670997619629e-01
1.726666666666666572e+01,3.572531938552856445e-01
1.730000000000000071e+01,-4.615591466426849365e-01
1.733333333333333215e+01,1.910070478916168213e-01
1.736666666666666714e+01,9.431112408638000488e-01
1.739999999999999858e+01,5.659288913011550903e-02
1.743333333333333357e+01,-5.246677994728088379e-01
1.746666666666666501e+01,3.648044168949127197e-01
1.750000000000000000e+01,-3.652588129043579102e-01
1.753333333333333144e+01,-3.769261240959167480e-01
1.756666666666666643e+01,3.797465860843658447e-01
1.760000000000000142e+01,-4.731885790824890137e-01
1.763333333333333286e+01,-1.226349830627441406e+00
1.766666666666666785e+01,-4.776819050312042236e-01
1.769999999999999929e+01,7.300511598587036133e-01
1.773333333333333428e+01,1.678638458251953125e+00
1.776666666666666572e+01,9.879050850868225098e-01
1.780000000000000071e+01,-3.352713286876678467e-01
1.783333333333333215e+01,-1.767372727394104004e+00
1.786666666666666714e+01,-9.942873120307922363e-01
1.789999999999999858e+01,-1.629983305931091309e+00
1.793333333333333357e+01,-7.114232182502746582e-01
1.796666666666666501e+01,8.250088691711425781e-01
1.800000000000000000e+01,2.436723470687866211e+00
1.803333333333333144e+01,1.712589502334594727e+00
1.806666666666666643e+01,3.562271296977996826e-01
1.810000000000000142e+01,-1.169171094894409180e+00
1.813333333333333286e+01,-3.245016336441040039e-01
1.816666666666666785e+01,4.696507453918457031e-01
1.819999999999999929e+01,-5.379846096038818359e-01
1.823333333333333428e+01,6.796340942382812500e-01
1.826666666666666572e+01,2.887611649930477142e-02
1.830000000000000071e+01,-7.293555140495300293e-01
1.833333333333333215e+01,7.036930322647094727e-01
1.836666666666666714e+01,3.367317020893096924e-01
1.839999999999999858e+01,6.876592636108398438e-01
1.843333333333333357e+01,-4.858102500438690186e-01
1.846666666666666501e+01,-2.076388120651245117e+00
1.850000000000000000e+01,-8.612032532691955566e-01
1.853333333333333144e+01,3.647318780422210693e-01
1.856666666666666643e+01,1.009170889854431152e+00
1.860000000000000142e+01,1.765485644340515137e+00
1.863333333333333286e+01,1.098865270614624023e+00
1.866666666666666785e+01,3.111746907234191895e-01
1.869999999999999929e+01,-4.832856655120849609e-01
1.873333333333333428e+01,1.990322470664978027e-01
1.876666666666666572e+01,-1.113502979278564453e+00
1.880000000000000071e+01,-4.835833013057708740e-01
1.883333333333333215e+01,7.879809737205505371e-01
1.886666666666666714e+01,2.200493097305297852e+00
1.889999999999999858e+01,1.680048346519470215e+00
1.893333333333333357e+01,3.583067953586578369e-01
1.896666666666666501e+01,-9.194521903991699219e-01
1.900000000000000000e+01,-2.474577903747558594e+00
1.903333333333333144e+01,-3.045726537704467773e+00
1.906666666666666643e+01,-1.816444873809814453e+00
1.910000000000000142e+01,-9.261069297790527344e-01
1.913333333333333286e+01,-3.890830576419830322e-01
1.916666666666666785e+01,-1.004278898239135742e+00
1.919999999999999929e+01,2.328202277421951294e-01
1.923333333333333428e+01,7.421475648880004883e-01
1.926666666666666572e+01,1.374674201011657715e+00
1.930000000000000071e+01,7.194948792457580566e-01
1.933333333333333215e+01,1.432271748781204224e-01
1.936666666666666714e+01,5.973482728004455566e-01
1.939999999999999858e+01,1.171568393707275391e+00
1.943333333333333357e+01,5.985289812088012695e-01
1.946666666666666501e+01,2.344839461147785187e-02
1.950000000000000000e+01,1.162763118743896484e+00
1.953333333333333144e+01,1.634082555770874023e+00
1.956666666666666643e+01,4.074580669403076172e-01
1.960000000000000142e+01,-1.037648320198059082e+00
1.963333333333333286e+01,2.121689170598983765e-01
1.966666666666666785e+01,-1.197286725044250488e+00
1.969999999999999929e+01,-2.534836769104003906e+00
1.973333333333333428e+01,-9.908929467201232910e-01
1.976666666666666572e+01,4.350718259811401367e-01
1.980000000000000071e+01,-2.859372496604919434e-01
1.983333333333333215e+01,-7.922881245613098145e-01
1.986666666666666714e+01,-2.431836426258087158e-01
1.989999999999999858e+01,8.467865586280822754e-01
1.993333333333333357e+01,1.494817495346069336e+00
1.996666666666666501e+01,-2.440578937530517578e-01
2.000000000000000000e+01,-9.186279177665710449e-01
2.003333333333333144e+01,-1.379863977432250977e+00
2.006666666666666643e+01,-8.698967099189758301e-01
2.010000000000000142e+01,8.040503263473510742e-01
2.013333333333333286e+01,1.331882715225219727e+00
2.016666666666666785e+01,8.504514396190643311e-02
2.019999999999999929e+01,-3.731738924980163574e-01
2.023333333333333428e+01,9.481288194656372070e-01
2.026666666666666572e+01,1.440143227577209473e+00
2.030000000000000071e+01,1.943828344345092773e+00
2.033333333333333215e+01,1.177026867866516113e+00
2.036666666666666714e+01,7.906211018562316895e-01
2.039999999999999858e+01,-2.416409403085708618e-01
2.043333333333333357e+01,-1.739611268043518066e+00
2.046666666666666501e+01,1.001670584082603455e-01
2.050000000000000000e+01,-2.386360764503479004e-01
2.053333333333333144e+01,-1.768467783927917480e+00
2.056666666666666643e+01,-1.375442147254943848e+00
2.060000000000000142e+01,1.001139134168624878e-01
2.063333333333333286e+01,-2.755501568317413330e-01
2.066666666666666785e+01,-3.416926264762878418e-01
2.069999999999999929e+01,-7.780349254608154297e-01
2.073333333333333428e+01,5.373321771621704102e-01
2.076666666666666572e+01,8.964169621467590332e-01
2.080000000000000071e+01,1.526132583618164062e+00
2.083333333333333215e+01,1.185416936874389648e+00
2.086666666666666714e+01,-4.762479960918426514e-01
2.089999999999999858e+01,-7.622981667518615723e-01
2.093333333333333357e+01,-2.707527577877044678e-01
2.096666666666666501e+01,-5.394924283027648926e-01
2.100000000000000000e+01,1.708208024501800537e-01
2.103333333333333144e+01,1.626593828201293945e+00
2.106666666666666643e+01,1.175908446311950684e+00
2.110000000000000142e+01,-4.155010581016540527e-01
2.113333333333333286e+01,-1.972920894622802734e+00
2.116666666666666785e+01,-4.154347181320190430e-01
2.119999999999999929e+01,-8.413378596305847168e-01
2.123333333333333428e+01,-5.254398584365844727e-01
2.126666666666666572e+01,8.787581920623779297e-01
2.130000000000000071e+01,5.662876367568969727e-01
2.133333333333333215e+01,5.880576968193054199e-01
2.136666666666666714e+01,2.118995934724807739e-01
2.139999999999999858e+01,-1.105109572410583496e+00
2.143333333333333357e+01,-6.713756322860717773e-01
2.146666666666666501e+01,-9.871718883514404297e-01
2.150000000000000000e+01,-1.327216982841491699e+00
2.153333333333333144e+01,1.490547508001327515e-01
2.156666666666666643e+01,4.596645236015319824e-01
2.160000000000000142e+01,7.495737075805664062e-01
2.163333333333333286e+01,4.231081604957580566e-01
2.166666666666666785e+01,7.079795002937316895e-02
2.169999999999999929e+01,4.153098165988922119e-01
2.173333333333333428e+01,7.668303847312927246e-01
2.176666666666666572e+01,4.397440552711486816e-01
2.180000000000000071e+01,1.004286259412765503e-01
2.183333333333333215e+01,4.443601965904235840e-01
2.186666666666666714e+01,-9.125638008117675781e-01
2.189999999999999858e+01,-1.243835330009460449e+00
2.193333333333333357e+01,7.637284696102142334e-02
2.196666666666666501e+01,4.157695174217224121e-01
2.200000000000000000e+01,1.584221124649047852e+00
2.203333333333333144e+01,1.031984090805053711e+00
2.206666666666666643e+01,1.292898774147033691e+00
2.210000000000000142e+01,-6.730617284774780273e-01
2.213333333333333286e+01,-1.926790714263916016e+00
2.216666666666666785e+01,-6.931469440460205078e-01
2.219999999999999929e+01,6.225804090499877930e-01
2.223333333333333428e+01,6.285367012023925781e-01
2.226666666666666572e+01,-7.245454192161560059e-01
2.230000000000000071e+01,-1.001132011413574219e+00
2.233333333333333215e+01,-1.297356128692626953e+00
2.236666666666666714e+01,6.281117796897888184e-01
2.239999999999999858e+01,1.518717646598815918e+00
2.243333333333333357e+01,2.650814950466156006e-01
2.246666666666666501e+01,-1.045409202575683594e+00
2.250000000000000000e+01,-9.195706248283386230e-01
2.253333333333333144e+01,6.578513383865356445e-01
2.256666666666666643e+01,1.547696709632873535e+00
2.260000000000000142e+01,4.677171409130096436e-01
2.263333333333333286e+01,1.947603076696395874e-01
2.266666666666666785e+01,3.794214725494384766e-01
2.269999999999999929e+01,-2.655489146709442139e-01
2.273333333333333428e+01,-1.430487513542175293e+00
2.276666666666666572e+01,3.638514876365661621e-01
2.280000000000000071e+01,2.251969426870346069e-01
2.283333333333333215e+01,-2.166114002466201782e-01
2.286666666666666714e+01,-5.937447547912597656e-01
2.289999999999999858e+01,-4.067221879959106445e-01
2.293333333333333357e+01,-5.094447731971740723e-01
2.296666666666666501e+01,-3.633303642272949219e-01
2.300000000000000000e+01,7.289653420448303223e-01
2.303333333333333144e+01,5.756157040596008301e-01
2.306666666666666643e+01,-6.538496017456054688e-01
2.310000000000000142e+01,-2.010184764862060547e+00
2.313333333333333286e+01,-1.302739143371582031e+00
2.316666666666666785e+01,3.027548193931579590e-01
2.319999999999999929e+01,5.095956921577453613e-01
2.323333333333333428e+01,7.670748829841613770e-01
2.326666666666666572e+01,2.243262290954589844e+00
2.330000000000000071e+01,2.060520648956298828e+00
2.333333333333333215e+01,1.921220660209655762e+00
2.336666666666666714e+01,4.484352767467498779e-01
2.339999999999999858e+01,-1.126225829124450684e+00
2.343333333333333357e+01,-1.033413290977478027e+00
2.346666666666666501e+01,4.101602435111999512e-01
2.350000000000000000e+01,3.076697885990142822e-01
2.353333333333333144e+01,-1.306990385055541992e+00
2.356666666666666643e+01,-1.201070547103881836e+00
2.360000000000000142e+01,1.628562211990356445e-01
2.363333333333333286e+01,1.585050225257873535e+00
2.366666666666666785e+01,-4.966018348932266235e-02
2.369999999999999929e+01,-1.647719740867614746e+00
2.373333333333333428e+01,-8.843275904655456543e-01
2.376666666666666572e+01,3.463239669799804688e-01
2.380000000000000071e+01,3.911869823932647705e-01
2.383333333333333215e+01,-9.920649528503417969e-01
2.386666666666666714e+01,-1.200261116027832031e+00
2.389999999999999858e+01,1.413377225399017334e-01
2.393333333333333357e+01,1.419750928878784180e+00
2.396666666666666501e+01,7.688012123107910156e-01
2.400000000000000000e+01,-6.635730862617492676e-01
2.403333333333333144e+01,-8.554073572158813477e-01
2.406666666666666643e+01,-8.251866102218627930e-01
2.410000000000000142e+01,-8.179777860641479492e-01
2.413333333333333286e+01,-4.163035750389099121e-01
2.416666666666666785e+01,-4.406972229480743408e-01
2.419999999999999929e+01,1.211759090423583984e+00
2.423333333333333428e+01,2.696824789047241211e+00
2.426666666666666572e+01,2.588106155395507812e+00
2.430000000000000071e+01,9.945465326309204102e-01
2.433333333333333215e+01,-4.255802035331726074e-01
2.436666666666666714e+01,-1.818625092506408691e+00
2.439999999999999858e+01,-3.034306466579437256e-01
2.443333333333333357e+01,1.390248060226440430e+00
2.446666666666666501e+01,-7.936725765466690063e-02
2.450000000000000000e+01,-1.322312951087951660e+00
2.453333333333333144e+01,2.096068859100341797e-01
2.456666666666666643e+01,1.960045576095581055e+00
2.460000000000000142e+01,3.279156386852264404e-01
2.463333333333333286e+01,-8.196972012519836426e-01
2.466666666666666785e+01,-2.112212896347045898e+00
2.469999999999999929e+01,-2.284149885177612305e+00
2.473333333333333428e+01,-7.700561881065368652e-01
2.476666666666666572e+01,-6.451728343963623047e-01
2.480000000000000071e+01,4.591647982597351074e-01
2.483333333333333215e+01,2.728349566459655762e-01
2.486666666666666714e+01,1.624008178710937500e+00
2.489999999999999858e+01,1.773407459259033203e+00
2.493333333333333357e+01,3.321302533149719238e-01
2.496666666666666501e+01,-1.471349716186523438e+00
2.500000000000000000e+01,-1.584526538848876953e+00
2.503333333333333144e+01,-1.109769716858863831e-01
2.506666666666666643e+01,3.541611135005950928e-02
2.510000000000000142e+01,6.207935139536857605e-02
2.513333333333333286e+01,2.107199728488922119e-01
2.516666666666666785e+01,6.538090854883193970e-02
2.519999999999999929e+01,1.705066919326782227e+00
2.523333333333333428e+01,1.820806622505187988e+00
2.526666666666666572e+01,4.222787022590637207e-01
2.530000000000000071e+01,-1.124805092811584473e+00
2.533333333333333215e+01,-1.236806631088256836e+00
2.536666666666666714e+01,2.554214000701904297e-01
2.539999999999999858e+01,3.812572062015533447e-01
2.543333333333333357e+01,-9.459037184715270996e-01
2.546666666666666501e+01,-1.595847487449645996e+00
2.550000000000000000e+01,-1.729651570320129395e+00
2.553333333333333144e+01,-3.496215641498565674e-01
2.556666666666666643e+01,1.246636033058166504e+00
2.560000000000000142e+01,1.123552799224853516e+00
2.563333333333333286e+01,-7.158434987068176270e-01
2.566666666666666785e+01,4.525635540485382080e-01
2.569999999999999929e+01,1.980904579162597656e+00
2.573333333333333428e+01,2.123599767684936523e+00
2.576666666666666572e+01,6.944493055343627930e-01
2.580000000000000071e+01,6.236388683319091797e-01
2.583333333333333215e+01,5.585599541664123535e-01
2.586666666666666714e+01,5.493863821029663086e-01
2.589999999999999858e+01,4.870240986347198486e-01
2.593333333333333357e+01,-8.205379247665405273e-01
2.596666666666666501e+01,-2.028668165206909180e+00
2.600000000000000000e+01,-1.617389321327209473e+00
2.603333333333333144e+01,7.193435728549957275e-02
2.606666666666666643e+01,-5.722206830978393555e-02
2.609999999999999787e+01,-6.422981619834899902e-01
2.613333333333333286e+01,-1.819379448890686035e+00
2.616666666666666785e+01,-2.428946346044540405e-01
2.619999999999999929e+01,-3.673888370394706726e-02
2.623333333333333428e+01,-1.473745226860046387e+00
2.626666666666666572e+01,-1.614340953528881073e-02
2.630000000000000071e+01,1.030716657638549805e+00
2.633333333333333215e+01,1.730815052986145020e+00
2.636666666666666714e+01,1.875880658626556396e-01
2.639999999999999858e+01,2.258815616369247437e-01
2.643333333333333357e+01,3.099841475486755371e-01
2.646666666666666501e+01,2.248619347810745239e-01
2.650000000000000000e+01,1.615875720977783203e+00
2.653333333333333144e+01,2.970769703388214111e-01
2.656666666666666643e+01,-9.210993647575378418e-01
2.659999999999999787e+01,-1.454174637794494629e+00
2.663333333333333286e+01,1.749091036617755890e-02
2.666666666666666785e+01,1.513889312744140625e+00
2.669999999999999929e+01,1.548980951309204102e+00
2.673333333333333428e+01,-1.629670411348342896e-01
2.676666666666666572e+01,-1.599550008773803711e+00
2.680000000000000071e+01,-1.692418932914733887e+00
2.683333333333333215e+01,-2.001351267099380493e-01
2.686666666666666714e+01,-6.395556032657623291e-02
2.689999999999999858e+01,5.893219634890556335e-02
2.693333333333333357e+01,-3.154408186674118042e-02
2.696666666666666501e+01,-1.127888187766075134e-01
2.700000000000000000e+01,-9.644236415624618530e-03
2.703333333333333144e+01,-1.354105949401855469e+00
2.706666666666666643e+01,-1.157157897949218750e+00
2.709999999999999787e+01,3.833493962883949280e-02
2.713333333333333286e+01,1.853480100631713867e+00
2.716666666666666785e+01,1.441896677017211914e+00
2.719999999999999929e+01,2.191606163978576660e-01
2.723333333333333428e+01,-1.295451760292053223e+00
2.726666666666666572e+01,-1.394945621490478516e+00
2.730000000000000071e+01,-2.866300940513610840e-02
2.733333333333333215e+01,1.427051424980163574e+00
2.736666666666666714e+01,1.533601284027099609e+00
2.739999999999999858e+01,-3.298107981681823730e-01
2.743333333333333357e+01,-1.365971565246582031e-01
2.746666666666666501e+01,-2.384365051984786987e-01
2.750000000000000000e+01,-5.110002160072326660e-01
2.753333333333333144e+01,-7.632776498794555664e-01
2.756666666666666643e+01,-5.732635259628295898e-01
2.759999999999999787e+01,-3.829456567764282227e-01
2.763333333333333286e+01,1.334951758384704590e+00
2.766666666666666785e+01,2.829288482666015625e+00
2.769999999999999929e+01,1.353850722312927246e+00
2.773333333333333428e+01,5.656637623906135559e-02
2.776666666666666572e+01,-1.684282869100570679e-01
2.780000000000000071e+01,4.870706498622894287e-01
2.783333333333333215e+01,-9.722637534141540527e-01
2.786666666666666714e+01,-2.552124738693237305e+00
2.789999999999999858e+01,-2.501657724380493164e+00
2.793333333333333357e+01,-1.232159018516540527e+00
2.796666666666666501e+01,4.183122217655181885e-01
2.800000000000000000e+01,7.710115909576416016e-01
2.803333333333333144e+01,6.165699958801269531e-01
2.806666666666666643e+01,4.369253218173980713e-01
2.809999999999999787e+01,5.786675810813903809e-01
2.813333333333333286e+01,7.745176553726196289e-01
2.816666666666666785e+01,5.747842192649841309e-01
2.819999999999999929e+01,3.988613486289978027e-01
2.823333333333333428e+01,1.857085347175598145e+00
2.826666666666666572e+01,1.961235880851745605e+00
2.830000000000000071e+01,3.509041666984558105e-01
2.833333333333333215e+01,-1.037273049354553223e+00
2.836666666666666714e+01,-8.631256222724914551e-01
2.839999999999999858e+01,-1.119988799095153809e+00
2.843333333333333357e+01,4.592232406139373779e-01
2.846666666666666501e+01,-2.333253920078277588e-01
2.850000000000000000e+01,-7.840550541877746582e-01
2.853333333333333144e+01,-1.962201714515686035e+00
2.856666666666666643e+01,-2.391998469829559326e-01
2.859999999999999787e+01,1.247501134872436523e+00
2.863333333333333286e+01,3.040088415145874023e-01
2.866666666666666785e+01,-1.159901022911071777e+00
2.869999999999999929e+01,-8.606943488121032715e-01
2.873333333333333428e+01,-5.953897237777709961e-01
2.876666666666666572e+01,-7.828727364540100098e-01
2.880000000000000071e+01,-9.268704652786254883e-01
2.883333333333333215e+01,-1.209854483604431152e+00
2.886666666666666714e+01,3.370376229286193848e-01
2.889999999999999858e+01,1.726927399635314941e+00
2.893333333333333357e+01,1.990331172943115234e+00
2.896666666666666501e+01,7.059226632118225098e-01
2.900000000000000000e+01,-8.690401911735534668e-01
2.903333333333333144e+01,4.870807230472564697e-01
2.906666666666666643e+01,7.513689994812011719e-01
2.909999999999999787e+01,3.706672489643096924e-01
2.913333333333333286e+01,5.528540816158056259e-03
2.916666666666666785e+01,3.097414374351501465e-01
2.919999999999999929e+01,6.622735857963562012e-01
2.923333333333333428e+01,2.826209962368011475e-01
2.926666666666666572e+01,1.485742807388305664e+00
2.930000000000000071e+01,1.419091820716857910e-01
2.933333333333333215e+01,-1.574472546577453613e+00
2.936666666666666714e+01,-6.711689829826354980e-01
2.939999999999999858e+01,-4.376913607120513916e-01
2.943333333333333357e+01,-1.388056874275207520e-01
2.946666666666666501e+01,-4.602189958095550537e-01
2.950000000000000000e+01,-8.600642085075378418e-01
2.953333333333333144e+01,-3.548249006271362305e-01
2.956666666666666643e+01,1.009251117706298828e+00
2.959999999999999787e+01,-3.577468097209930420e-01
2.963333333333333286e+01,-3.116177320480346680e-01
2.966666666666666785e+01,-6.826530098915100098e-01
2.969999999999999929e+01,-2.500216662883758545e-01
2.973333333333333428e+01,1.650021821260452271e-01
2.976666666666666572e+01,1.581745982170104980e+00
2.980000000000000071e+01,6.564234495162963867e-01
2.983333333333333215e+01,2.246210426092147827e-01
2.986666666666666714e+01,6.711521744728088379e-01
2.989999999999999858e+01,1.234987020492553711e+00
2.993333333333333357e+01,-1.096491590142250061e-01
2.996666666666666501e+01,-6.406198143959045410e-01
3.000000000000000000e+01,-1.042599797248840332e+00
3.003333333333333144e+01,-1.044398546218872070e+00
3.006666666666666643e+01,-6.357910037040710449e-01
3.009999999999999787e+01,7.447601556777954102e-01
3.013333333333333286e+01,-6.073092222213745117e-01
3.016666666666666785e+01,-1.175528168678283691e+00
3.019999999999999929e+01,1.066476777195930481e-01
3.023333333333333428e+01,1.630218386650085449e+00
3.026666666666666572e+01,2.325816750526428223e-01
3.030000000000000071e+01,-1.174155235290527344e+00
3.033333333333333215e+01,-7.326893210411071777e-01
3.036666666666666714e+01,5.648465156555175781e-01
3.039999999999999858e+01,2.023152351379394531e+00
3.043333333333333357e+01,5.877224206924438477e-01
3.046666666666666501e+01,-6.078667044639587402e-01
3.050000000000000000e+01,-1.189174294471740723e+00
3.053333333333333144e+01,2.412461191415786743e-01
3.056666666666666643e+01,9.477119445800781250e-01
3.059999999999999787e+01,-1.807240396738052368e-01
3.063333333333333286e+01,-9.316617250442504883e-01
3.066666666666666785e+01,-1.500845849514007568e-01
3.069999999999999929e+01,1.210976004600524902e+00
3.073333333333333428e+01,3.861058354377746582e-01
3.076666666666666572e+01,-6.449472904205322266e-01
3.080000000000000071e+01,-2.015145868062973022e-02
3.083333333333333215e+01,-7.328844666481018066e-01
3.086666666666666714e+01,-1.238898858428001404e-01
3.089999999999999858e+01,1.329394936561584473e+00
3.093333333333333357e+01,6.952865421772003174e-02
3.096666666666666501e+01,-9.739369750022888184e-01
3.100000000000000000e+01,-3.742014765739440918e-01
3.103333333333333144e+01,6.545332670211791992e-01
3.106666666666666643e+01,1.168257594108581543e+00
3.109999999999999787e+01,5.339962244033813477e-01
3.113333333333333286e+01,5.262283608317375183e-02
3.116666666666666785e+01,-4.637131392955780029e-01
3.119999999999999929e+01,-1.940988659858703613e+00
3.123333333333333428e+01,-1.362062454223632812e+00
3.126666666666666572e+01,-7.815954089164733887e-01
3.130000000000000071e+01,6.634101867675781250e-01
3.133333333333333215e+01,6.285739690065383911e-02
3.136666666666666714e+01,-5.675315260887145996e-01
3.139999999999999858e+01,-5.705119669437408447e-02
3.143333333333333357e+01,6.405340433120727539e-01
3.146666666666666501e+01,4.112887755036354065e-02
3.150000000000000000e+01,-4.602491855621337891e-01
3.153333333333333144e+01,1.031161770224571228e-01
3.156666666666666643e+01,6.648077964782714844e-01
3.159999999999999787e+01,1.539681673049926758e+00
3.163333333333333286e+01,8.362735509872436523e-01
3.166666666666666785e+01,1.155578643083572388e-01
3.169999999999999929e+01,6.938812136650085449e-01
3.173333333333333428e+01,1.216429710388183594e+00
3.176666666666666572e+01,-1.406270116567611694e-01
3.180000000000000071e+01,-1.407500028610229492e+00
3.183333333333333215e+01,-7.658108472824096680e-01
3.186666666666666714e+01,6.409422755241394043e-01
3.189999999999999858e+01,-2.045574970543384552e-02
3.193333333333333357e+01,-1.103662848472595215e+00
3.196666666666666501e+01,-4.981124699115753174e-01
