0.000000000000000000e+00,5.645405873656272888e-02
3.333333333333333287e-02,-1.966600120067596436e-01
6.666666666666666574e-02,3.610496819019317627e-01
1.000000000000000056e-01,-8.930535614490509033e-02
1.333333333333333315e-01,-6.229493021965026855e-01
1.666666666666666574e-01,4.099290668964385986e-01
2.000000000000000111e-01,7.203693985939025879e-01
2.333333333333333370e-01,-1.608130931854248047e-01
2.666666666666666630e-01,-1.284794092178344727e+00
2.999999999999999889e-01,-8.526691794395446777e-02
3.333333333333333148e-01,1.085032105445861816e+00
3.666666666666666408e-01,-1.450931578874588013e-01
4.000000000000000222e-01,-1.431805491447448730e+00
4.333333333333333481e-01,-3.676095008850097656e-01
4.666666666666666741e-01,7.404336929321289062e-01
5.000000000000000000e-01,-5.161160230636596680e-01
5.333333333333333259e-01,-7.745510339736938477e-01
5.666666666666666519e-01,3.670541942119598389e-01
5.999999999999999778e-01,9.477759003639221191e-01
6.333333333333333037e-01,-4.437753260135650635e-01
6.666666666666666297e-01,-1.163226246833801270e+00
6.999999999999999556e-01,1.690558344125747681e-02
7.333333333333332815e-01,1.216308474540710449e+00
7.666666666666666075e-01,-9.055349510163068771e-04
8.000000000000000444e-01,-1.151851773262023926e+00
8.333333333333333703e-01,-8.807253837585449219e-02
8.666666666666666963e-01,1.255999922752380371e+00
9.000000000000000222e-01,4.903412889689207077e-03
9.333333333333333481e-01,-1.206221222877502441e+00
9.666666666666666741e-01,-3.394220396876335144e-02
1.000000000000000000e+00,1.177007317543029785e+00
1.033333333333333215e+00,-6.600218266248703003e-02
1.066666666666666652e+00,-1.390325188636779785e+00
1.100000000000000089e+00,-2.904032170772552490e-01
1.133333333333333304e+00,9.397452473640441895e-01
1.166666666666666741e+00,-1.688725948333740234e-01
1.199999999999999956e+00,-1.344320178031921387e+00
1.233333333333333393e+00,-2.246619462966918945e-01
1.266666666666666607e+00,9.295467734336853027e-01
1.300000000000000044e+00,-3.023526966571807861e-01
1.333333333333333259e+00,-1.430486798286437988e+00
1.366666666666666696e+00,-1.876080334186553955e-01
1.399999999999999911e+00,9.911652207374572754e-01
1.433333333333333348e+00,-2.227112054824829102e-01
1.466666666666666563e+00,-1.428066015243530273e+00
1.500000000000000000e+00,-2.763284146785736084e-01
1.533333333333333215e+00,1.031994104385375977e+00
1.566666666666666652e+00,-1.628549098968505859e-01
1.600000000000000089e+00,-1.270390868186950684e+00
1.633333333333333304e+00,-9.722900390625000000e-02
1.666666666666666741e+00,1.122821211814880371e+00
1.699999999999999956e+00,-7.572771608829498291e-02
1.733333333333333393e+00,-1.218166708946228027e+00
1.766666666666666607e+00,-5.583273246884346008e-02
1.800000000000000044e+00,1.138061404228210449e+00
1.833333333333333259e+00,-1.607536077499389648e-01
1.866666666666666696e+00,-1.340453267097473145e+00
1.899999999999999911e+00,-1.535881012678146362e-01
1.933333333333333348e+00,9.868828058242797852e-01
1.966666666666666563e+00,-2.943891286849975586e-01
2.000000000000000000e+00,-1.434357881546020508e+00
2.033333333333333215e+00,-1.955755949020385742e-01
2.066666666666666430e+00,9.605939984321594238e-01
2.100000000000000089e+00,-2.397749572992324829e-01
2.133333333333333304e+00,-1.443592309951782227e+00
2.166666666666666519e+00,-2.251458019018173218e-01
2.200000000000000178e+00,1.023320436477661133e+00
2.233333333333333393e+00,-1.424843668937683105e-01
2.266666666666666607e+00,-1.330828070640563965e+00
2.299999999999999822e+00,-1.606027483940124512e-01
2.333333333333333481e+00,1.101847887039184570e+00
2.366666666666666696e+00,-1.392530202865600586e-01
2.399999999999999911e+00,-1.329499363899230957e+00
2.433333333333333126e+00,-2.265151441097259521e-01
2.466666666666666785e+00,1.093154311180114746e+00
2.500000000000000000e+00,-1.242337971925735474e-01
2.533333333333333215e+00,-1.415005087852478027e+00
2.566666666666666430e+00,-4.527821838855743408e-01
2.600000000000000089e+00,6.920537352561950684e-01
2.633333333333333304e+00,6.599728018045425415e-03
2.666666666666666519e+00,-1.243577241897583008e+00
2.700000000000000178e+00,-2.065517567098140717e-02
2.733333333333333393e+00,1.124017477035522461e+00
2.766666666666666607e+00,-1.253418773412704468e-01
2.799999999999999822e+00,-1.274804949760437012e+00
2.833333333333333481e+00,-7.355380803346633911e-02
2.866666666666666696e+00,1.200595736503601074e+00
2.899999999999999911e+00,6.211619079113006592e-02
2.933333333333333126e+00,-1.120369195938110352e+00
2.966666666666666785e+00,1.207389868795871735e-02
3.000000000000000000e+00,1.244697451591491699e+00
3.033333333333333215e+00,-2.715170383453369141e-02
3.066666666666666430e+00,-1.126408219337463379e+00
3.100000000000000089e+00,5.814041942358016968e-03
3.133333333333333304e+00,1.200858235359191895e+00
3.166666666666666519e+00,-1.777138374745845795e-02
3.200000000000000178e+00,-1.284655570983886719e+00
3.233333333333333393e+00,-2.392248213291168213e-01
3.266666666666666607e+00,9.709865450859069824e-01
3.299999999999999822e+00,-2.781930267810821533e-01
3.333333333333333481e+00,-1.358515739440917969e+00
3.366666666666666696e+00,-9.413208812475204468e-02
3.399999999999999911e+00,1.116251349449157715e+00
3.433333333333333126e+00,-8.836533874273300171e-02
3.466666666666666785e+00,-1.459770321846008301e+00
3.500000000000000000e+00,-4.122648835182189941e-01
3.533333333333333215e+00,9.069271087646484375e-01
3.566666666666666430e+00,-2.234852612018585205e-01
3.600000000000000089e+00,-1.475601792335510254e+00
3.633333333333333304e+00,-2.366957366466522217e-01
3.666666666666666519e+00,8.511466979980468750e-01
3.699999999999999734e+00,-5.016234517097473145e-01
3.733333333333333393e+00,-9.405439496040344238e-01
3.766666666666666607e+00,3.751659095287322998e-01
3.799999999999999822e+00,1.488496303558349609e+00
3.833333333333333481e+00,3.095838725566864014e-01
3.866666666666666696e+00,-9.580103754997253418e-01
3.899999999999999911e+00,7.747579365968704224e-02
3.933333333333333126e+00,1.296525120735168457e+00
3.966666666666666785e+00,-7.826483249664306641e-02
4.000000000000000000e+00,-1.124709606170654297e+00
4.033333333333333215e+00,9.070570021867752075e-02
4.066666666666666430e+00,1.299993872642517090e+00
4.099999999999999645e+00,2.671882882714271545e-02
4.133333333333332860e+00,-1.333720684051513672e+00
4.166666666666666963e+00,-2.695189714431762695e-01
4.200000000000000178e+00,9.684744477272033691e-01
4.233333333333333393e+00,-2.503523826599121094e-01
4.266666666666666607e+00,-1.322948932647705078e+00
4.299999999999999822e+00,5.568443611264228821e-02
4.333333333333333037e+00,1.224841594696044922e+00
4.366666666666666252e+00,-6.392306089401245117e-02
4.400000000000000355e+00,-1.207149028778076172e+00
4.433333333333333570e+00,-1.058465093374252319e-01
4.466666666666666785e+00,1.327330827713012695e+00
4.500000000000000000e+00,2.714282572269439697e-01
4.533333333333333215e+00,-1.067965388298034668e+00
4.566666666666666430e+00,-2.312197089195251465e-01
4.599999999999999645e+00,8.495487570762634277e-01
4.633333333333332860e+00,-4.447844326496124268e-01
4.666666666666666963e+00,-5.993384122848510742e-01
4.700000000000000178e+00,4.328952133655548096e-01
4.733333333333333393e+00,2.740297913551330566e-01
4.766666666666666607e+00,-9.381933808326721191e-01
4.799999999999999822e+00,4.027309715747833252e-01
4.833333333333333037e+00,1.224060893058776855e+00
4.866666666666666252e+00,-2.010283321142196655e-01
4.900000000000000355e+00,-1.306018471717834473e+00
4.933333333333333570e+00,-2.209433615207672119e-01
4.966666666666666785e+00,1.058407545089721680e+00
5.000000000000000000e+00,-1.318016797304153442e-01
5.033333333333333215e+00,-1.200896859169006348e+00
5.066666666666666430e+00,3.918383643031120300e-02
5.099999999999999645e+00,9.730086922645568848e-01
5.133333333333332860e+00,-5.126849412918090820e-01
5.166666666666666963e+00,-1.467067122459411621e+00
5.200000000000000178e+00,-2.116076350212097168e-01
5.233333333333333393e+00,9.929505586624145508e-01
5.266666666666666607e+00,-1.234590262174606323e-01
5.299999999999999822e+00,-1.606395483016967773e+00
5.333333333333333037e+00,-5.406557321548461914e-01
5.366666666666666252e+00,6.040743589401245117e-01
5.400000000000000355e+00,1.066572964191436768e-01
5.433333333333333570e+00,-7.762240767478942871e-01
5.466666666666666785e+00,4.948076307773590088e-01
5.500000000000000000e+00,9.684360027313232422e-01
5.533333333333333215e+00,-4.139976501464843750e-01
5.566666666666666430e+00,-8.200765252113342285e-01
5.599999999999999645e+00,3.715602457523345947e-01
5.633333333333332860e+00,1.406949520111083984e+00
5.666666666666666963e+00,1.596404016017913818e-01
5.700000000000000178e+00,-9.401343464851379395e-01
5.733333333333333393e+00,3.575835525989532471e-01
5.766666666666666607e+00,7.649611234664916992e-01
5.799999999999999822e+00,-5.998349189758300781e-01
5.833333333333333037e+00,-6.598294973373413086e-01
5.866666666666666252e+00,7.210825085639953613e-01
5.900000000000000355e+00,-3.332825005054473877e-02
5.933333333333333570e+00,-5.609998106956481934e-01
5.966666666666666785e+00,6.246660351753234863e-01
6.000000000000000000e+00,2.756036221981048584e-01
6.033333333333333215e+00,-9.095916748046875000e-01
6.066666666666666430e+00,1.287801265716552734e-01
6.099999999999999645e+00,1.400610089302062988e+00
6.133333333333332860e+00,1.138382852077484131e-01
6.166666666666666963e+00,-1.159039258956909180e+00
6.200000000000000178e+00,-1.190114691853523254e-01
6.233333333333333393e+00,1.008837699890136719e+00
6.266666666666666607e+00,-4.540779590606689453e-01
6.299999999999999822e+00,-1.378489494323730469e+00
6.333333333333333037e+00,-3.163527250289916992e-01
6.366666666666666252e+00,8.907682299613952637e-01
6.400000000000000355e+00,-4.214189052581787109e-01
6.433333333333333570e+00,-7.287207841873168945e-01
6.466666666666666785e+00,5.665109753608703613e-01
6.500000000000000000e+00,5.928299427032470703e-01
6.533333333333333215e+00,-6.174943447113037109e-01
6.566666666666666430e+00,-1.358367800712585449e-01
6.599999999999999645e+00,1.067788362503051758e+00
6.633333333333332860e+00,-9.321122616529464722e-02
6.666666666666666963e+00,-1.301724195480346680e+00
6.700000000000000178e+00,-1.119142770767211914e-01
6.733333333333333393e+00,1.094745039939880371e+00
6.766666666666666607e+00,-1.874552071094512939e-01
6.799999999999999822e+00,-1.317670345306396484e+00
6.833333333333333037e+00,-2.387131303548812866e-01
6.866666666666666252e+00,6.776876449584960938e-01
6.899999999999999467e+00,-5.897716879844665527e-01
6.933333333333333570e+00,-4.898268878459930420e-01
6.966666666666666785e+00,6.312039494514465332e-01
7.000000000000000000e+00,7.756330817937850952e-02
7.033333333333333215e+00,-1.183419823646545410e+00
7.066666666666666430e+00,1.200902611017227173e-01
7.099999999999999645e+00,1.188509225845336914e+00
7.133333333333332860e+00,4.739616438746452332e-02
7.166666666666666963e+00,-1.295442938804626465e+00
7.200000000000000178e+00,-1.072803512215614319e-01
7.233333333333333393e+00,9.981715679168701172e-01
7.266666666666666607e+00,-2.426178306341171265e-01
7.299999999999999822e+00,-1.348763585090637207e+00
7.333333333333333037e+00,-1.916317827999591827e-02
7.366666666666666252e+00,1.112977623939514160e+00
7.399999999999999467e+00,-1.823290884494781494e-01
7.433333333333333570e+00,-1.311237812042236328e+00
7.466666666666666785e+00,-1.300819367170333862e-01
7.500000000000000000e+00,9.374611973762512207e-01
7.533333333333333215e+00,-3.976425528526306152e-01
7.566666666666666430e+00,-1.258736014366149902e+00
7.599999999999999645e+00,-2.693756483495235443e-02
7.633333333333332860e+00,1.121774792671203613e+00
7.666666666666666963e+00,-2.519858777523040771e-01
7.700000000000000178e+00,-1.344523549079895020e+00
7.733333333333333393e+00,-1.236552894115447998e-01
7.766666666666666607e+00,9.648230671882629395e-01
7.799999999999999822e+00,-4.632172882556915283e-01
7.833333333333333037e+00,-1.131386756896972656e+00
7.866666666666666252e+00,5.335287377238273621e-02
7.899999999999999467e+00,1.177947640419006348e+00
7.933333333333333570e+00,-2.233503162860870361e-01
7.966666666666666785e+00,-1.534846901893615723e+00
8.000000000000000000e+00,-2.683298289775848389e-01
8.033333333333333215e+00,9.149833917617797852e-01
8.066666666666666430e+00,-5.500077009201049805e-01
8.099999999999999645e+00,-7.718608975410461426e-01
8.133333333333332860e+00,4.067891240119934082e-01
8.166666666666666075e+00,7.179720997810363770e-01
8.199999999999999289e+00,-6.384065151214599609e-01
8.233333333333332504e+00,-4.264764785766601562e-01
8.266666666666665719e+00,6.847029328346252441e-01
8.300000000000000711e+00,-2.970913946628570557e-01
8.333333333333333925e+00,-9.876018166542053223e-01
8.366666666666667140e+00,-3.038827478885650635e-01
8.400000000000000355e+00,1.020529985427856445e+00
8.433333333333333570e+00,-1.041401177644729614e-01
8.466666666666666785e+00,-1.444210290908813477e+00
8.500000000000000000e+00,-3.403333723545074463e-01
8.533333333333333215e+00,9.205680489540100098e-01
8.566666666666666430e+00,-3.476121425628662109e-01
8.599999999999999645e+00,-1.259191632270812988e+00
8.633333333333332860e+00,-3.668273687362670898e-01
8.666666666666666075e+00,8.361339569091796875e-01
8.699999999999999289e+00,-4.093852639198303223e-01
8.733333333333332504e+00,-1.596057653427124023e+00
8.766666666666665719e+00,-2.295690923929214478e-01
8.800000000000000711e+00,1.103968858718872070e+00
8.833333333333333925e+00,-2.760348320007324219e-01
8.866666666666667140e+00,-1.417869925498962402e+00
8.900000000000000355e+00,-4.037424027919769287e-01
8.933333333333333570e+00,5.946131944656372070e-01
8.966666666666666785e+00,-1.080921962857246399e-01
9.000000000000000000e+00,-5.134696960449218750e-01
9.033333333333333215e+00,8.810806870460510254e-01
9.066666666666666430e+00,-3.863966464996337891e-01
9.099999999999999645e+00,-1.243557095527648926e+00
9.133333333333332860e+00,5.802403390407562256e-02
9.166666666666666075e+00,1.473504662513732910e+00
9.199999999999999289e+00,1.114515364170074463e-01
9.233333333333332504e+00,-1.168044447898864746e+00
9.266666666666665719e+00,-2.950584292411804199e-01
9.300000000000000711e+00,7.954550981521606445e-01
9.333333333333333925e+00,-2.393989115953445435e-01
9.366666666666667140e+00,-1.361731290817260742e+00
9.400000000000000355e+00,-2.995617315173149109e-02
9.433333333333333570e+00,1.043872356414794922e+00
9.466666666666666785e+00,-2.548257410526275635e-01
9.500000000000000000e+00,-1.576937317848205566e+00
9.533333333333333215e+00,-4.212094247341156006e-01
9.566666666666666430e+00,7.093714475631713867e-01
9.599999999999999645e+00,-3.942042291164398193e-01
9.633333333333332860e+00,-9.570242166519165039e-01
9.666666666666666075e+00,2.155498713254928589e-01
9.699999999999999289e+00,1.585870981216430664e+00
9.733333333333332504e+00,5.836033225059509277e-01
9.766666666666665719e+00,-5.734453797340393066e-01
9.800000000000000711e+00,-1.934430599212646484e-01
9.833333333333333925e+00,9.581310153007507324e-01
9.866666666666667140e+00,-3.116083443164825439e-01
9.900000000000000355e+00,-1.577123403549194336e+00
9.933333333333333570e+00,-5.316074490547180176e-01
9.966666666666666785e+00,7.220905423164367676e-01
1.000000000000000000e+01,1.260021775960922241e-01
1.003333333333333321e+01,-1.124030947685241699e+00
1.006666666666666643e+01,1.048712655901908875e-01
1.009999999999999964e+01,1.296392202377319336e+00
1.013333333333333286e+01,1.242716759443283081e-01
1.016666666666666607e+01,-1.006747722625732422e+00
1.019999999999999929e+01,1.082366034388542175e-01
1.023333333333333250e+01,1.370235204696655273e+00
1.026666666666666572e+01,3.008878529071807861e-01
1.030000000000000071e+01,-1.022125124931335449e+00
1.033333333333333393e+01,2.576801478862762451e-01
1.036666666666666714e+01,1.491270422935485840e+00
1.040000000000000036e+01,3.353784680366516113e-01
1.043333333333333357e+01,-9.770299792289733887e-01
1.046666666666666679e+01,8.248434960842132568e-02
1.050000000000000000e+01,1.202174305915832520e+00
1.053333333333333321e+01,-4.507493227720260620e-02
1.056666666666666643e+01,-1.328810572624206543e+00
1.059999999999999964e+01,-1.497500538825988770e-01
1.063333333333333286e+01,1.068765878677368164e+00
1.066666666666666607e+01,-2.284451872110366821e-01
1.069999999999999929e+01,-1.425199985504150391e+00
1.073333333333333250e+01,-2.942841053009033203e-01
1.076666666666666572e+01,8.967443108558654785e-01
1.080000000000000071e+01,-1.614685207605361938e-01
1.083333333333333393e+01,-1.452733755111694336e+00
1.086666666666666714e+01,-3.423400521278381348e-01
1.090000000000000036e+01,8.153646588325500488e-01
1.093333333333333357e+01,-6.346871852874755859e-01
1.096666666666666679e+01,-7.409536838531494141e-01
1.100000000000000000e+01,4.348525106906890869e-01
1.103333333333333321e+01,7.776660323143005371e-01
1.106666666666666643e+01,-4.311823844909667969e-01
1.109999999999999964e+01,-8.442143201828002930e-01
1.113333333333333286e+01,4.054111540317535400e-01
1.116666666666666607e+01,9.450253844261169434e-01
1.119999999999999929e+01,-4.093438982963562012e-01
1.123333333333333250e+01,-1.352745175361633301e+00
1.126666666666666572e+01,-2.107332348823547363e-01
1.130000000000000071e+01,1.147818207740783691e+00
1.133333333333333393e+01,-1.802252680063247681e-01
1.136666666666666714e+01,-1.312727808952331543e+00
1.140000000000000036e+01,-7.869047671556472778e-02
1.143333333333333357e+01,9.996685385704040527e-01
1.146666666666666679e+01,-2.597428858280181885e-01
1.150000000000000000e+01,-1.444641113281250000e+00
1.153333333333333321e+01,-5.100196003913879395e-01
1.156666666666666643e+01,7.200908064842224121e-01
1.159999999999999964e+01,-5.884335637092590332e-01
1.163333333333333286e+01,-6.641653180122375488e-01
1.166666666666666607e+01,5.425624847412109375e-01
1.169999999999999929e+01,4.788295328617095947e-01
1.173333333333333250e+01,-6.912031173706054688e-01
1.176666666666666572e+01,-2.458815872669219971e-01
1.180000000000000071e+01,1.062432050704956055e+00
1.183333333333333393e+01,7.318999152630567551e-03
1.186666666666666714e+01,-1.330268263816833496e+00
1.190000000000000036e+01,-2.284451387822628021e-02
1.193333333333333357e+01,1.131050348281860352e+00
1.196666666666666679e+01,-1.990515142679214478e-01
1.200000000000000000e+01,-1.324357628822326660e+00
1.203333333333333321e+01,-3.868212997913360596e-01
1.206666666666666643e+01,7.098980545997619629e-01
1.209999999999999964e+01,-3.051626682281494141e-01
1.213333333333333286e+01,-6.701080203056335449e-01
1.216666666666666607e+01,7.027097940444946289e-01
1.219999999999999929e+01,4.611721634864807129e-01
1.223333333333333250e+01,-8.421182036399841309e-01
1.226666666666666572e+01,4.116429388523101807e-01
1.230000000000000071e+01,9.016760587692260742e-01
1.233333333333333393e+01,-2.005483806133270264e-01
1.236666666666666714e+01,-1.394420504570007324e+00
1.240000000000000036e+01,-2.675341069698333740e-01
1.243333333333333357e+01,7.148314118385314941e-01
1.246666666666666679e+01,-3.705779314041137695e-01
1.250000000000000000e+01,-1.242501378059387207e+00
1.253333333333333321e+01,-2.735303938388824463e-01
1.256666666666666643e+01,7.972477674484252930e-01
1.259999999999999964e+01,-2.284751385450363159e-01
1.263333333333333286e+01,-1.998314261436462402e-01
1.266666666666666607e+01,9.813613891601562500e-01
1.269999999999999929e+01,-3.390567898750305176e-01
1.273333333333333250e+01,-1.356222867965698242e+00
1.276666666666666572e+01,-6.950198858976364136e-02
1.280000000000000071e+01,1.072716951370239258e+00
1.283333333333333393e+01,-2.078478485345840454e-01
1.286666666666666714e+01,-1.593210935592651367e+00
1.290000000000000036e+01,-2.811186313629150391e-01
1.293333333333333357e+01,9.970084428787231445e-01
1.296666666666666679e+01,-1.369025856256484985e-01
1.300000000000000000e+01,-1.348133683204650879e+00
1.303333333333333321e+01,-3.256999254226684570e-01
1.306666666666666643e+01,7.081216573715209961e-01
1.309999999999999964e+01,-4.519802331924438477e-01
1.313333333333333286e+01,-5.633825659751892090e-01
1.316666666666666607e+01,7.310139536857604980e-01
1.319999999999999929e+01,5.233014374971389771e-02
1.323333333333333250e+01,-1.272097945213317871e+00
1.326666666666666572e+01,-9.699682146310806274e-02
1.329999999999999893e+01,1.127704262733459473e+00
1.333333333333333393e+01,-9.754906594753265381e-02
1.336666666666666714e+01,-1.442873239517211914e+00
1.340000000000000036e+01,-1.887616217136383057e-01
1.343333333333333357e+01,1.099386692047119141e+00
1.346666666666666679e+01,-7.966700196266174316e-02
1.350000000000000000e+01,-1.432381272315979004e+00
1.353333333333333321e+01,-3.454011976718902588e-01
1.356666666666666643e+01,4.527106285095214844e-01
1.359999999999999964e+01,-1.217078715562820435e-01
1.363333333333333286e+01,-8.695468902587890625e-01
1.366666666666666607e+01,2.867467403411865234e-01
1.369999999999999929e+01,9.645438790321350098e-01
1.373333333333333250e+01,-2.098488062620162964e-01
1.376666666666666572e+01,-1.468426108360290527e+00
1.379999999999999893e+01,-3.875336945056915283e-01
1.383333333333333393e+01,8.148431181907653809e-01
1.386666666666666714e+01,-4.245819449424743652e-01
1.390000000000000036e+01,-7.476905584335327148e-01
1.393333333333333357e+01,3.268299102783203125e-01
1.396666666666666679e+01,1.012692093849182129e+00
1.400000000000000000e+01,-1.782923638820648193e-01
1.403333333333333321e+01,-1.642264842987060547e+00
1.406666666666666643e+01,-3.976232409477233887e-01
1.409999999999999964e+01,7.983681559562683105e-01
1.413333333333333286e+01,-3.828022181987762451e-01
1.416666666666666607e+01,-6.429849863052368164e-01
1.419999999999999929e+01,5.727516412734985352e-01
1.423333333333333250e+01,1.505955010652542114e-01
1.426666666666666572e+01,-9.963746070861816406e-01
1.429999999999999893e+01,4.512671828269958496e-01
1.433333333333333393e+01,1.150938391685485840e+00
1.436666666666666714e+01,-4.096405953168869019e-02
1.440000000000000036e+01,-1.297217369079589844e+00
1.443333333333333357e+01,-9.363274276256561279e-02
1.446666666666666679e+01,9.366262555122375488e-01
1.450000000000000000e+01,-3.164992332458496094e-01
1.453333333333333321e+01,-1.407110810279846191e+00
1.456666666666666643e+01,-2.975181639194488525e-01
1.459999999999999964e+01,8.760787248611450195e-01
1.463333333333333286e+01,-3.990985155105590820e-01
1.466666666666666607e+01,-9.811435341835021973e-01
1.469999999999999929e+01,2.698508203029632568e-01
1.473333333333333250e+01,1.437140464782714844e+00
1.476666666666666572e+01,5.430912598967552185e-03
1.479999999999999893e+01,-1.077740192413330078e+00
1.483333333333333393e+01,-3.318644165992736816e-01
1.486666666666666714e+01,9.063981175422668457e-01
1.490000000000000036e+01,-5.624870061874389648e-01
1.493333333333333357e+01,-1.013574838638305664e+00
1.496666666666666679e+01,3.658378720283508301e-01
1.500000000000000000e+01,1.263372659683227539e+00
1.503333333333333321e+01,9.890820831060409546e-02
1.506666666666666643e+01,-1.078718543052673340e+00
1.509999999999999964e+01,8.129262179136276245e-02
1.513333333333333286e+01,1.032463788986206055e+00
1.516666666666666607e+01,-3.225635290145874023e-01
1.519999999999999929e+01,-1.745764255523681641e+00
1.523333333333333250e+01,-9.456655979156494141e-01
1.526666666666666572e+01,2.757443785667419434e-01
1.529999999999999893e+01,1.209506750106811523e+00
1.533333333333333393e+01,-1.683800518512725830e-01
1.536666666666666714e+01,-1.419399380683898926e+00
1.540000000000000036e+01,-1.960905939340591431e-01
1.543333333333333357e+01,9.428903460502624512e-01
1.546666666666666679e+01,-3.179335892200469971e-01
1.550000000000000000e+01,-1.332216620445251465e+00
1.553333333333333321e+01,-3.922349214553833008e-01
1.556666666666666643e+01,9.723858833312988281e-01
1.559999999999999964e+01,-2.323957383632659912e-01
1.563333333333333286e+01,-1.676254153251647949e+00
1.566666666666666607e+01,-5.391642451286315918e-01
1.569999999999999929e+01,4.337982833385467529e-01
1.573333333333333250e+01,5.976904034614562988e-01
1.576666666666666572e+01,-6.832984089851379395e-01
1.579999999999999893e+01,-1.945536285638809204e-01
1.583333333333333393e+01,8.423985838890075684e-01
1.586666666666666714e+01,-5.166535973548889160e-01
1.590000000000000036e+01,-7.968811392784118652e-01
1.593333333333333357e+01,5.588427782058715820e-01
1.596666666666666679e+01,6.829163432121276855e-01
1.600000000000000000e+01,-6.164436340332031250e-01
1.603333333333333144e+01,-3.965332508087158203e-01
1.606666666666666643e+01,7.632738947868347168e-01
1.610000000000000142e+01,-2.359754294157028198e-01
1.613333333333333286e+01,-1.434072494506835938e+00
1.616666666666666785e+01,-2.754593491554260254e-01
1.619999999999999929e+01,1.144908785820007324e+00
1.623333333333333428e+01,2.999045848846435547e-01
1.626666666666666572e+01,-9.215437173843383789e-01
1.630000000000000071e+01,2.047919929027557373e-01
1.633333333333333215e+01,1.520338535308837891e+00
1.636666666666666714e+01,4.091250002384185791e-01
1.639999999999999858e+01,-8.982073664665222168e-01
1.643333333333333357e+01,-7.913231849670410156e-01
1.646666666666666501e+01,4.417892098426818848e-01
1.650000000000000000e+01,1.170547246932983398e+00
1.653333333333333144e+01,-1.620202213525772095e-01
1.656666666666666643e+01,-1.367582201957702637e+00
1.660000000000000142e+01,-1.168189570307731628e-01
1.663333333333333286e+01,1.291286230087280273e+00
1.666666666666666785e+01,9.456589072942733765e-02
1.669999999999999929e+01,-9.240002036094665527e-01
1.673333333333333428e+01,1.096334904432296753e-01
1.676666666666666572e+01,1.198420166969299316e+00
1.680000000000000071e+01,4.829110112041234970e-04
1.683333333333333215e+01,-1.130394101142883301e+00
1.686666666666666714e+01,-1.961018741130828857e-01
1.689999999999999858e+01,7.790050506591796875e-01
1.693333333333333357e+01,-5.737351775169372559e-01
1.696666666666666501e+01,-3.868375420570373535e-01
1.700000000000000000e+01,8.927511572837829590e-01
1.703333333333333144e+01,-2.583668828010559082e-01
1.706666666666666643e+01,-1.318354725837707520e+00
1.710000000000000142e+01,-3.684014678001403809e-01
1.713333333333333286e+01,1.018008828163146973e+00
1.716666666666666785e+01,-1.679109632968902588e-01
1.719999999999999929e+01,-1.609631657600402832e+00
1.723333333333333428e+01,-6.368843913078308105e-01
1.726666666666666572e+01,5.858205556869506836e-01
1.730000000000000071e+01,3.637646436691284180e-01
1.733333333333333215e+01,-1.114909172058105469e+00
1.736666666666666714e+01,-8.903325349092483521e-02
1.739999999999999858e+01,8.543407320976257324e-01
1.743333333333333357e+01,-3.422813117504119873e-01
1.746666666666666501e+01,-1.189418673515319824e+00
1.750000000000000000e+01,-2.877158112823963165e-02
1.753333333333333144e+01,1.230208754539489746e+00
1.756666666666666643e+01,-1.247502863407135010e-02
1.760000000000000142e+01,-1.397917509078979492e+00
1.763333333333333286e+01,-3.256894946098327637e-01
1.766666666666666785e+01,9.253279566764831543e-01
1.769999999999999929e+01,-1.816636174917221069e-01
1.773333333333333428e+01,-1.417575120925903320e+00
1.776666666666666572e+01,-3.013997972011566162e-01
1.780000000000000071e+01,9.702333807945251465e-01
1.783333333333333215e+01,-3.060747087001800537e-01
1.786666666666666714e+01,-1.353319168090820312e+00
1.789999999999999858e+01,-3.884149789810180664e-01
1.793333333333333357e+01,6.065976023674011230e-01
1.796666666666666501e+01,-3.078351318836212158e-01
1.800000000000000000e+01,-5.133883357048034668e-01
1.803333333333333144e+01,5.931464433670043945e-01
1.806666666666666643e+01,5.311898589134216309e-01
1.810000000000000142e+01,-6.108089089393615723e-01
1.813333333333333286e+01,4.320011138916015625e-01
1.816666666666666785e+01,1.190455913543701172e+00
1.819999999999999929e+01,-1.130316331982612610e-01
1.823333333333333428e+01,-1.242270588874816895e+00
1.826666666666666572e+01,-3.439377993345260620e-02
1.830000000000000071e+01,1.092673063278198242e+00
1.833333333333333215e+01,-1.811213940382003784e-01
1.836666666666666714e+01,-9.919871091842651367e-01
1.839999999999999858e+01,3.026975095272064209e-01
1.843333333333333357e+01,1.425080180168151855e+00
1.846666666666666501e+01,1.396948993206024170e-01
1.850000000000000000e+01,-1.069560885429382324e+00
1.853333333333333144e+01,5.403430201113224030e-03
1.856666666666666643e+01,1.029573321342468262e+00
1.860000000000000142e+01,-3.343727290630340576e-01
1.863333333333333286e+01,-1.509663701057434082e+00
1.866666666666666785e+01,-2.401230037212371826e-01
1.869999999999999929e+01,1.104902029037475586e+00
1.873333333333333428e+01,-2.650028467178344727e-01
1.876666666666666572e+01,-1.400895595550537109e+00
1.880000000000000071e+01,-3.330695033073425293e-01
1.883333333333333215e+01,8.937465548515319824e-01
1.886666666666666714e+01,-2.126088291406631470e-01
1.889999999999999858e+01,-1.224437355995178223e+00
1.893333333333333357e+01,-1.273497194051742554e-01
1.896666666666666501e+01,9.519410729408264160e-01
1.900000000000000000e+01,-4.697399735450744629e-01
1.903333333333333144e+01,-2.026566118001937866e-01
1.906666666666666643e+01,1.091512203216552734e+00
1.910000000000000142e+01,-9.524857997894287109e-02
1.913333333333333286e+01,-1.134394049644470215e+00
1.916666666666666785e+01,-1.044648960232734680e-01
1.919999999999999929e+01,9.519676566123962402e-01
1.923333333333333428e+01,1.011386048048734665e-03
1.926666666666666572e+01,-1.209608435630798340e+00
1.930000000000000071e+01,-1.297713220119476318e-01
1.933333333333333215e+01,8.369958996772766113e-01
1.936666666666666714e+01,-2.668163180351257324e-01
1.939999999999999858e+01,-1.405095696449279785e+00
1.943333333333333357e+01,-2.875594496726989746e-01
1.946666666666666501e+01,9.091734886169433594e-01
1.950000000000000000e+01,-3.142829239368438721e-01
1.953333333333333144e+01,-6.682146191596984863e-01
1.956666666666666643e+01,5.650115609169006348e-01
1.960000000000000142e+01,2.826634347438812256e-01
1.963333333333333286e+01,-8.207385540008544922e-01
1.966666666666666785e+01,5.147667527198791504e-01
1.969999999999999929e+01,1.103650808334350586e+00
1.973333333333333428e+01,-1.553514897823333740e-01
1.976666666666666572e+01,-1.282329678535461426e+00
1.980000000000000071e+01,-1.928570121526718140e-01
1.983333333333333215e+01,8.089999556541442871e-01
1.986666666666666714e+01,-5.357345342636108398e-01
1.989999999999999858e+01,-4.097309410572052002e-01
1.993333333333333357e+01,9.083449244499206543e-01
1.996666666666666501e+01,-3.777729272842407227e-01
2.000000000000000000e+01,-1.465986371040344238e+00
2.003333333333333144e+01,-3.661138415336608887e-01
2.006666666666666643e+01,1.071555137634277344e+00
2.010000000000000142e+01,-3.659181594848632812e-01
2.013333333333333286e+01,-4.638937413692474365e-01
2.016666666666666785e+01,8.332959413528442383e-01
2.019999999999999929e+01,-3.043249547481536865e-01
2.023333333333333428e+01,-1.193327903747558594e+00
2.026666666666666572e+01,1.179141104221343994e-01
2.030000000000000071e+01,1.360453009605407715e+00
2.033333333333333215e+01,2.093877345323562622e-01
2.036666666666666714e+01,-8.441947102546691895e-01
2.039999999999999858e+01,-5.762678012251853943e-02
2.043333333333333357e+01,1.044846177101135254e+00
2.046666666666666501e+01,-1.824436038732528687e-01
2.050000000000000000e+01,-1.277435898780822754e+00
2.053333333333333144e+01,-7.188413292169570923e-02
2.056666666666666643e+01,1.025810480117797852e+00
2.060000000000000142e+01,-1.041317656636238098e-01
2.063333333333333286e+01,-1.355903148651123047e+00
2.066666666666666785e+01,-4.080940037965774536e-03
2.069999999999999929e+01,1.085420727729797363e+00
2.073333333333333428e+01,-1.529918462038040161e-01
2.076666666666666572e+01,-1.345346927642822266e+00
2.080000000000000071e+01,-3.985352218151092529e-01
2.083333333333333215e+01,9.281361699104309082e-01
2.086666666666666714e+01,-1.919166445732116699e-01
2.089999999999999858e+01,-1.599170684814453125e+00
2.093333333333333357e+01,-3.839576244354248047e-01
2.096666666666666501e+01,7.587047815322875977e-01
2.100000000000000000e+01,-1.859709769487380981e-01
2.103333333333333144e+01,-1.032783627510070801e+00
2.106666666666666643e+01,2.818445861339569092e-01
2.110000000000000142e+01,1.423763036727905273e+00
2.113333333333333286e+01,-8.058495819568634033e-02
2.116666666666666785e+01,-1.132665395736694336e+00
2.119999999999999929e+01,6.243647262454032898e-02
2.123333333333333428e+01,1.363214254379272461e+00
2.126666666666666572e+01,-7.373971492052078247e-02
2.130000000000000071e+01,-1.230939269065856934e+00
2.133333333333333215e+01,-9.826172590255737305e-01
2.136666666666666714e+01,2.896009683609008789e-01
2.139999999999999858e+01,1.426796913146972656e+00
2.143333333333333357e+01,5.449804663658142090e-02
2.146666666666666501e+01,-1.107152462005615234e+00
2.150000000000000000e+01,-6.639281660318374634e-02
2.153333333333333144e+01,1.207455635070800781e+00
2.156666666666666643e+01,8.082392811775207520e-02
2.160000000000000142e+01,-9.907184243202209473e-01
2.163333333333333286e+01,2.122464776039123535e-02
2.166666666666666785e+01,1.106017827987670898e+00
2.169999999999999929e+01,-1.434027105569839478e-01
2.173333333333333428e+01,-1.502946257591247559e+00
2.176666666666666572e+01,-4.517748653888702393e-01
2.180000000000000071e+01,7.253596782684326172e-01
2.183333333333333215e+01,-4.142711758613586426e-01
2.186666666666666714e+01,-8.393599987030029297e-01
2.189999999999999858e+01,3.748727440834045410e-01
2.193333333333333357e+01,8.751996159553527832e-01
2.196666666666666501e+01,-4.620947241783142090e-01
2.200000000000000000e+01,-7.664194703102111816e-01
2.203333333333333144e+01,3.804161250591278076e-01
2.206666666666666643e+01,1.278218269348144531e+00
2.210000000000000142e+01,-3.589040935039520264e-01
2.213333333333333286e+01,-1.511889100074768066e+00
2.216666666666666785e+01,-3.833932876586914062e-01
2.219999999999999929e+01,8.093752264976501465e-01
2.223333333333333428e+01,-5.013079047203063965e-01
2.226666666666666572e+01,-7.246307730674743652e-01
2.230000000000000071e+01,2.663755416870117188e-01
2.233333333333333215e+01,7.310698032379150391e-01
2.236666666666666714e+01,-6.723332405090332031e-01
2.239999999999999858e+01,-9.701195359230041504e-01
2.243333333333333357e+01,2.274446040391921997e-01
2.246666666666666501e+01,1.413157701492309570e+00
2.250000000000000000e+01,1.977840960025787354e-01
2.253333333333333144e+01,-1.334158182144165039e+00
2.256666666666666643e+01,-2.876417934894561768e-01
2.260000000000000142e+01,7.857775092124938965e-01
2.263333333333333286e+01,-3.013174831867218018e-01
2.266666666666666785e+01,-1.025800228118896484e+00
2.269999999999999929e+01,1.788327544927597046e-01
2.273333333333333428e+01,1.237249255180358887e+00
2.276666666666666572e+01,-9.883815795183181763e-02
2.280000000000000071e+01,-1.292683124542236328e+00
2.283333333333333215e+01,-2.428093105554580688e-01
2.286666666666666714e+01,1.001290559768676758e+00
2.289999999999999858e+01,-2.575863599777221680e-01
2.293333333333333357e+01,-1.213274359703063965e+00
2.296666666666666501e+01,2.209955006837844849e-01
2.300000000000000000e+01,1.242901086807250977e+00
2.303333333333333144e+01,-2.526470124721527100e-01
2.306666666666666643e+01,-1.483783602714538574e+00
2.310000000000000142e+01,-2.632216215133666992e-01
2.313333333333333286e+01,5.042213201522827148e-01
2.316666666666666785e+01,-5.317027568817138672e-01
2.319999999999999929e+01,1.587709635496139526e-01
2.323333333333333428e+01,1.134274601936340332e+00
2.326666666666666572e+01,-1.713777780532836914e-01
2.330000000000000071e+01,-1.409724235534667969e+00
2.333333333333333215e+01,-2.667934596538543701e-01
2.336666666666666714e+01,9.593182802200317383e-01
2.339999999999999858e+01,-2.330400645732879639e-01
2.343333333333333357e+01,-9.850431680679321289e-01
2.346666666666666501e+01,2.109280824661254883e-01
2.350000000000000000e+01,1.575378537178039551e+00
2.353333333333333144e+01,3.414044082164764404e-01
2.356666666666666643e+01,-8.449144363403320312e-01
2.360000000000000142e+01,2.749724090099334717e-01
2.363333333333333286e+01,1.214615583419799805e+00
2.366666666666666785e+01,-9.358368068933486938e-02
2.369999999999999929e+01,-1.400461316108703613e+00
2.373333333333333428e+01,-1.474444419145584106e-01
2.376666666666666572e+01,1.098337769508361816e+00
2.380000000000000071e+01,-1.748522371053695679e-01
2.383333333333333215e+01,-1.398058652877807617e+00
2.386666666666666714e+01,-3.002548515796661377e-01
2.389999999999999858e+01,1.034111022949218750e+00
2.393333333333333357e+01,-1.488403528928756714e-01
2.396666666666666501e+01,-1.323605537414550781e+00
2.400000000000000000e+01,-1.491000503301620483e-01
2.403333333333333144e+01,9.170834422111511230e-01
2.406666666666666643e+01,-3.023627698421478271e-01
2.410000000000000142e+01,-1.319848418235778809e+00
2.413333333333333286e+01,-1.303365379571914673e-01
2.416666666666666785e+01,7.769854664802551270e-01
2.419999999999999929e+01,-3.954380452632904053e-01
2.423333333333333428e+01,-1.347541511058807373e-01
2.426666666666666572e+01,7.527053952217102051e-01
2.430000000000000071e+01,-7.189812660217285156e-01
2.433333333333333215e+01,-1.173152089118957520e+00
2.436666666666666714e+01,-8.375514298677444458e-02
2.439999999999999858e+01,1.295047521591186523e+00
2.443333333333333357e+01,8.625627495348453522e-03
2.446666666666666501e+01,-1.151100039482116699e+00
2.450000000000000000e+01,-5.292969569563865662e-02
2.453333333333333144e+01,1.193968296051025391e+00
2.456666666666666643e+01,-3.003373742103576660e-01
2.460000000000000142e+01,-1.448261737823486328e+00
2.463333333333333286e+01,-3.168688416481018066e-01
2.466666666666666785e+01,9.791343808174133301e-01
2.469999999999999929e+01,-3.242813050746917725e-01
2.473333333333333428e+01,-1.275337934494018555e+00
2.476666666666666572e+01,-4.846363961696624756e-01
2.480000000000000071e+01,6.936259865760803223e-01
2.483333333333333215e+01,-2.237558215856552124e-01
2.486666666666666714e+01,-7.102947235107421875e-01
2.489999999999999858e+01,5.125809311866760254e-01
2.493333333333333357e+01,8.708373904228210449e-01
2.496666666666666501e+01,-5.623021125793457031e-01
2.500000000000000000e+01,-6.482529640197753906e-01
2.503333333333333144e+01,6.030616164207458496e-01
2.506666666666666643e+01,3.995366096496582031e-01
2.510000000000000142e+01,-7.773599624633789062e-01
2.513333333333333286e+01,1.952193230390548706e-01
2.516666666666666785e+01,1.260153532028198242e+00
2.519999999999999929e+01,-3.254840895533561707e-02
2.523333333333333428e+01,-1.206503272056579590e+00
2.526666666666666572e+01,-2.933028340339660645e-02
2.530000000000000071e+01,1.303519129753112793e+00
2.533333333333333215e+01,1.457745879888534546e-01
2.536666666666666714e+01,-1.042207360267639160e+00
2.539999999999999858e+01,2.547739744186401367e-01
2.543333333333333357e+01,1.399696111679077148e+00
2.546666666666666501e+01,2.465681284666061401e-01
2.550000000000000000e+01,-8.596533536911010742e-01
2.553333333333333144e+01,1.372644305229187012e-01
2.556666666666666643e+01,1.255101323127746582e+00
2.560000000000000142e+01,1.718253195285797119e-01
2.563333333333333286e+01,-1.154523491859436035e+00
2.566666666666666785e+01,-1.016204431653022766e-01
2.569999999999999929e+01,1.363387703895568848e+00
2.573333333333333428e+01,3.072154819965362549e-01
2.576666666666666572e+01,-1.116019845008850098e+00
2.580000000000000071e+01,-5.360742285847663879e-02
2.583333333333333215e+01,1.275696277618408203e+00
2.586666666666666714e+01,-2.685168087482452393e-01
2.589999999999999858e+01,-1.720508933067321777e+00
2.593333333333333357e+01,-5.952633619308471680e-01
2.596666666666666501e+01,4.301326572895050049e-01
2.600000000000000000e+01,1.175555109977722168e+00
2.603333333333333144e+01,-1.580899506807327271e-01
2.606666666666666643e+01,-1.572982072830200195e+00
2.609999999999999787e+01,-8.750017285346984863e-01
2.613333333333333286e+01,1.126027479767799377e-01
2.616666666666666785e+01,1.573997855186462402e+00
2.619999999999999929e+01,2.727887928485870361e-01
2.623333333333333428e+01,-9.868845343589782715e-01
2.626666666666666572e+01,3.372260928153991699e-01
2.630000000000000071e+01,1.619410753250122070e+00
2.633333333333333215e+01,5.070853233337402344e-01
2.636666666666666714e+01,-7.236236333847045898e-01
2.639999999999999858e+01,-3.227207064628601074e-02
2.643333333333333357e+01,1.247796773910522461e+00
2.646666666666666501e+01,-2.142639085650444031e-02
2.650000000000000000e+01,-1.259208083152770996e+00
2.653333333333333144e+01,3.374579548835754395e-02
2.656666666666666643e+01,1.237063050270080566e+00
2.659999999999999787e+01,-7.008017599582672119e-02
2.663333333333333286e+01,-1.337294101715087891e+00
2.666666666666666785e+01,-6.809007376432418823e-02
2.669999999999999929e+01,1.007349729537963867e+00
2.673333333333333428e+01,-3.869110345840454102e-01
2.676666666666666572e+01,-1.154776930809020996e+00
2.680000000000000071e+01,-9.336195886135101318e-03
2.683333333333333215e+01,1.317949771881103516e+00
2.686666666666666714e+01,-4.745187703520059586e-03
2.689999999999999858e+01,-1.202874302864074707e+00
2.693333333333333357e+01,-2.574276551604270935e-02
2.696666666666666501e+01,1.155819892883300781e+00
2.700000000000000000e+01,-3.229662477970123291e-01
2.703333333333333144e+01,-1.408913254737854004e+00
2.706666666666666643e+01,-4.643902480602264404e-01
2.709999999999999787e+01,5.711495280265808105e-01
2.713333333333333286e+01,-1.832355111837387085e-01
2.716666666666666785e+01,-4.665360152721405029e-01
2.719999999999999929e+01,6.004797816276550293e-01
2.723333333333333428e+01,-3.841109573841094971e-02
2.726666666666666572e+01,-1.045594930648803711e+00
2.730000000000000071e+01,5.102178081870079041e-02
2.733333333333333215e+01,1.257150888442993164e+00
2.736666666666666714e+01,1.769599467515945435e-01
2.739999999999999858e+01,-1.291297554969787598e+00
2.743333333333333357e+01,-2.279088944196701050e-01
2.746666666666666501e+01,9.563888907432556152e-01
2.750000000000000000e+01,-3.002536296844482422e-01
2.753333333333333144e+01,-1.405256748199462891e+00
2.756666666666666643e+01,-3.151843249797821045e-01
2.759999999999999787e+01,7.332467436790466309e-01
2.763333333333333286e+01,-5.251971483230590820e-01
2.766666666666666785e+01,-5.409196615219116211e-01
2.769999999999999929e+01,6.896066665649414062e-01
2.773333333333333428e+01,3.605317771434783936e-01
2.776666666666666572e+01,-1.089216351509094238e+00
2.780000000000000071e+01,2.900398969650268555e-01
2.783333333333333215e+01,1.481192708015441895e+00
2.786666666666666714e+01,1.359201371669769287e-01
2.789999999999999858e+01,-3.778909742832183838e-01
2.793333333333333357e+01,3.230998516082763672e-01
2.796666666666666501e+01,-1.421590894460678101e-01
2.800000000000000000e+01,-2.532666921615600586e-01
2.803333333333333144e+01,1.071610093116760254e+00
2.806666666666666643e+01,-6.914438307285308838e-02
2.809999999999999787e+01,-1.445443034172058105e+00
2.813333333333333286e+01,-1.752292960882186890e-01
2.816666666666666785e+01,9.558546543121337891e-01
2.819999999999999929e+01,-2.344128340482711792e-01
2.823333333333333428e+01,-7.458664774894714355e-01
2.826666666666666572e+01,5.666460394859313965e-01
2.830000000000000071e+01,6.090760827064514160e-01
2.833333333333333215e+01,-6.539576053619384766e-01
2.836666666666666714e+01,-3.195858597755432129e-01
2.839999999999999858e+01,7.441614866256713867e-01
2.843333333333333357e+01,-2.103233188390731812e-01
2.846666666666666501e+01,-1.193361759185791016e+00
2.850000000000000000e+01,-4.918956011533737183e-02
2.853333333333333144e+01,1.163368344306945801e+00
2.856666666666666643e+01,-1.557027846574783325e-01
2.859999999999999787e+01,-1.266338348388671875e+00
2.863333333333333286e+01,-2.292380332946777344e-01
2.866666666666666785e+01,9.283725619316101074e-01
2.869999999999999929e+01,-3.744287788867950439e-01
2.873333333333333428e+01,-1.499652981758117676e+00
2.876666666666666572e+01,-6.670574843883514404e-02
2.880000000000000071e+01,1.321366906166076660e+00
2.883333333333333215e+01,5.850210189819335938e-01
2.886666666666666714e+01,-8.795588016510009766e-01
2.889999999999999858e+01,2.545399665832519531e-01
2.893333333333333357e+01,1.215472340583801270e+00
2.896666666666666501e+01,-1.683025956153869629e-01
2.900000000000000000e+01,-1.472389698028564453e+00
2.903333333333333144e+01,-2.728041708469390869e-01
2.906666666666666643e+01,6.867399215698242188e-01
2.909999999999999787e+01,-5.036695003509521484e-01
2.913333333333333286e+01,-6.221486330032348633e-01
2.916666666666666785e+01,4.477921128273010254e-01
2.919999999999999929e+01,8.765563368797302246e-01
2.923333333333333428e+01,-6.996836662292480469e-01
2.926666666666666572e+01,-6.145380064845085144e-02
2.930000000000000071e+01,1.132036924362182617e+00
2.933333333333333215e+01,-2.639302313327789307e-01
2.936666666666666714e+01,-1.626883387565612793e+00
2.939999999999999858e+01,-5.143834948539733887e-01
2.943333333333333357e+01,7.114722728729248047e-01
2.946666666666666501e+01,-4.308379814028739929e-02
2.950000000000000000e+01,-1.322197675704956055e+00
2.953333333333333144e+01,-2.825168669223785400e-01
2.956666666666666643e+01,9.461124539375305176e-01
2.959999999999999787e+01,-1.990638077259063721e-01
2.963333333333333286e+01,-1.608714938163757324e+00
2.966666666666666785e+01,-4.684216678142547607e-01
2.969999999999999929e+01,7.350135445594787598e-01
2.973333333333333428e+01,-2.136576920747756958e-01
2.976666666666666572e+01,-1.075984835624694824e+00
2.980000000000000071e+01,1.249020993709564209e-01
2.983333333333333215e+01,1.178924202919006348e+00
2.986666666666666714e+01,1.072366982698440552e-01
2.989999999999999858e+01,-1.164859533309936523e+00
2.993333333333333357e+01,2.587136626243591309e-02
2.996666666666666501e+01,1.190717220306396484e+00
3.000000000000000000e+01,-2.491303905844688416e-02
3.003333333333333144e+01,-1.234939217567443848e+00
3.006666666666666643e+01,-1.834351420402526855e-01
3.009999999999999787e+01,1.078914165496826172e+00
3.013333333333333286e+01,-2.799117565155029297e-02
3.016666666666666785e+01,-1.352529048919677734e+00
3.019999999999999929e+01,-2.531419396400451660e-01
3.023333333333333428e+01,1.106497287750244141e+00
3.026666666666666572e+01,-1.298262327909469604e-01
3.030000000000000071e+01,-1.438991427421569824e+00
3.033333333333333215e+01,-3.233477473258972168e-01
3.036666666666666714e+01,1.028563141822814941e+00
3.039999999999999858e+01,-9.952659159898757935e-02
3.043333333333333357e+01,-1.365313768386840820e+00
3.046666666666666501e+01,-2.579729259014129639e-01
3.050000000000000000e+01,8.718135952949523926e-01
3.053333333333333144e+01,-3.285125195980072021e-01
3.056666666666666643e+01,-1.271259903907775879e+00
3.059999999999999787e+01,-2.227907329797744751e-01
3.063333333333333286e+01,9.227082133293151855e-01
3.066666666666666785e+01,-2.568352520465850830e-01
3.069999999999999929e+01,-1.452444672584533691e+00
3.073333333333333428e+01,-2.399605214595794678e-01
3.076666666666666572e+01,8.304691314697265625e-01
3.080000000000000071e+01,-4.094757139682769775e-01
3.083333333333333215e+01,-9.763793945312500000e-01
3.086666666666666714e+01,2.858251035213470459e-01
3.089999999999999858e+01,1.585533142089843750e+00
3.093333333333333357e+01,5.001868605613708496e-01
3.096666666666666501e+01,-7.046226859092712402e-01
3.100000000000000000e+01,1.208536252379417419e-01
3.103333333333333144e+01,1.264041662216186523e+00
3.106666666666666643e+01,6.369186192750930786e-02
3.109999999999999787e+01,-1.175996065139770508e+00
3.113333333333333286e+01,-6.062357127666473389e-02
3.116666666666666785e+01,1.117238759994506836e+00
3.119999999999999929e+01,-2.209200523793697357e-02
3.123333333333333428e+01,-1.286761879920959473e+00
3.126666666666666572e+01,-2.701866924762725830e-01
3.130000000000000071e+01,1.060033440589904785e+00
3.133333333333333215e+01,2.007524669170379639e-02
3.136666666666666714e+01,-1.083996891975402832e+00
3.139999999999999858e+01,-1.988480985164642334e-01
3.143333333333333357e+01,1.049441337585449219e+00
3.146666666666666501e+01,-1.492838263511657715e-01
3.150000000000000000e+01,-1.369422554969787598e+00
3.153333333333333144e+01,-2.681272029876708984e-01
3.156666666666666643e+01,8.297554254531860352e-01
3.159999999999999787e+01,-3.040863573551177979e-01
3.163333333333333286e+01,-1.717207431793212891e+00
3.166666666666666785e+01,-6.585255861282348633e-01
3.169999999999999929e+01,3.886744081974029541e-01
3.173333333333333428e+01,5.636122822761535645e-01
3.176666666666666572e+01,-9.558576941490173340e-01
3.180000000000000071e+01,6.738409399986267090e-02
3.183333333333333215e+01,1.461378097534179688e+00
3.186666666666666714e+01,2.697025537490844727e-01
3.189999999999999858e+01,-9.996888637542724609e-01
3.193333333333333357e+01,1.355987638235092163e-01
3.196666666666666501e+01,1.406754851341247559e+00
