0.000000000000000000e+00,1.281088567338883877e-03
3.333333333333333287e-02,-1.085236086510121822e-03
6.666666666666666574e-02,2.541261259466409683e-03
1.000000000000000056e-01,6.043469998985528946e-03
1.333333333333333315e-01,-7.087883539497852325e-03
1.666666666666666574e-01,-8.830603212118148804e-03
2.000000000000000111e-01,1.287320815026760101e-02
2.333333333333333370e-01,2.262397482991218567e-02
2.666666666666666630e-01,-6.065163295716047287e-03
2.999999999999999889e-01,-2.893948741257190704e-02
3.333333333333333148e-01,-1.018315553665161133e-02
3.666666666666666408e-01,2.743754535913467407e-03
4.000000000000000222e-01,-2.740670926868915558e-02
4.333333333333333481e-01,-5.579611286520957947e-02
4.666666666666666741e-01,-4.705783724784851074e-02
5.000000000000000000e-01,-4.490820318460464478e-02
5.333333333333333259e-01,-6.677885353565216064e-02
5.666666666666666519e-01,-7.149942964315414429e-02
5.999999999999999778e-01,-4.962552338838577271e-02
6.333333333333333037e-01,-4.412720352411270142e-02
6.666666666666666297e-01,-7.320065051317214966e-02
6.999999999999999556e-01,-9.042933583259582520e-02
7.333333333333332815e-01,-6.751939654350280762e-02
7.666666666666666075e-01,-5.049758031964302063e-02
8.000000000000000444e-01,-7.206165790557861328e-02
8.333333333333333703e-01,-9.053546935319900513e-02
8.666666666666666963e-01,-6.832550466060638428e-02
9.000000000000000222e-01,-5.043810233473777771e-02
9.333333333333333481e-01,-7.345923781394958496e-02
9.666666666666666741e-01,-9.157207608222961426e-02
1.000000000000000000e+00,-6.991950422525405884e-02
1.033333333333333215e+00,-5.495337024331092834e-02
1.066666666666666652e+00,-8.283369988203048706e-02
1.100000000000000089e+00,-1.087790951132774353e-01
1.133333333333333304e+00,-9.554479271173477173e-02
1.166666666666666741e+00,-8.468469232320785522e-02
1.199999999999999956e+00,-1.134379655122756958e-01
1.233333333333333393e+00,-1.376849114894866943e-01
1.266666666666666607e+00,-1.235141381621360779e-01
1.300000000000000044e+00,-1.155431494116783142e-01
1.333333333333333259e+00,-1.470998972654342651e-01
1.366666666666666696e+00,-1.741310060024261475e-01
1.399999999999999911e+00,-1.607606709003448486e-01
1.433333333333333348e+00,-1.504737287759780884e-01
1.466666666666666563e+00,-1.801546514034271240e-01
1.500000000000000000e+00,-2.061252743005752563e-01
1.533333333333333215e+00,-1.910591423511505127e-01
1.566666666666666652e+00,-1.791971027851104736e-01
1.600000000000000089e+00,-2.065611332654953003e-01
1.633333333333333304e+00,-2.277449816465377808e-01
1.666666666666666741e+00,-2.071561515331268311e-01
1.699999999999999956e+00,-1.922164857387542725e-01
1.733333333333333393e+00,-2.159417569637298584e-01
1.766666666666666607e+00,-2.343582659959793091e-01
1.800000000000000044e+00,-2.137583941221237183e-01
1.833333333333333259e+00,-1.996948570013046265e-01
1.866666666666666696e+00,-2.272198945283889771e-01
1.899999999999999911e+00,-2.498145252466201782e-01
1.933333333333333348e+00,-2.352178543806076050e-01
1.966666666666666563e+00,-2.279286980628967285e-01
2.000000000000000000e+00,-2.592476904392242432e-01
2.033333333333333215e+00,-2.841734290122985840e-01
2.066666666666666430e+00,-2.691133916378021240e-01
2.100000000000000089e+00,-2.577227354049682617e-01
2.133333333333333304e+00,-2.872226238250732422e-01
2.166666666666666519e+00,-3.119564354419708252e-01
2.200000000000000178e+00,-2.954753041267395020e-01
2.233333333333333393e+00,-2.836640775203704834e-01
2.266666666666666607e+00,-3.108638525009155273e-01
2.299999999999999822e+00,-3.327948451042175293e-01
2.333333333333333481e+00,-3.140441179275512695e-01
2.366666666666666696e+00,-3.019097447395324707e-01
2.399999999999999911e+00,-3.295613527297973633e-01
2.433333333333333126e+00,-3.529980778694152832e-01
2.466666666666666785e+00,-3.357094228267669678e-01
2.500000000000000000e+00,-3.223517835140228271e-01
2.533333333333333215e+00,-3.501917719841003418e-01
2.566666666666666430e+00,-3.793330490589141846e-01
2.600000000000000089e+00,-3.727665543556213379e-01
2.633333333333333304e+00,-3.616566956043243408e-01
2.666666666666666519e+00,-3.854022026062011719e-01
2.700000000000000178e+00,-4.043181836605072021e-01
2.733333333333333393e+00,-3.845784664154052734e-01
2.766666666666666607e+00,-3.726853430271148682e-01
2.799999999999999822e+00,-3.994942605495452881e-01
2.833333333333333481e+00,-4.195399880409240723e-01
2.866666666666666696e+00,-3.981901109218597412e-01
2.899999999999999911e+00,-3.799673914909362793e-01
2.933333333333333126e+00,-4.002910554409027100e-01
2.966666666666666785e+00,-4.169289171695709229e-01
3.000000000000000000e+00,-3.938650488853454590e-01
3.033333333333333215e+00,-3.764540851116180420e-01
3.066666666666666430e+00,-3.981140553951263428e-01
3.100000000000000089e+00,-4.149073660373687744e-01
3.133333333333333304e+00,-3.925399482250213623e-01
3.166666666666666519e+00,-3.753251433372497559e-01
3.200000000000000178e+00,-3.995503485202789307e-01
3.233333333333333393e+00,-4.228725731372833252e-01
3.266666666666666607e+00,-4.093638658523559570e-01
3.299999999999999822e+00,-4.010839760303497314e-01
3.333333333333333481e+00,-4.312700927257537842e-01
3.366666666666666696e+00,-4.543680250644683838e-01
3.399999999999999911e+00,-4.354274868965148926e-01
3.433333333333333126e+00,-4.213494360446929932e-01
3.466666666666666785e+00,-4.505202472209930420e-01
3.500000000000000000e+00,-4.795127213001251221e-01
3.533333333333333215e+00,-4.689972996711730957e-01
3.566666666666666430e+00,-4.603643119335174561e-01
3.600000000000000089e+00,-4.915038645267486572e-01
3.633333333333333304e+00,-5.176173448562622070e-01
3.666666666666666519e+00,-5.044502019882202148e-01
3.699999999999999734e+00,-5.011340379714965820e-01
3.733333333333333393e+00,-5.262859463691711426e-01
3.766666666666666607e+00,-5.346307754516601562e-01
3.799999999999999822e+00,-5.028616189956665039e-01
3.833333333333333481e+00,-4.750432670116424561e-01
3.866666666666666696e+00,-4.867003262042999268e-01
3.899999999999999911e+00,-4.982726871967315674e-01
3.933333333333333126e+00,-4.726996421813964844e-01
3.966666666666666785e+00,-4.547672569751739502e-01
4.000000000000000000e+00,-4.769627749919891357e-01
4.033333333333333215e+00,-4.917127490043640137e-01
4.066666666666666430e+00,-4.673224687576293945e-01
4.099999999999999645e+00,-4.488069117069244385e-01
4.133333333333332860e+00,-4.736737608909606934e-01
4.166666666666666963e+00,-4.983756244182586670e-01
4.200000000000000178e+00,-4.843465983867645264e-01
4.233333333333333393e+00,-4.749584794044494629e-01
4.266666666666666607e+00,-5.029139518737792969e-01
4.299999999999999822e+00,-5.205029249191284180e-01
4.333333333333333037e+00,-4.968020617961883545e-01
4.366666666666666252e+00,-4.797670245170593262e-01
4.400000000000000355e+00,-5.032297968864440918e-01
4.433333333333333570e+00,-5.214173197746276855e-01
4.466666666666666785e+00,-4.967809617519378662e-01
4.500000000000000000e+00,-4.738189578056335449e-01
4.533333333333333215e+00,-4.908469021320343018e-01
4.566666666666666430e+00,-5.113737583160400391e-01
4.599999999999999645e+00,-4.999679625034332275e-01
4.633333333333332860e+00,-5.002269148826599121e-01
4.666666666666666963e+00,-5.220915079116821289e-01
4.700000000000000178e+00,-5.231487751007080078e-01
4.733333333333333393e+00,-5.104950070381164551e-01
4.766666666666666607e+00,-5.230763554573059082e-01
4.799999999999999822e+00,-5.297731161117553711e-01
4.833333333333333037e+00,-5.010878443717956543e-01
4.866666666666666252e+00,-4.859246015548706055e-01
4.900000000000000355e+00,-5.122954845428466797e-01
4.933333333333333570e+00,-5.353963971138000488e-01
4.966666666666666785e+00,-5.184646844863891602e-01
5.000000000000000000e+00,-5.046221017837524414e-01
5.033333333333333215e+00,-5.295405387878417969e-01
5.066666666666666430e+00,-5.475433468818664551e-01
5.099999999999999645e+00,-5.280929803848266602e-01
5.133333333333332860e+00,-5.203475356101989746e-01
5.166666666666666963e+00,-5.536078214645385742e-01
5.200000000000000178e+00,-5.788787007331848145e-01
5.233333333333333393e+00,-5.646805167198181152e-01
5.266666666666666607e+00,-5.534574985504150391e-01
5.299999999999999822e+00,-5.856217741966247559e-01
5.333333333333333037e+00,-6.193534135818481445e-01
5.366666666666666252e+00,-6.163687705993652344e-01
5.400000000000000355e+00,-6.062978506088256836e-01
5.433333333333333570e+00,-6.184956431388854980e-01
5.466666666666666785e+00,-6.195276975631713867e-01
5.500000000000000000e+00,-5.962085723876953125e-01
5.533333333333333215e+00,-5.915982723236083984e-01
5.566666666666666430e+00,-6.134756207466125488e-01
5.599999999999999645e+00,-6.186600327491760254e-01
5.633333333333332860e+00,-5.865219235420227051e-01
5.666666666666666963e+00,-5.628377199172973633e-01
5.700000000000000178e+00,-5.791090726852416992e-01
5.733333333333333393e+00,-5.864324569702148438e-01
5.766666666666666607e+00,-5.669669508934020996e-01
5.799999999999999822e+00,-5.673543810844421387e-01
5.833333333333333037e+00,-5.872050523757934570e-01
5.866666666666666252e+00,-5.825598835945129395e-01
5.900000000000000355e+00,-5.738177299499511719e-01
5.933333333333333570e+00,-5.861084461212158203e-01
5.966666666666666785e+00,-5.828929543495178223e-01
6.000000000000000000e+00,-5.697855353355407715e-01
6.033333333333333215e+00,-5.837923288345336914e-01
6.066666666666666430e+00,-5.948699116706848145e-01
6.099999999999999645e+00,-5.667245388031005859e-01
6.133333333333332860e+00,-5.440454483032226562e-01
6.166666666666666963e+00,-5.642635226249694824e-01
6.200000000000000178e+00,-5.833231210708618164e-01
6.233333333333333393e+00,-5.660322308540344238e-01
6.266666666666666607e+00,-5.598872900009155273e-01
6.299999999999999822e+00,-5.932115316390991211e-01
6.333333333333333037e+00,-6.198920607566833496e-01
6.366666666666666252e+00,-6.079738736152648926e-01
6.400000000000000355e+00,-6.030461788177490234e-01
6.433333333333333570e+00,-6.234501600265502930e-01
6.466666666666666785e+00,-6.238914132118225098e-01
6.500000000000000000e+00,-6.051403284072875977e-01
6.533333333333333215e+00,-6.093459129333496094e-01
6.566666666666666430e+00,-6.188874840736389160e-01
6.599999999999999645e+00,-5.986179113388061523e-01
6.633333333333332860e+00,-5.856886506080627441e-01
6.666666666666666963e+00,-6.118860244750976562e-01
6.700000000000000178e+00,-6.327408552169799805e-01
6.733333333333333393e+00,-6.140241026878356934e-01
6.766666666666666607e+00,-6.016843318939208984e-01
6.799999999999999822e+00,-6.306942105293273926e-01
6.833333333333333037e+00,-6.548390388488769531e-01
6.866666666666666252e+00,-6.421536803245544434e-01
6.899999999999999467e+00,-6.412934660911560059e-01
6.933333333333333570e+00,-6.589776277542114258e-01
6.966666666666666785e+00,-6.540302634239196777e-01
7.000000000000000000e+00,-6.436699032783508301e-01
7.033333333333333215e+00,-6.647112965583801270e-01
7.066666666666666430e+00,-6.779097914695739746e-01
7.099999999999999645e+00,-6.519519090652465820e-01
7.133333333333332860e+00,-6.335208415985107422e-01
7.166666666666666963e+00,-6.579082012176513672e-01
7.200000000000000178e+00,-6.789962053298950195e-01
7.233333333333333393e+00,-6.617220640182495117e-01
7.266666666666666607e+00,-6.509563326835632324e-01
7.299999999999999822e+00,-6.795963048934936523e-01
7.333333333333333037e+00,-7.005352973937988281e-01
7.366666666666666252e+00,-6.805537343025207520e-01
7.399999999999999467e+00,-6.674898266792297363e-01
7.433333333333333570e+00,-6.945006847381591797e-01
7.466666666666666785e+00,-7.163475155830383301e-01
7.500000000000000000e+00,-7.005898356437683105e-01
7.533333333333333215e+00,-6.943166255950927734e-01
7.566666666666666430e+00,-7.238127589225769043e-01
7.599999999999999645e+00,-7.434206604957580566e-01
7.633333333333332860e+00,-7.230966091156005859e-01
7.666666666666666963e+00,-7.122456431388854980e-01
7.700000000000000178e+00,-7.420320510864257812e-01
7.733333333333333393e+00,-7.640808224678039551e-01
7.766666666666666607e+00,-7.482649683952331543e-01
7.799999999999999822e+00,-7.431029677391052246e-01
7.833333333333333037e+00,-7.710179090499877930e-01
7.866666666666666252e+00,-7.864391803741455078e-01
7.899999999999999467e+00,-7.647010087966918945e-01
7.933333333333333570e+00,-7.523027658462524414e-01
7.966666666666666785e+00,-7.822996973991394043e-01
8.000000000000000000e+00,-8.078928589820861816e-01
8.033333333333333215e+00,-7.951195836067199707e-01
8.066666666666666430e+00,-7.923370003700256348e-01
8.099999999999999645e+00,-8.146906495094299316e-01
8.133333333333332860e+00,-8.168306946754455566e-01
8.166666666666666075e+00,-7.960216403007507324e-01
8.199999999999999289e+00,-7.978057265281677246e-01
8.233333333333332504e+00,-8.154524564743041992e-01
8.266666666666665719e+00,-8.080949187278747559e-01
8.300000000000000711e+00,-8.035355210304260254e-01
8.333333333333333925e+00,-8.270423412322998047e-01
8.366666666666667140e+00,-8.479955792427062988e-01
8.400000000000000355e+00,-8.337968587875366211e-01
8.433333333333333570e+00,-8.210546970367431641e-01
8.466666666666666785e+00,-8.501146435737609863e-01
8.500000000000000000e+00,-8.781677484512329102e-01
8.533333333333333215e+00,-8.670586943626403809e-01
8.566666666666666430e+00,-8.606032133102416992e-01
8.599999999999999645e+00,-8.914288282394409180e-01
8.633333333333332860e+00,-9.195876717567443848e-01
8.666666666666666075e+00,-9.089101552963256836e-01
8.699999999999999289e+00,-9.017769098281860352e-01
8.733333333333332504e+00,-9.365023970603942871e-01
8.766666666666665719e+00,-9.641307592391967773e-01
8.800000000000000711e+00,-9.465605616569519043e-01
8.833333333333333925e+00,-9.363140463829040527e-01
8.866666666666667140e+00,-9.700601696968078613e-01
8.900000000000000355e+00,-1.000194668769836426e+00
8.933333333333333570e+00,-9.943685531616210938e-01
8.966666666666666785e+00,-9.888087511062622070e-01
9.000000000000000000e+00,-1.000310182571411133e+00
9.033333333333333215e+00,-9.916007518768310547e-01
9.066666666666666430e+00,-9.855574369430541992e-01
9.099999999999999645e+00,-1.011121988296508789e+00
9.133333333333332860e+00,-1.026153206825256348e+00
9.166666666666666075e+00,-9.981749057769775391e-01
9.199999999999999289e+00,-9.751631617546081543e-01
9.233333333333332504e+00,-9.948942065238952637e-01
9.266666666666665719e+00,-1.013938903808593750e+00
9.300000000000000711e+00,-9.923619627952575684e-01
9.333333333333333925e+00,-9.735707044601440430e-01
9.366666666666667140e+00,-9.985280632972717285e-01
9.400000000000000355e+00,-1.020281195640563965e+00
9.433333333333333570e+00,-1.001476645469665527e+00
9.466666666666666785e+00,-9.888120889663696289e-01
9.500000000000000000e+00,-1.020486593246459961e+00
9.533333333333333215e+00,-1.051232337951660156e+00
9.566666666666666430e+00,-1.043029665946960449e+00
9.599999999999999645e+00,-1.039004802703857422e+00
9.633333333333332860e+00,-1.063118696212768555e+00
9.666666666666666075e+00,-1.073193669319152832e+00
9.699999999999999289e+00,-1.039047479629516602e+00
9.733333333333332504e+00,-1.003541111946105957e+00
9.766666666666665719e+00,-1.005413055419921875e+00
9.800000000000000711e+00,-1.018965125083923340e+00
9.833333333333333925e+00,-1.004621267318725586e+00
9.866666666666667140e+00,-9.960281252861022949e-01
9.900000000000000355e+00,-1.030068159103393555e+00
9.933333333333333570e+00,-1.064433813095092773e+00
9.966666666666666785e+00,-1.059124946594238281e+00
1.000000000000000000e+01,-1.046178698539733887e+00
1.003333333333333321e+01,-1.065454244613647461e+00
1.006666666666666643e+01,-1.080223321914672852e+00
1.009999999999999964e+01,-1.054591536521911621e+00
1.013333333333333286e+01,-1.032261133193969727e+00
1.016666666666666607e+01,-1.048900842666625977e+00
1.019999999999999929e+01,-1.061629772186279297e+00
1.023333333333333250e+01,-1.034531474113464355e+00
1.026666666666666572e+01,-1.008483171463012695e+00
1.030000000000000071e+01,-1.023104190826416016e+00
1.033333333333333393e+01,-1.033558726310729980e+00
1.036666666666666714e+01,-1.002571940422058105e+00
1.040000000000000036e+01,-9.746336936950683594e-01
1.043333333333333357e+01,-9.879391193389892578e-01
1.046666666666666679e+01,-9.990988373756408691e-01
1.050000000000000000e+01,-9.731288552284240723e-01
1.053333333333333321e+01,-9.568613171577453613e-01
1.056666666666666643e+01,-9.846360087394714355e-01
1.059999999999999964e+01,-1.006767392158508301e+00
1.063333333333333286e+01,-9.884923696517944336e-01
1.066666666666666607e+01,-9.778264760971069336e-01
1.069999999999999929e+01,-1.007991433143615723e+00
1.073333333333333250e+01,-1.034228324890136719e+00
1.076666666666666572e+01,-1.021595597267150879e+00
1.080000000000000071e+01,-1.011515140533447266e+00
1.083333333333333393e+01,-1.041059732437133789e+00
1.086666666666666714e+01,-1.068557500839233398e+00
1.090000000000000036e+01,-1.057406783103942871e+00
1.093333333333333357e+01,-1.056826949119567871e+00
1.096666666666666679e+01,-1.079624176025390625e+00
1.100000000000000000e+01,-1.081120610237121582e+00
1.103333333333333321e+01,-1.059871077537536621e+00
1.106666666666666643e+01,-1.056545615196228027e+00
1.109999999999999964e+01,-1.078601837158203125e+00
1.113333333333333286e+01,-1.083391189575195312e+00
1.116666666666666607e+01,-1.059642195701599121e+00
1.119999999999999929e+01,-1.053497910499572754e+00
1.123333333333333250e+01,-1.083457946777343750e+00
1.126666666666666572e+01,-1.105667829513549805e+00
1.130000000000000071e+01,-1.087060093879699707e+00
1.133333333333333393e+01,-1.073812723159790039e+00
1.136666666666666714e+01,-1.100842595100402832e+00
1.140000000000000036e+01,-1.121715068817138672e+00
1.143333333333333357e+01,-1.104189038276672363e+00
1.146666666666666679e+01,-1.093621015548706055e+00
1.150000000000000000e+01,-1.123507380485534668e+00
1.153333333333333321e+01,-1.152830600738525391e+00
1.156666666666666643e+01,-1.143187046051025391e+00
1.159999999999999964e+01,-1.141810536384582520e+00
1.163333333333333286e+01,-1.162563920021057129e+00
1.166666666666666607e+01,-1.161264419555664062e+00
1.169999999999999929e+01,-1.144094944000244141e+00
1.173333333333333250e+01,-1.151279449462890625e+00
1.176666666666666572e+01,-1.168460369110107422e+00
1.180000000000000071e+01,-1.154409170150756836e+00
1.183333333333333393e+01,-1.139364242553710938e+00
1.186666666666666714e+01,-1.164808392524719238e+00
1.190000000000000036e+01,-1.186704635620117188e+00
1.193333333333333357e+01,-1.167087316513061523e+00
1.196666666666666679e+01,-1.154230117797851562e+00
1.200000000000000000e+01,-1.180959701538085938e+00
1.203333333333333321e+01,-1.205756783485412598e+00
1.206666666666666643e+01,-1.196818470954895020e+00
1.209999999999999964e+01,-1.191925168037414551e+00
1.213333333333333286e+01,-1.207894921302795410e+00
1.216666666666666607e+01,-1.203987598419189453e+00
1.219999999999999929e+01,-1.184974551200866699e+00
1.223333333333333250e+01,-1.193941831588745117e+00
1.226666666666666572e+01,-1.197577714920043945e+00
1.230000000000000071e+01,-1.173786044120788574e+00
1.233333333333333393e+01,-1.164353847503662109e+00
1.236666666666666714e+01,-1.193330645561218262e+00
1.240000000000000036e+01,-1.217412590980529785e+00
1.243333333333333357e+01,-1.206062436103820801e+00
1.246666666666666679e+01,-1.202439069747924805e+00
1.250000000000000000e+01,-1.231127142906188965e+00
1.253333333333333321e+01,-1.255184412002563477e+00
1.256666666666666643e+01,-1.246795058250427246e+00
1.259999999999999964e+01,-1.241583824157714844e+00
1.263333333333333286e+01,-1.247083306312561035e+00
1.266666666666666607e+01,-1.229568123817443848e+00
1.269999999999999929e+01,-1.221213340759277344e+00
1.273333333333333250e+01,-1.251541018486022949e+00
1.276666666666666572e+01,-1.272425174713134766e+00
1.280000000000000071e+01,-1.253153443336486816e+00
1.283333333333333393e+01,-1.241175651550292969e+00
1.286666666666666714e+01,-1.274413824081420898e+00
1.290000000000000036e+01,-1.304452538490295410e+00
1.293333333333333357e+01,-1.290049195289611816e+00
1.296666666666666679e+01,-1.277555584907531738e+00
1.300000000000000000e+01,-1.305548191070556641e+00
1.303333333333333321e+01,-1.331615567207336426e+00
1.306666666666666643e+01,-1.323670029640197754e+00
1.309999999999999964e+01,-1.322533965110778809e+00
1.313333333333333286e+01,-1.339811682701110840e+00
1.316666666666666607e+01,-1.334352135658264160e+00
1.319999999999999929e+01,-1.323333621025085449e+00
1.323333333333333250e+01,-1.346537232398986816e+00
1.326666666666666572e+01,-1.366868138313293457e+00
1.329999999999999893e+01,-1.346970677375793457e+00
1.333333333333333393e+01,-1.331029057502746582e+00
1.336666666666666714e+01,-1.358364582061767578e+00
1.340000000000000036e+01,-1.383271098136901855e+00
1.343333333333333357e+01,-1.366620182991027832e+00
1.346666666666666679e+01,-1.352187156677246094e+00
1.350000000000000000e+01,-1.380205988883972168e+00
1.353333333333333321e+01,-1.407718658447265625e+00
1.356666666666666643e+01,-1.404392123222351074e+00
1.359999999999999964e+01,-1.399209618568420410e+00
1.363333333333333286e+01,-1.416851401329040527e+00
1.366666666666666607e+01,-1.422573685646057129e+00
1.369999999999999929e+01,-1.398606419563293457e+00
1.373333333333333250e+01,-1.389446973800659180e+00
1.376666666666666572e+01,-1.420626640319824219e+00
1.379999999999999893e+01,-1.448466539382934570e+00
1.383333333333333393e+01,-1.437885642051696777e+00
1.386666666666666714e+01,-1.434709906578063965e+00
1.390000000000000036e+01,-1.455346107482910156e+00
1.393333333333333357e+01,-1.460182428359985352e+00
1.396666666666666679e+01,-1.436234354972839355e+00
1.400000000000000000e+01,-1.424135327339172363e+00
1.403333333333333321e+01,-1.457007288932800293e+00
1.406666666666666643e+01,-1.489277124404907227e+00
1.409999999999999964e+01,-1.481248378753662109e+00
1.413333333333333286e+01,-1.476986527442932129e+00
1.416666666666666607e+01,-1.494655966758728027e+00
1.419999999999999929e+01,-1.491570353507995605e+00
1.423333333333333250e+01,-1.478543519973754883e+00
1.426666666666666572e+01,-1.494691491127014160e+00
1.429999999999999893e+01,-1.499404668807983398e+00
1.433333333333333393e+01,-1.469686746597290039e+00
1.436666666666666714e+01,-1.453787684440612793e+00
1.440000000000000036e+01,-1.478857040405273438e+00
1.443333333333333357e+01,-1.499186992645263672e+00
1.446666666666666679e+01,-1.482705473899841309e+00
1.450000000000000000e+01,-1.474068045616149902e+00
1.453333333333333321e+01,-1.502945184707641602e+00
1.456666666666666643e+01,-1.527900218963623047e+00
1.459999999999999964e+01,-1.515656232833862305e+00
1.463333333333333286e+01,-1.510596036911010742e+00
1.466666666666666607e+01,-1.535059571266174316e+00
1.469999999999999929e+01,-1.545662283897399902e+00
1.473333333333333250e+01,-1.515755891799926758e+00
1.476666666666666572e+01,-1.493758201599121094e+00
1.479999999999999893e+01,-1.513652801513671875e+00
1.483333333333333393e+01,-1.535419225692749023e+00
1.486666666666666714e+01,-1.523303389549255371e+00
1.490000000000000036e+01,-1.520301222801208496e+00
1.493333333333333357e+01,-1.546035289764404297e+00
1.496666666666666679e+01,-1.553261041641235352e+00
1.500000000000000000e+01,-1.524335622787475586e+00
1.503333333333333321e+01,-1.504426002502441406e+00
1.506666666666666643e+01,-1.523397326469421387e+00
1.509999999999999964e+01,-1.538969039916992188e+00
1.513333333333333286e+01,-1.519655466079711914e+00
1.516666666666666607e+01,-1.510022759437561035e+00
1.519999999999999929e+01,-1.547226428985595703e+00
1.523333333333333250e+01,-1.590702176094055176e+00
1.526666666666666572e+01,-1.599735498428344727e+00
1.529999999999999893e+01,-1.573085069656372070e+00
1.533333333333333393e+01,-1.558752536773681641e+00
1.536666666666666714e+01,-1.588375329971313477e+00
1.540000000000000036e+01,-1.613412380218505859e+00
1.543333333333333357e+01,-1.599223017692565918e+00
1.546666666666666679e+01,-1.591307640075683594e+00
1.550000000000000000e+01,-1.620371937751770020e+00
1.553333333333333321e+01,-1.648643016815185547e+00
1.556666666666666643e+01,-1.638066768646240234e+00
1.559999999999999964e+01,-1.628683090209960938e+00
1.563333333333333286e+01,-1.664601922035217285e+00
1.566666666666666607e+01,-1.701825022697448730e+00
1.569999999999999929e+01,-1.703327417373657227e+00
1.573333333333333250e+01,-1.686555385589599609e+00
1.576666666666666572e+01,-1.690419316291809082e+00
1.579999999999999893e+01,-1.703828215599060059e+00
1.583333333333333393e+01,-1.690925598144531250e+00
1.586666666666666714e+01,-1.688687324523925781e+00
1.590000000000000036e+01,-1.710928916931152344e+00
1.593333333333333357e+01,-1.712136149406433105e+00
1.596666666666666679e+01,-1.691137671470642090e+00
1.600000000000000000e+01,-1.692926049232482910e+00
1.603333333333333144e+01,-1.709050178527832031e+00
1.606666666666666643e+01,-1.700586557388305664e+00
1.610000000000000142e+01,-1.693404912948608398e+00
1.613333333333333286e+01,-1.723296880722045898e+00
1.616666666666666785e+01,-1.748909115791320801e+00
1.619999999999999929e+01,-1.726968526840209961e+00
1.623333333333333428e+01,-1.698980808258056641e+00
1.626666666666666572e+01,-1.710234522819519043e+00
1.630000000000000071e+01,-1.720786213874816895e+00
1.633333333333333215e+01,-1.689561247825622559e+00
1.636666666666666714e+01,-1.660760998725891113e+00
1.639999999999999858e+01,-1.672510981559753418e+00
1.643333333333333357e+01,-1.700441122055053711e+00
1.646666666666666501e+01,-1.704372406005859375e+00
1.650000000000000000e+01,-1.677582263946533203e+00
1.653333333333333144e+01,-1.663785815238952637e+00
1.656666666666666643e+01,-1.691710114479064941e+00
1.660000000000000142e+01,-1.712406158447265625e+00
1.663333333333333286e+01,-1.688512802124023438e+00
1.666666666666666785e+01,-1.670589208602905273e+00
1.669999999999999929e+01,-1.689667463302612305e+00
1.673333333333333428e+01,-1.701226830482482910e+00
1.676666666666666572e+01,-1.675105094909667969e+00
1.680000000000000071e+01,-1.656660318374633789e+00
1.683333333333333215e+01,-1.678128123283386230e+00
1.686666666666666714e+01,-1.698380947113037109e+00
1.689999999999999858e+01,-1.686712980270385742e+00
1.693333333333333357e+01,-1.686694979667663574e+00
1.696666666666666501e+01,-1.701570153236389160e+00
1.700000000000000000e+01,-1.690424442291259766e+00
1.703333333333333144e+01,-1.682964801788330078e+00
1.706666666666666643e+01,-1.711698651313781738e+00
1.710000000000000142e+01,-1.737084269523620605e+00
1.713333333333333286e+01,-1.723320364952087402e+00
1.716666666666666785e+01,-1.711525082588195801e+00
1.719999999999999929e+01,-1.744245290756225586e+00
1.723333333333333428e+01,-1.779756665229797363e+00
1.726666666666666572e+01,-1.778077960014343262e+00
1.730000000000000071e+01,-1.762656331062316895e+00
1.733333333333333215e+01,-1.778240799903869629e+00
1.736666666666666714e+01,-1.795558452606201172e+00
1.739999999999999858e+01,-1.780233740806579590e+00
1.743333333333333357e+01,-1.774293303489685059e+00
1.746666666666666501e+01,-1.801607251167297363e+00
1.750000000000000000e+01,-1.819579124450683594e+00
1.753333333333333144e+01,-1.797322988510131836e+00
1.756666666666666643e+01,-1.779694676399230957e+00
1.760000000000000142e+01,-1.805999636650085449e+00
1.763333333333333286e+01,-1.831288337707519531e+00
1.766666666666666785e+01,-1.818075537681579590e+00
1.769999999999999929e+01,-1.808116793632507324e+00
1.773333333333333428e+01,-1.837757229804992676e+00
1.776666666666666572e+01,-1.864257693290710449e+00
1.780000000000000071e+01,-1.850449323654174805e+00
1.783333333333333215e+01,-1.842906713485717773e+00
1.786666666666666714e+01,-1.872846722602844238e+00
1.789999999999999858e+01,-1.897278070449829102e+00
1.793333333333333357e+01,-1.888054847717285156e+00
1.796666666666666501e+01,-1.885377049446105957e+00
1.800000000000000000e+01,-1.903994202613830566e+00
1.803333333333333144e+01,-1.902536511421203613e+00
1.806666666666666643e+01,-1.883999228477478027e+00
1.810000000000000142e+01,-1.891497135162353516e+00
1.813333333333333286e+01,-1.895807743072509766e+00
1.816666666666666785e+01,-1.865668892860412598e+00
1.819999999999999929e+01,-1.848976492881774902e+00
1.823333333333333428e+01,-1.874415636062622070e+00
1.826666666666666572e+01,-1.894133329391479492e+00
1.830000000000000071e+01,-1.873146653175354004e+00
1.833333333333333215e+01,-1.860038399696350098e+00
1.836666666666666714e+01,-1.881471872329711914e+00
1.839999999999999858e+01,-1.889803528785705566e+00
1.843333333333333357e+01,-1.858776330947875977e+00
1.846666666666666501e+01,-1.837909221649169922e+00
1.850000000000000000e+01,-1.857189774513244629e+00
1.853333333333333144e+01,-1.872758507728576660e+00
1.856666666666666643e+01,-1.852689743041992188e+00
1.860000000000000142e+01,-1.843349814414978027e+00
1.863333333333333286e+01,-1.878060340881347656e+00
1.866666666666666785e+01,-1.905492186546325684e+00
1.869999999999999929e+01,-1.888137459754943848e+00
1.873333333333333428e+01,-1.877217769622802734e+00
1.876666666666666572e+01,-1.908330678939819336e+00
1.880000000000000071e+01,-1.935691833496093750e+00
1.883333333333333215e+01,-1.924063205718994141e+00
1.886666666666666714e+01,-1.915978193283081055e+00
1.889999999999999858e+01,-1.941922187805175781e+00
1.893333333333333357e+01,-1.961247086524963379e+00
1.896666666666666501e+01,-1.946158647537231445e+00
1.900000000000000000e+01,-1.943622469902038574e+00
1.903333333333333144e+01,-1.954882502555847168e+00
1.906666666666666643e+01,-1.936672449111938477e+00
1.910000000000000142e+01,-1.922111392021179199e+00
1.913333333333333286e+01,-1.944689154624938965e+00
1.916666666666666785e+01,-1.961986184120178223e+00
1.919999999999999929e+01,-1.944473624229431152e+00
1.923333333333333428e+01,-1.930899620056152344e+00
1.926666666666666572e+01,-1.955551028251647949e+00
1.930000000000000071e+01,-1.978898406028747559e+00
1.933333333333333215e+01,-1.965843796730041504e+00
1.936666666666666714e+01,-1.958847761154174805e+00
1.939999999999999858e+01,-1.990456104278564453e+00
1.943333333333333357e+01,-2.017837524414062500e+00
1.946666666666666501e+01,-2.004972219467163086e+00
1.950000000000000000e+01,-1.997337460517883301e+00
1.953333333333333144e+01,-2.011651039123535156e+00
1.956666666666666643e+01,-2.007614135742187500e+00
1.960000000000000142e+01,-1.994592428207397461e+00
1.963333333333333286e+01,-2.006385564804077148e+00
1.966666666666666785e+01,-2.009409904479980469e+00
1.969999999999999929e+01,-1.982479572296142578e+00
1.973333333333333428e+01,-1.968443274497985840e+00
1.976666666666666572e+01,-1.994868397712707520e+00
1.980000000000000071e+01,-2.016949892044067383e+00
1.983333333333333215e+01,-2.003139734268188477e+00
1.986666666666666714e+01,-2.001415252685546875e+00
1.989999999999999858e+01,-2.016725778579711914e+00
1.993333333333333357e+01,-2.003643035888671875e+00
1.996666666666666501e+01,-1.995940089225769043e+00
2.000000000000000000e+01,-2.028738737106323242e+00
2.003333333333333144e+01,-2.055720090866088867e+00
2.006666666666666643e+01,-2.039957284927368164e+00
2.010000000000000142e+01,-2.031779289245605469e+00
2.013333333333333286e+01,-2.047732830047607422e+00
2.016666666666666785e+01,-2.039877891540527344e+00
2.019999999999999929e+01,-2.033024787902832031e+00
2.023333333333333428e+01,-2.059497117996215820e+00
2.026666666666666572e+01,-2.074067592620849609e+00
2.030000000000000071e+01,-2.045120477676391602e+00
2.033333333333333215e+01,-2.021012067794799805e+00
2.036666666666666714e+01,-2.034110784530639648e+00
2.039999999999999858e+01,-2.047482967376708984e+00
2.043333333333333357e+01,-2.028435468673706055e+00
2.046666666666666501e+01,-2.016080617904663086e+00
2.050000000000000000e+01,-2.042238712310791016e+00
2.053333333333333144e+01,-2.061676263809204102e+00
2.056666666666666643e+01,-2.042763948440551758e+00
2.060000000000000142e+01,-2.029314994812011719e+00
2.063333333333333286e+01,-2.055716753005981445e+00
2.066666666666666785e+01,-2.075058937072753906e+00
2.069999999999999929e+01,-2.053945302963256836e+00
2.073333333333333428e+01,-2.040720701217651367e+00
2.076666666666666572e+01,-2.067515373229980469e+00
2.080000000000000071e+01,-2.091652631759643555e+00
2.083333333333333215e+01,-2.077316761016845703e+00
2.086666666666666714e+01,-2.067977428436279297e+00
2.089999999999999858e+01,-2.102813243865966797e+00
2.093333333333333357e+01,-2.132369518280029297e+00
2.096666666666666501e+01,-2.123021841049194336e+00
2.100000000000000000e+01,-2.115786314010620117e+00
2.103333333333333144e+01,-2.140014886856079102e+00
2.106666666666666643e+01,-2.151578426361083984e+00
2.110000000000000142e+01,-2.120871305465698242e+00
2.113333333333333286e+01,-2.100768327713012695e+00
2.116666666666666785e+01,-2.121608018875122070e+00
2.119999999999999929e+01,-2.135022640228271484e+00
2.123333333333333428e+01,-2.107483148574829102e+00
2.126666666666666572e+01,-2.089260101318359375e+00
2.130000000000000071e+01,-2.113786458969116211e+00
2.133333333333333215e+01,-2.150217533111572266e+00
2.136666666666666714e+01,-2.158979177474975586e+00
2.139999999999999858e+01,-2.128575086593627930e+00
2.143333333333333357e+01,-2.107183694839477539e+00
2.146666666666666501e+01,-2.126739263534545898e+00
2.150000000000000000e+01,-2.141775131225585938e+00
2.153333333333333144e+01,-2.118113517761230469e+00
2.156666666666666643e+01,-2.098863601684570312e+00
2.160000000000000142e+01,-2.116706609725952148e+00
2.163333333333333286e+01,-2.131674051284790039e+00
2.166666666666666785e+01,-2.110584259033203125e+00
2.169999999999999929e+01,-2.097049713134765625e+00
2.173333333333333428e+01,-2.127170562744140625e+00
2.176666666666666572e+01,-2.158207416534423828e+00
2.180000000000000071e+01,-2.151271104812622070e+00
2.183333333333333215e+01,-2.148402214050292969e+00
2.186666666666666714e+01,-2.170080423355102539e+00
2.189999999999999858e+01,-2.173918962478637695e+00
2.193333333333333357e+01,-2.150737047195434570e+00
2.196666666666666501e+01,-2.146683454513549805e+00
2.200000000000000000e+01,-2.168530464172363281e+00
2.203333333333333144e+01,-2.172735691070556641e+00
2.206666666666666643e+01,-2.142218112945556641e+00
2.210000000000000142e+01,-2.129906177520751953e+00
2.213333333333333286e+01,-2.164427995681762695e+00
2.216666666666666785e+01,-2.193607091903686523e+00
2.219999999999999929e+01,-2.183983564376831055e+00
2.223333333333333428e+01,-2.181748151779174805e+00
2.226666666666666572e+01,-2.202962160110473633e+00
2.230000000000000071e+01,-2.207535266876220703e+00
2.233333333333333215e+01,-2.185758829116821289e+00
2.236666666666666714e+01,-2.184856176376342773e+00
2.239999999999999858e+01,-2.212549209594726562e+00
2.243333333333333357e+01,-2.222640991210937500e+00
2.246666666666666501e+01,-2.195161819458007812e+00
2.250000000000000000e+01,-2.172863721847534180e+00
2.253333333333333144e+01,-2.194710254669189453e+00
2.256666666666666643e+01,-2.217767477035522461e+00
2.260000000000000142e+01,-2.205132007598876953e+00
2.263333333333333286e+01,-2.199255704879760742e+00
2.266666666666666785e+01,-2.222204923629760742e+00
2.269999999999999929e+01,-2.231996774673461914e+00
2.273333333333333428e+01,-2.205656290054321289e+00
2.276666666666666572e+01,-2.190364122390747070e+00
2.280000000000000071e+01,-2.217090129852294922e+00
2.283333333333333215e+01,-2.239826917648315430e+00
2.286666666666666714e+01,-2.223891019821166992e+00
2.289999999999999858e+01,-2.213669061660766602e+00
2.293333333333333357e+01,-2.238968849182128906e+00
2.296666666666666501e+01,-2.251992702484130859e+00
2.300000000000000000e+01,-2.226708173751831055e+00
2.303333333333333144e+01,-2.214004516601562500e+00
2.306666666666666643e+01,-2.245062351226806641e+00
2.310000000000000142e+01,-2.271132230758666992e+00
2.313333333333333286e+01,-2.264284133911132812e+00
2.316666666666666785e+01,-2.266220331192016602e+00
2.319999999999999929e+01,-2.270833969116210938e+00
2.323333333333333428e+01,-2.246886968612670898e+00
2.326666666666666572e+01,-2.234992027282714844e+00
2.330000000000000071e+01,-2.265199422836303711e+00
2.333333333333333215e+01,-2.290176868438720703e+00
2.336666666666666714e+01,-2.275435209274291992e+00
2.339999999999999858e+01,-2.268444299697875977e+00
2.343333333333333357e+01,-2.292687892913818359e+00
2.346666666666666501e+01,-2.302578687667846680e+00
2.350000000000000000e+01,-2.269648790359497070e+00
2.353333333333333144e+01,-2.242369651794433594e+00
2.356666666666666643e+01,-2.255158662796020508e+00
2.360000000000000142e+01,-2.262441635131835938e+00
2.363333333333333286e+01,-2.235079050064086914e+00
2.366666666666666785e+01,-2.218294620513916016e+00
2.369999999999999929e+01,-2.245997905731201172e+00
2.373333333333333428e+01,-2.268525600433349609e+00
2.376666666666666572e+01,-2.249653816223144531e+00
2.380000000000000071e+01,-2.237412214279174805e+00
2.383333333333333215e+01,-2.266572475433349609e+00
2.386666666666666714e+01,-2.290335178375244141e+00
2.389999999999999858e+01,-2.272944450378417969e+00
2.393333333333333357e+01,-2.261711359024047852e+00
2.396666666666666501e+01,-2.289687156677246094e+00
2.400000000000000000e+01,-2.311528444290161133e+00
2.403333333333333144e+01,-2.296024799346923828e+00
2.406666666666666643e+01,-2.288894176483154297e+00
2.410000000000000142e+01,-2.318285942077636719e+00
2.413333333333333286e+01,-2.341373205184936523e+00
2.416666666666666785e+01,-2.330404758453369141e+00
2.419999999999999929e+01,-2.329935073852539062e+00
2.423333333333333428e+01,-2.345311641693115234e+00
2.426666666666666572e+01,-2.337464809417724609e+00
2.430000000000000071e+01,-2.340229272842407227e+00
2.433333333333333215e+01,-2.373132705688476562e+00
2.436666666666666714e+01,-2.393244028091430664e+00
2.439999999999999858e+01,-2.370608568191528320e+00
2.443333333333333357e+01,-2.351323604583740234e+00
2.446666666666666501e+01,-2.372809886932373047e+00
2.450000000000000000e+01,-2.392280578613281250e+00
2.453333333333333144e+01,-2.371540784835815430e+00
2.456666666666666643e+01,-2.358384847640991211e+00
2.460000000000000142e+01,-2.388715505599975586e+00
2.463333333333333286e+01,-2.418178081512451172e+00
2.466666666666666785e+01,-2.409443616867065430e+00
2.469999999999999929e+01,-2.404325008392333984e+00
2.473333333333333428e+01,-2.433318614959716797e+00
2.476666666666666572e+01,-2.460705757141113281e+00
2.480000000000000071e+01,-2.454184770584106445e+00
2.483333333333333215e+01,-2.449005365371704102e+00
2.486666666666666714e+01,-2.468395709991455078e+00
2.489999999999999858e+01,-2.470913648605346680e+00
2.493333333333333357e+01,-2.447193861007690430e+00
2.496666666666666501e+01,-2.445960760116577148e+00
2.500000000000000000e+01,-2.466739177703857422e+00
2.503333333333333144e+01,-2.464956521987915039e+00
2.506666666666666643e+01,-2.448363542556762695e+00
2.510000000000000142e+01,-2.457080364227294922e+00
2.513333333333333286e+01,-2.464664936065673828e+00
2.516666666666666785e+01,-2.438246011734008789e+00
2.519999999999999929e+01,-2.421765804290771484e+00
2.523333333333333428e+01,-2.445352792739868164e+00
2.526666666666666572e+01,-2.463286638259887695e+00
2.530000000000000071e+01,-2.440790891647338867e+00
2.533333333333333215e+01,-2.420289754867553711e+00
2.536666666666666714e+01,-2.437798976898193359e+00
2.539999999999999858e+01,-2.448285579681396484e+00
2.543333333333333357e+01,-2.419069766998291016e+00
2.546666666666666501e+01,-2.395246028900146484e+00
2.550000000000000000e+01,-2.408391237258911133e+00
2.553333333333333144e+01,-2.417887210845947266e+00
2.556666666666666643e+01,-2.392678022384643555e+00
2.560000000000000142e+01,-2.371617317199707031e+00
2.563333333333333286e+01,-2.391367912292480469e+00
2.566666666666666785e+01,-2.412672042846679688e+00
2.569999999999999929e+01,-2.394329547882080078e+00
2.573333333333333428e+01,-2.373466491699218750e+00
2.576666666666666572e+01,-2.391102075576782227e+00
2.580000000000000071e+01,-2.408530473709106445e+00
2.583333333333333215e+01,-2.386541128158569336e+00
2.586666666666666714e+01,-2.374989271163940430e+00
2.589999999999999858e+01,-2.410382986068725586e+00
2.593333333333333357e+01,-2.446151018142700195e+00
2.596666666666666501e+01,-2.448684692382812500e+00
2.600000000000000000e+01,-2.422191619873046875e+00
2.603333333333333144e+01,-2.408862829208374023e+00
2.606666666666666643e+01,-2.440605640411376953e+00
2.609999999999999787e+01,-2.479670524597167969e+00
2.613333333333333286e+01,-2.489955425262451172e+00
2.616666666666666785e+01,-2.458889961242675781e+00
2.619999999999999929e+01,-2.430498838424682617e+00
2.623333333333333428e+01,-2.442174434661865234e+00
2.626666666666666572e+01,-2.447204589843750000e+00
2.630000000000000071e+01,-2.411784410476684570e+00
2.633333333333333215e+01,-2.380258560180664062e+00
2.636666666666666714e+01,-2.387221574783325195e+00
2.639999999999999858e+01,-2.398357152938842773e+00
2.643333333333333357e+01,-2.375603914260864258e+00
2.646666666666666501e+01,-2.358217954635620117e+00
2.650000000000000000e+01,-2.380831956863403320e+00
2.653333333333333144e+01,-2.397033929824829102e+00
2.656666666666666643e+01,-2.374360084533691406e+00
2.659999999999999787e+01,-2.358951807022094727e+00
2.663333333333333286e+01,-2.385048151016235352e+00
2.666666666666666785e+01,-2.405596494674682617e+00
2.669999999999999929e+01,-2.386974573135375977e+00
2.673333333333333428e+01,-2.379358768463134766e+00
2.676666666666666572e+01,-2.408578157424926758e+00
2.680000000000000071e+01,-2.426669359207153320e+00
2.683333333333333215e+01,-2.402636528015136719e+00
2.686666666666666714e+01,-2.383768320083618164e+00
2.689999999999999858e+01,-2.405177354812622070e+00
2.693333333333333357e+01,-2.422694206237792969e+00
2.696666666666666501e+01,-2.401675939559936523e+00
2.700000000000000000e+01,-2.391066074371337891e+00
2.703333333333333144e+01,-2.421059370040893555e+00
2.706666666666666643e+01,-2.448631286621093750e+00
2.709999999999999787e+01,-2.444133996963500977e+00
2.713333333333333286e+01,-2.441403150558471680e+00
2.716666666666666785e+01,-2.454298257827758789e+00
2.719999999999999929e+01,-2.450001478195190430e+00
2.723333333333333428e+01,-2.442765951156616211e+00
2.726666666666666572e+01,-2.463333845138549805e+00
2.730000000000000071e+01,-2.477927207946777344e+00
2.733333333333333215e+01,-2.455320596694946289e+00
2.736666666666666714e+01,-2.434787750244140625e+00
2.739999999999999858e+01,-2.456626892089843750e+00
2.743333333333333357e+01,-2.480755567550659180e+00
2.746666666666666501e+01,-2.467736959457397461e+00
2.750000000000000000e+01,-2.459366321563720703e+00
2.753333333333333144e+01,-2.489896059036254883e+00
2.756666666666666643e+01,-2.517449617385864258e+00
2.759999999999999787e+01,-2.507637500762939453e+00
2.763333333333333286e+01,-2.506732463836669922e+00
2.766666666666666785e+01,-2.525551557540893555e+00
2.769999999999999929e+01,-2.519515037536621094e+00
2.773333333333333428e+01,-2.502529621124267578e+00
2.776666666666666572e+01,-2.517087697982788086e+00
2.780000000000000071e+01,-2.526405572891235352e+00
2.783333333333333215e+01,-2.494636774063110352e+00
2.786666666666666714e+01,-2.471899032592773438e+00
2.789999999999999858e+01,-2.475845575332641602e+00
2.793333333333333357e+01,-2.472110033035278320e+00
2.796666666666666501e+01,-2.468928098678588867e+00
2.800000000000000000e+01,-2.475259065628051758e+00
2.803333333333333144e+01,-2.458787441253662109e+00
2.806666666666666643e+01,-2.445629596710205078e+00
2.809999999999999787e+01,-2.475476026535034180e+00
2.813333333333333286e+01,-2.499952077865600586e+00
2.816666666666666785e+01,-2.484424114227294922e+00
2.819999999999999929e+01,-2.474452495574951172e+00
2.823333333333333428e+01,-2.491725206375122070e+00
2.826666666666666572e+01,-2.490928649902343750e+00
2.830000000000000071e+01,-2.469936370849609375e+00
2.833333333333333215e+01,-2.474355220794677734e+00
2.836666666666666714e+01,-2.492722988128662109e+00
2.839999999999999858e+01,-2.486078262329101562e+00
2.843333333333333357e+01,-2.479378461837768555e+00
2.846666666666666501e+01,-2.505314350128173828e+00
2.850000000000000000e+01,-2.524358272552490234e+00
2.853333333333333144e+01,-2.503519058227539062e+00
2.856666666666666643e+01,-2.489345312118530273e+00
2.859999999999999787e+01,-2.516215801239013672e+00
2.863333333333333286e+01,-2.539436817169189453e+00
2.866666666666666785e+01,-2.525130748748779297e+00
2.869999999999999929e+01,-2.516879796981811523e+00
2.873333333333333428e+01,-2.548395395278930664e+00
2.876666666666666572e+01,-2.571593523025512695e+00
2.880000000000000071e+01,-2.547963619232177734e+00
2.883333333333333215e+01,-2.517868757247924805e+00
2.886666666666666714e+01,-2.528740882873535156e+00
2.889999999999999858e+01,-2.543622255325317383e+00
2.893333333333333357e+01,-2.522346496582031250e+00
2.896666666666666501e+01,-2.508951187133789062e+00
2.900000000000000000e+01,-2.538806438446044922e+00
2.903333333333333144e+01,-2.565062761306762695e+00
2.906666666666666643e+01,-2.556213378906250000e+00
2.909999999999999787e+01,-2.555684089660644531e+00
2.913333333333333286e+01,-2.573652505874633789e+00
2.916666666666666785e+01,-2.573826789855957031e+00
2.919999999999999929e+01,-2.551171779632568359e+00
2.923333333333333428e+01,-2.551300764083862305e+00
2.926666666666666572e+01,-2.560267686843872070e+00
2.930000000000000071e+01,-2.537170886993408203e+00
2.933333333333333215e+01,-2.525892257690429688e+00
2.936666666666666714e+01,-2.560677528381347656e+00
2.939999999999999858e+01,-2.593957424163818359e+00
2.943333333333333357e+01,-2.588167905807495117e+00
2.946666666666666501e+01,-2.579368114471435547e+00
2.950000000000000000e+01,-2.604979991912841797e+00
2.953333333333333144e+01,-2.629530668258666992e+00
2.956666666666666643e+01,-2.616204977035522461e+00
2.959999999999999787e+01,-2.606264591217041016e+00
2.963333333333333286e+01,-2.638900279998779297e+00
2.966666666666666785e+01,-2.670921325683593750e+00
2.969999999999999929e+01,-2.664259910583496094e+00
2.973333333333333428e+01,-2.657675266265869141e+00
2.976666666666666572e+01,-2.681065797805786133e+00
2.980000000000000071e+01,-2.694147348403930664e+00
2.983333333333333215e+01,-2.669293642044067383e+00
2.986666666666666714e+01,-2.649755716323852539e+00
2.989999999999999858e+01,-2.670243501663208008e+00
2.993333333333333357e+01,-2.689348697662353516e+00
2.996666666666666501e+01,-2.668681621551513672e+00
3.000000000000000000e+01,-2.651230812072753906e+00
3.003333333333333144e+01,-2.674459934234619141e+00
3.006666666666666643e+01,-2.695416450500488281e+00
3.009999999999999787e+01,-2.677424669265747070e+00
3.013333333333333286e+01,-2.662612915039062500e+00
3.016666666666666785e+01,-2.688678503036499023e+00
3.019999999999999929e+01,-2.713769435882568359e+00
3.023333333333333428e+01,-2.698492765426635742e+00
3.026666666666666572e+01,-2.685531139373779297e+00
3.030000000000000071e+01,-2.714519023895263672e+00
3.033333333333333215e+01,-2.739998340606689453e+00
3.036666666666666714e+01,-2.723928928375244141e+00
3.039999999999999858e+01,-2.711090326309204102e+00
3.043333333333333357e+01,-2.738266944885253906e+00
3.046666666666666501e+01,-2.763905525207519531e+00
3.050000000000000000e+01,-2.751901388168334961e+00
3.053333333333333144e+01,-2.745683908462524414e+00
3.056666666666666643e+01,-2.774605274200439453e+00
3.059999999999999787e+01,-2.797773122787475586e+00
3.063333333333333286e+01,-2.784219264984130859e+00
3.066666666666666785e+01,-2.775529623031616211e+00
3.069999999999999929e+01,-2.806400060653686523e+00
3.073333333333333428e+01,-2.831310987472534180e+00
3.076666666666666572e+01,-2.818765401840209961e+00
3.080000000000000071e+01,-2.814862251281738281e+00
3.083333333333333215e+01,-2.839723825454711914e+00
3.086666666666666714e+01,-2.848564624786376953e+00
3.089999999999999858e+01,-2.814404487609863281e+00
3.093333333333333357e+01,-2.781076431274414062e+00
3.096666666666666501e+01,-2.786721944808959961e+00
3.100000000000000000e+01,-2.794506549835205078e+00
3.103333333333333144e+01,-2.768783807754516602e+00
3.106666666666666643e+01,-2.750341892242431641e+00
3.109999999999999787e+01,-2.774142265319824219e+00
3.113333333333333286e+01,-2.792421817779541016e+00
3.116666666666666785e+01,-2.768473386764526367e+00
3.119999999999999929e+01,-2.750166177749633789e+00
3.123333333333333428e+01,-2.774265527725219727e+00
3.126666666666666572e+01,-2.796092987060546875e+00
3.130000000000000071e+01,-2.778239011764526367e+00
3.133333333333333215e+01,-2.762424468994140625e+00
3.136666666666666714e+01,-2.784057140350341797e+00
3.139999999999999858e+01,-2.805985689163208008e+00
3.143333333333333357e+01,-2.788929224014282227e+00
3.146666666666666501e+01,-2.776245117187500000e+00
3.150000000000000000e+01,-2.806416273117065430e+00
3.153333333333333144e+01,-2.834147930145263672e+00
3.156666666666666643e+01,-2.822027444839477539e+00
3.159999999999999787e+01,-2.814162969589233398e+00
3.163333333333333286e+01,-2.850553274154663086e+00
3.166666666666666785e+01,-2.887167215347290039e+00
3.169999999999999929e+01,-2.888043165206909180e+00
3.173333333333333428e+01,-2.870241165161132812e+00
3.176666666666666572e+01,-2.879440069198608398e+00
3.180000000000000071e+01,-2.893420457839965820e+00
3.183333333333333215e+01,-2.866192102432250977e+00
3.186666666666666714e+01,-2.840803861618041992e+00
3.189999999999999858e+01,-2.856498241424560547e+00
3.193333333333333357e+01,-2.869486808776855469e+00
3.196666666666666501e+01,-2.841531753540039062e+00
