0.000000000000000000e+00,-1.812043410609476268e-05
3.333333333333333287e-02,1.411044922861037776e-05
6.666666666666666574e-02,-4.743142562801949680e-05
1.000000000000000056e-01,2.724201840464957058e-05
1.333333333333333315e-01,-5.273885108181275427e-06
1.666666666666666574e-01,-1.674496452324092388e-04
2.000000000000000111e-01,4.884309601038694382e-04
2.333333333333333370e-01,-1.092672348022460938e-03
2.666666666666666630e-01,1.799540594220161438e-03
2.999999999999999889e-01,-2.213012892752885818e-03
3.333333333333333148e-01,8.496475638821721077e-04
3.666666666666666408e-01,5.038511473685503006e-03
4.000000000000000222e-01,-1.947489008307456970e-02
4.333333333333333481e-01,-3.956599533557891846e-02
4.666666666666666741e-01,-2.482052147388458252e-02
5.000000000000000000e-01,-1.430151518434286118e-02
5.333333333333333259e-01,-2.805074304342269897e-02
5.666666666666666519e-01,-2.935015782713890076e-02
5.999999999999999778e-01,4.004463553428649902e-03
6.333333333333333037e-01,3.195296227931976318e-02
6.666666666666666297e-01,2.464629150927066803e-02
6.999999999999999556e-01,2.129048854112625122e-02
7.333333333333332815e-01,4.471089690923690796e-02
7.666666666666666075e-01,5.756230279803276062e-02
8.000000000000000444e-01,3.628684952855110168e-02
8.333333333333333703e-01,1.985322870314121246e-02
8.666666666666666963e-01,3.871576115489006042e-02
9.000000000000000222e-01,5.304151773452758789e-02
9.333333333333333481e-01,3.254423663020133972e-02
9.666666666666666741e-01,4.257665015757083893e-03
1.000000000000000000e+00,2.244055969640612602e-03
1.033333333333333215e+00,-3.389827208593487740e-03
1.066666666666666652e+00,-4.379380866885185242e-02
1.100000000000000089e+00,-8.147258311510086060e-02
1.133333333333333304e+00,-8.389394730329513550e-02
1.166666666666666741e+00,-4.996766895055770874e-02
1.199999999999999956e+00,-2.068978734314441681e-02
1.233333333333333393e+00,-2.687085978686809540e-02
1.266666666666666607e+00,-2.657966502010822296e-02
1.300000000000000044e+00,1.065454632043838501e-02
1.333333333333333259e+00,4.547694697976112366e-02
1.366666666666666696e+00,4.755172133445739746e-02
1.399999999999999911e+00,1.662686839699745178e-02
1.433333333333333348e+00,-9.776073507964611053e-03
1.466666666666666563e+00,-1.704345486359670758e-04
1.500000000000000000e+00,7.364409510046243668e-03
1.533333333333333215e+00,-1.949731446802616119e-02
1.566666666666666652e+00,-4.228718578815460205e-02
1.600000000000000089e+00,-3.023688122630119324e-02
1.633333333333333304e+00,-4.387403372675180435e-03
1.666666666666666741e+00,2.657225995790213346e-04
1.699999999999999956e+00,-5.191963165998458862e-03
1.733333333333333393e+00,1.193910092115402222e-02
1.766666666666666607e+00,2.369571104645729065e-02
1.800000000000000044e+00,8.903592824935913086e-04
1.833333333333333259e+00,-1.764734089374542236e-02
1.866666666666666696e+00,-3.476765239611268044e-03
1.899999999999999911e+00,5.296420305967330933e-03
1.933333333333333348e+00,-1.964480616152286530e-02
1.966666666666666563e+00,-4.036559909582138062e-02
2.000000000000000000e+00,-2.609543502330780029e-02
2.033333333333333215e+00,5.327394232153892517e-03
2.066666666666666430e+00,1.894834823906421661e-02
2.100000000000000089e+00,-2.278848784044384956e-03
2.133333333333333304e+00,-1.908049359917640686e-02
2.166666666666666519e+00,-1.857039285823702812e-03
2.200000000000000178e+00,1.108645182102918625e-02
2.233333333333333393e+00,-1.099586207419633865e-02
2.266666666666666607e+00,-2.856133691966533661e-02
2.299999999999999822e+00,-1.119319442659616470e-02
2.333333333333333481e+00,9.399411268532276154e-03
2.366666666666666696e+00,1.202631043270230293e-03
2.399999999999999911e+00,-9.676206391304731369e-04
2.433333333333333126e+00,3.370392695069313049e-02
2.466666666666666785e+00,6.586536020040512085e-02
2.500000000000000000e+00,6.406746804714202881e-02
2.533333333333333215e+00,2.859314903616905212e-02
2.566666666666666430e+00,-9.689518483355641365e-04
2.600000000000000089e+00,4.891672637313604355e-03
2.633333333333333304e+00,6.947683170437812805e-03
2.666666666666666519e+00,-2.091897837817668915e-02
2.700000000000000178e+00,-4.060193523764610291e-02
2.733333333333333393e+00,-2.543152682483196259e-02
2.766666666666666607e+00,-1.306238956749439240e-02
2.799999999999999822e+00,-3.242361545562744141e-02
2.833333333333333481e+00,-4.566316306591033936e-02
2.866666666666666696e+00,-2.185009792447090149e-02
2.899999999999999911e+00,-4.738082643598318100e-04
2.933333333333333126e+00,-1.264270860701799393e-02
2.966666666666666785e+00,-1.940438337624073029e-02
3.000000000000000000e+00,1.077995449304580688e-02
3.033333333333333215e+00,3.764364868402481079e-02
3.066666666666666430e+00,3.173860907554626465e-02
3.100000000000000089e+00,3.238512948155403137e-02
3.133333333333333304e+00,4.807128012180328369e-02
3.166666666666666519e+00,4.362413287162780762e-02
3.200000000000000178e+00,1.510033942759037018e-02
3.233333333333333393e+00,-4.430167900864034891e-04
3.266666666666666607e+00,2.098789438605308533e-02
3.299999999999999822e+00,4.012868553400039673e-02
3.333333333333333481e+00,2.627004310488700867e-02
3.366666666666666696e+00,1.179796922951936722e-02
3.399999999999999911e+00,2.834153920412063599e-02
3.433333333333333126e+00,4.140340164303779602e-02
3.466666666666666785e+00,1.968229934573173523e-02
3.500000000000000000e+00,1.950782374478876591e-03
3.533333333333333215e+00,1.742903329432010651e-02
3.566666666666666430e+00,2.674155123531818390e-02
3.600000000000000089e+00,-7.558311335742473602e-04
3.633333333333333304e+00,-2.521353960037231445e-02
3.666666666666666519e+00,-1.691473834216594696e-02
3.699999999999999734e+00,-1.476875320076942444e-02
3.733333333333333393e+00,-4.941894859075546265e-02
3.766666666666666607e+00,-8.109197020530700684e-02
3.799999999999999822e+00,-7.997395843267440796e-02
3.833333333333333481e+00,-4.579145461320877075e-02
3.866666666666666696e+00,-1.813378743827342987e-02
3.899999999999999911e+00,-2.731804922223091125e-02
3.933333333333333126e+00,-3.416203334927558899e-02
3.966666666666666785e+00,-6.821755319833755493e-03
4.000000000000000000e+00,1.612583361566066742e-02
4.033333333333333215e+00,3.777692094445228577e-03
4.066666666666666430e+00,-4.165144637227058411e-03
4.099999999999999645e+00,2.196882478892803192e-02
4.133333333333332860e+00,4.444475844502449036e-02
4.166666666666666963e+00,3.253888338804244995e-02
4.200000000000000178e+00,2.502011880278587341e-02
4.233333333333333393e+00,4.959594830870628357e-02
4.266666666666666607e+00,6.759389489889144897e-02
4.299999999999999822e+00,5.119914561510086060e-02
4.333333333333333037e+00,1.805614307522773743e-02
4.366666666666666252e+00,3.647288307547569275e-03
4.400000000000000355e+00,2.464900538325309753e-02
4.433333333333333570e+00,4.217670857906341553e-02
4.466666666666666785e+00,2.687708660960197449e-02
4.500000000000000000e+00,-1.757623441517353058e-02
4.533333333333333215e+00,-5.289724096655845642e-02
4.566666666666666430e+00,-5.177361145615577698e-02
4.599999999999999645e+00,-2.786377444863319397e-02
4.633333333333332860e+00,-1.796879991888999939e-02
4.666666666666666963e+00,-4.285262897610664368e-02
4.700000000000000178e+00,-6.217189133167266846e-02
4.733333333333333393e+00,-4.678472876548767090e-02
4.766666666666666607e+00,-2.335008978843688965e-02
4.799999999999999822e+00,-2.464481629431247711e-02
4.833333333333333037e+00,-2.040672674775123596e-02
4.866666666666666252e+00,1.877026073634624481e-02
4.900000000000000355e+00,5.350081250071525574e-02
4.933333333333333570e+00,5.322023853659629822e-02
4.966666666666666785e+00,1.813835464417934418e-02
5.000000000000000000e+00,-1.247121114283800125e-02
5.033333333333333215e+00,-6.399301812052726746e-03
5.066666666666666430e+00,2.642478502821177244e-04
5.099999999999999645e+00,-2.496196329593658447e-02
5.133333333333332860e+00,-4.348918423056602478e-02
5.166666666666666963e+00,-2.467237971723079681e-02
5.200000000000000178e+00,-8.394703269004821777e-03
5.233333333333333393e+00,-2.646286040544509888e-02
5.266666666666666607e+00,-3.815803304314613342e-02
5.299999999999999822e+00,-1.242612302303314209e-02
5.333333333333333037e+00,1.055565662682056427e-02
5.366666666666666252e+00,-9.963201591745018959e-04
5.400000000000000355e+00,-6.374802440404891968e-03
5.433333333333333570e+00,2.533993124961853027e-02
5.466666666666666785e+00,5.457179620862007141e-02
5.500000000000000000e+00,5.027514323592185974e-02
5.533333333333333215e+00,2.369248680770397186e-02
5.566666666666666430e+00,1.111385971307754517e-02
5.599999999999999645e+00,3.549917414784431458e-02
5.633333333333332860e+00,5.765677243471145630e-02
5.666666666666666963e+00,4.691236838698387146e-02
5.700000000000000178e+00,2.044982742518186569e-03
5.733333333333333393e+00,-3.605243191123008728e-02
5.766666666666666607e+00,-3.610643744468688965e-02
5.799999999999999822e+00,-4.317208658903837204e-03
5.833333333333333037e+00,1.871151849627494812e-02
5.866666666666666252e+00,7.139255758374929428e-03
5.900000000000000355e+00,1.324391108937561512e-03
5.933333333333333570e+00,1.512351725250482559e-02
5.966666666666666785e+00,1.179778203368186951e-02
6.000000000000000000e+00,-2.701784856617450714e-02
6.033333333333333215e+00,-6.182857602834701538e-02
6.066666666666666430e+00,-6.319996714591979980e-02
6.099999999999999645e+00,-3.118072450160980225e-02
6.133333333333332860e+00,-5.724114365875720978e-03
6.166666666666666963e+00,-1.630978100001811981e-02
6.200000000000000178e+00,-2.340700291097164154e-02
6.233333333333333393e+00,3.843450918793678284e-03
6.266666666666666607e+00,2.509242296218872070e-02
6.299999999999999822e+00,9.335174225270748138e-03
6.333333333333333037e+00,-4.039760679006576538e-03
6.366666666666666252e+00,1.713198982179164886e-02
6.400000000000000355e+00,3.388509526848793030e-02
6.433333333333333570e+00,1.488059572875499725e-02
6.466666666666666785e+00,3.725224232766777277e-04
6.500000000000000000e+00,1.984704658389091492e-02
6.533333333333333215e+00,3.514703735709190369e-02
6.566666666666666430e+00,1.662836410105228424e-02
6.599999999999999645e+00,2.389078028500080109e-03
6.633333333333332860e+00,2.091056108474731445e-02
6.666666666666666963e+00,3.511907905340194702e-02
6.700000000000000178e+00,1.560265757143497467e-02
6.733333333333333393e+00,4.037304897792637348e-04
6.766666666666666607e+00,1.890552230179309845e-02
6.799999999999999822e+00,3.305280953645706177e-02
6.833333333333333037e+00,1.153130456805229187e-02
6.866666666666666252e+00,-6.313984282314777374e-03
6.899999999999999467e+00,1.093431282788515091e-02
6.933333333333333570e+00,2.376356534659862518e-02
6.966666666666666785e+00,4.701580037362873554e-04
7.000000000000000000e+00,-1.819141767919063568e-02
7.033333333333333215e+00,-1.533943926915526390e-03
7.066666666666666430e+00,1.070536859333515167e-02
7.099999999999999645e+00,-1.328599546104669571e-02
7.133333333333332860e+00,-3.375781700015068054e-02
7.166666666666666963e+00,-1.974393799901008606e-02
7.200000000000000178e+00,-1.079940516501665115e-02
7.233333333333333393e+00,-3.727902844548225403e-02
7.266666666666666607e+00,-5.927251651883125305e-02
7.299999999999999822e+00,-4.687973856925964355e-02
7.333333333333333037e+00,-2.746367827057838440e-02
7.366666666666666252e+00,-3.274293616414070129e-02
7.399999999999999467e+00,-3.172613680362701416e-02
7.433333333333333570e+00,4.370008129626512527e-03
7.466666666666666785e+00,3.723897039890289307e-02
7.500000000000000000e+00,3.754477947950363159e-02
7.533333333333333215e+00,3.746987320482730865e-03
7.566666666666666430e+00,-2.561276219785213470e-02
7.599999999999999645e+00,-2.016321010887622833e-02
7.633333333333332860e+00,1.123664900660514832e-02
7.666666666666666963e+00,3.124091587960720062e-02
7.700000000000000178e+00,1.644498296082019806e-02
7.733333333333333393e+00,4.637032281607389450e-03
7.766666666666666607e+00,2.594123221933841705e-02
7.799999999999999822e+00,4.074956104159355164e-02
7.833333333333333037e+00,1.881764084100723267e-02
7.866666666666666252e+00,-6.394394440576434135e-04
7.899999999999999467e+00,1.426924113184213638e-02
7.933333333333333570e+00,2.477507479488849640e-02
7.966666666666666785e+00,-1.673152146395295858e-04
8.000000000000000000e+00,-2.060540579259395599e-02
8.033333333333333215e+00,-7.331989239901304245e-03
8.066666666666666430e+00,1.686259289272129536e-03
8.099999999999999645e+00,-2.308192104101181030e-02
8.133333333333332860e+00,-4.351172596216201782e-02
8.166666666666666075e+00,-3.082524798810482025e-02
8.199999999999999289e+00,-2.230464480817317963e-02
8.233333333333332504e+00,-3.671234101057052612e-02
8.266666666666665719e+00,-3.778192028403282166e-02
8.300000000000000711e+00,-4.440069198608398438e-03
8.333333333333333925e+00,2.441293373703956604e-02
8.366666666666667140e+00,1.762014813721179962e-02
8.400000000000000355e+00,1.604933850467205048e-02
8.433333333333333570e+00,3.692756593227386475e-02
8.466666666666666785e+00,4.280224442481994629e-02
8.500000000000000000e+00,1.193650532513856888e-02
8.533333333333333215e+00,-1.560572814196348190e-02
8.566666666666666430e+00,-8.693769574165344238e-03
8.599999999999999645e+00,-8.257039822638034821e-03
8.633333333333332860e+00,-2.314258180558681488e-02
8.666666666666666075e+00,-1.897768676280975342e-02
8.699999999999999289e+00,6.013946142047643661e-03
8.733333333333332504e+00,1.499033346772193909e-02
8.766666666666665719e+00,-1.253979187458753586e-02
8.800000000000000711e+00,-3.766999393701553345e-02
8.833333333333333925e+00,-2.952461130917072296e-02
8.866666666666667140e+00,3.513770177960395813e-03
8.900000000000000355e+00,2.445566095411777496e-02
8.933333333333333570e+00,8.377791382372379303e-03
8.966666666666666785e+00,-5.062540527433156967e-03
9.000000000000000000e+00,1.431894861161708832e-02
9.033333333333333215e+00,2.791941910982131958e-02
9.066666666666666430e+00,4.513656254857778549e-03
9.099999999999999645e+00,-1.642314717173576355e-02
9.133333333333332860e+00,-4.484285134822130203e-03
9.166666666666666075e+00,1.940836198627948761e-03
9.199999999999999289e+00,-2.502454817295074463e-02
9.233333333333332504e+00,-4.700427129864692688e-02
9.266666666666665719e+00,-3.607614338397979736e-02
9.300000000000000711e+00,6.839936599135398865e-03
9.333333333333333925e+00,4.151005670428276062e-02
9.366666666666667140e+00,3.843503072857856750e-02
9.400000000000000355e+00,1.537569332867860794e-02
9.433333333333333570e+00,1.003757771104574203e-02
9.466666666666666785e+00,3.926282003521919250e-02
9.500000000000000000e+00,6.267281621694564819e-02
9.533333333333333215e+00,5.122965946793556213e-02
9.566666666666666430e+00,5.586504936218261719e-03
9.599999999999999645e+00,-3.382756561040878296e-02
9.633333333333332860e+00,-3.735828027129173279e-02
9.666666666666666075e+00,-6.180485710501670837e-03
9.699999999999999289e+00,1.899732835590839386e-02
9.733333333333332504e+00,9.517866186797618866e-03
9.766666666666665719e+00,-2.015935489907860756e-03
9.800000000000000711e+00,1.566005498170852661e-02
9.833333333333333925e+00,2.772566117346286774e-02
9.866666666666667140e+00,5.119752138853073120e-03
9.900000000000000355e+00,-1.277914829552173615e-02
9.933333333333333570e+00,4.176694899797439575e-03
9.966666666666666785e+00,1.600778102874755859e-02
1.000000000000000000e+01,-6.884334608912467957e-03
1.003333333333333321e+01,-2.559058926999568939e-02
1.006666666666666643e+01,-9.351706132292747498e-03
1.009999999999999964e+01,2.335421275347471237e-03
1.013333333333333286e+01,-2.075031585991382599e-02
1.016666666666666607e+01,-4.026005044579505920e-02
1.019999999999999929e+01,-2.473091520369052887e-02
1.023333333333333250e+01,-1.304698921740055084e-02
1.026666666666666572e+01,-3.615686297416687012e-02
1.030000000000000071e+01,-5.637683719396591187e-02
1.033333333333333393e+01,-4.146980866789817810e-02
1.036666666666666714e+01,-1.508357352577149868e-03
1.040000000000000036e+01,2.537968195974826813e-02
1.043333333333333357e+01,1.740397140383720398e-02
1.046666666666666679e+01,1.574280112981796265e-02
1.050000000000000000e+01,4.720483720302581787e-02
1.053333333333333321e+01,7.293120771646499634e-02
1.056666666666666643e+01,6.546200066804885864e-02
1.059999999999999964e+01,2.299341931939125061e-02
1.063333333333333286e+01,-1.580478437244892120e-02
1.066666666666666607e+01,-1.958348602056503296e-02
1.069999999999999929e+01,3.397230058908462524e-03
1.073333333333333250e+01,1.374811306595802307e-02
1.076666666666666572e+01,-1.223048008978366852e-02
1.080000000000000071e+01,-3.554188460111618042e-02
1.083333333333333393e+01,-2.619204111397266388e-02
1.086666666666666714e+01,-2.290856279432773590e-02
1.090000000000000036e+01,-3.078130446374416351e-02
1.093333333333333357e+01,-1.752380281686782837e-02
1.096666666666666679e+01,-1.062342245131731033e-02
1.100000000000000000e+01,-2.605950646102428436e-02
1.103333333333333321e+01,-2.754709310829639435e-02
1.106666666666666643e+01,3.648638259619474411e-03
1.109999999999999964e+01,2.915809489786624908e-02
1.113333333333333286e+01,1.775556989014148712e-02
1.116666666666666607e+01,8.444988168776035309e-03
1.119999999999999929e+01,3.190442547202110291e-02
1.123333333333333250e+01,5.044946074485778809e-02
1.126666666666666572e+01,3.214913606643676758e-02
1.130000000000000071e+01,1.587424241006374359e-02
1.133333333333333393e+01,3.283115476369857788e-02
1.136666666666666714e+01,4.468713700771331787e-02
1.140000000000000036e+01,1.975527778267860413e-02
1.143333333333333357e+01,-2.221963368356227875e-03
1.146666666666666679e+01,8.537827990949153900e-03
1.150000000000000000e+01,1.250288262963294983e-02
1.153333333333333321e+01,-2.006054297089576721e-02
1.156666666666666643e+01,-4.803842678666114807e-02
1.159999999999999964e+01,-4.220090806484222412e-02
1.163333333333333286e+01,-3.018437698483467102e-02
1.166666666666666607e+01,-4.285437241196632385e-02
1.169999999999999929e+01,-5.039432272315025330e-02
1.173333333333333250e+01,-2.321640588343143463e-02
1.176666666666666572e+01,-2.051311545073986053e-03
1.180000000000000071e+01,-1.563552580773830414e-02
1.183333333333333393e+01,-2.416173927485942841e-02
1.186666666666666714e+01,2.033095806837081909e-03
1.190000000000000036e+01,2.249935083091259003e-02
1.193333333333333357e+01,8.122635073959827423e-03
1.196666666666666679e+01,-1.780169550329446793e-03
1.200000000000000000e+01,2.317111566662788391e-02
1.203333333333333321e+01,4.335255175828933716e-02
1.206666666666666643e+01,2.869962155818939209e-02
1.209999999999999964e+01,1.747326739132404327e-02
1.213333333333333286e+01,4.129194840788841248e-02
1.216666666666666607e+01,6.162103638052940369e-02
1.219999999999999929e+01,4.704437404870986938e-02
1.223333333333333250e+01,-2.641396829858422279e-03
1.226666666666666572e+01,-4.733500629663467407e-02
1.230000000000000071e+01,-5.669983103871345520e-02
1.233333333333333393e+01,-3.281971812248229980e-02
1.236666666666666714e+01,-1.577272266149520874e-02
1.240000000000000036e+01,-3.555217385292053223e-02
1.243333333333333357e+01,-5.242829024791717529e-02
1.246666666666666679e+01,-3.650061786174774170e-02
1.250000000000000000e+01,-1.727535389363765717e-02
1.253333333333333321e+01,-2.649623714387416840e-02
1.256666666666666643e+01,-3.209187090396881104e-02
1.259999999999999964e+01,-2.836077939718961716e-03
1.263333333333333286e+01,2.305950596928596497e-02
1.266666666666666607e+01,1.593808457255363464e-02
1.269999999999999929e+01,1.390620507299900055e-02
1.273333333333333250e+01,4.682487249374389648e-02
1.276666666666666572e+01,7.588202506303787231e-02
1.280000000000000071e+01,7.008094340562820435e-02
1.283333333333333393e+01,2.913250587880611420e-02
1.286666666666666714e+01,-8.851770311594009399e-03
1.290000000000000036e+01,-1.319285389035940170e-02
1.293333333333333357e+01,5.101892631500959396e-03
1.296666666666666679e+01,9.277250617742538452e-03
1.300000000000000000e+01,-2.274515852332115173e-02
1.303333333333333321e+01,-5.123253911733627319e-02
1.306666666666666643e+01,-4.681453853845596313e-02
1.309999999999999964e+01,-8.993567898869514465e-03
1.313333333333333286e+01,2.215698361396789551e-02
1.316666666666666607e+01,1.722254045307636261e-02
1.319999999999999929e+01,2.555060898885130882e-03
1.323333333333333250e+01,1.331624016165733337e-02
1.326666666666666572e+01,1.960973069071769714e-02
1.329999999999999893e+01,-9.711145423352718353e-03
1.333333333333333393e+01,-3.444682806730270386e-02
1.336666666666666714e+01,-2.452344447374343872e-02
1.340000000000000036e+01,-1.344658061861991882e-02
1.343333333333333357e+01,-3.271176293492317200e-02
1.346666666666666679e+01,-4.964470863342285156e-02
1.350000000000000000e+01,-3.421216830611228943e-02
1.353333333333333321e+01,-2.624253043904900551e-03
1.356666666666666643e+01,1.110072527080774307e-02
1.359999999999999964e+01,-1.225312426686286926e-02
1.363333333333333286e+01,-3.383218497037887573e-02
1.366666666666666607e+01,-2.254599332809448242e-02
1.369999999999999929e+01,2.248928323388099670e-02
1.373333333333333250e+01,6.084561720490455627e-02
1.376666666666666572e+01,6.209262832999229431e-02
1.379999999999999893e+01,2.655085548758506775e-02
1.383333333333333393e+01,-5.236208904534578323e-03
1.386666666666666714e+01,-3.798980265855789185e-03
1.390000000000000036e+01,1.971963793039321899e-02
1.393333333333333357e+01,2.839852683246135712e-02
1.396666666666666679e+01,2.845569397322833538e-04
1.400000000000000000e+01,-2.520190179347991943e-02
1.403333333333333321e+01,-1.551586110144853592e-02
1.406666666666666643e+01,-4.915904719382524490e-03
1.409999999999999964e+01,-2.711712568998336792e-02
1.413333333333333286e+01,-4.460563138127326965e-02
1.416666666666666607e+01,-2.627896703779697418e-02
1.419999999999999929e+01,-9.244231507182121277e-03
1.423333333333333250e+01,-2.584473229944705963e-02
1.426666666666666572e+01,-3.758930787444114685e-02
1.429999999999999893e+01,-1.396605651825666428e-02
1.433333333333333393e+01,5.217233672738075256e-03
1.436666666666666714e+01,-1.030092779546976089e-02
1.440000000000000036e+01,-2.031913772225379944e-02
1.443333333333333357e+01,5.567535292357206345e-03
1.446666666666666679e+01,2.899396978318691254e-02
1.450000000000000000e+01,1.925783231854438782e-02
1.453333333333333321e+01,1.456449739634990692e-02
1.456666666666666643e+01,4.468235746026039124e-02
1.459999999999999964e+01,7.038138806819915771e-02
1.463333333333333286e+01,6.245983019471168518e-02
1.466666666666666607e+01,2.530898153781890869e-02
1.469999999999999929e+01,-3.181911772117018700e-03
1.473333333333333250e+01,2.865016693249344826e-03
1.476666666666666572e+01,5.139102693647146225e-03
1.479999999999999893e+01,-2.527921274304389954e-02
1.483333333333333393e+01,-4.963174089789390564e-02
1.486666666666666714e+01,-3.913075104355812073e-02
1.490000000000000036e+01,-4.265844356268644333e-03
1.493333333333333357e+01,1.699558645486831665e-02
1.496666666666666679e+01,2.543884096667170525e-03
1.500000000000000000e+01,-7.428530137985944748e-03
1.503333333333333321e+01,1.741271279752254486e-02
1.506666666666666643e+01,3.598322346806526184e-02
1.509999999999999964e+01,1.805309951305389404e-02
1.513333333333333286e+01,2.367444336414337158e-03
1.516666666666666607e+01,1.934417337179183960e-02
1.519999999999999929e+01,3.009674884378910065e-02
1.523333333333333250e+01,5.515905097126960754e-03
1.526666666666666572e+01,-1.677122153341770172e-02
1.529999999999999893e+01,-6.752050016075372696e-03
1.533333333333333393e+01,-3.020867938175797462e-03
1.536666666666666714e+01,-3.207874670624732971e-02
1.540000000000000036e+01,-5.649302154779434204e-02
1.543333333333333357e+01,-4.763475805521011353e-02
1.546666666666666679e+01,-6.117447279393672943e-03
1.550000000000000000e+01,2.838940545916557312e-02
1.553333333333333321e+01,2.618878893554210663e-02
1.556666666666666643e+01,1.041823066771030426e-02
1.559999999999999964e+01,1.387231051921844482e-02
1.563333333333333286e+01,1.483723614364862442e-02
1.566666666666666607e+01,-7.769107818603515625e-03
1.569999999999999929e+01,-1.961249858140945435e-02
1.573333333333333250e+01,1.495584612712264061e-03
1.576666666666666572e+01,1.758649200201034546e-02
1.579999999999999893e+01,-2.070790855213999748e-03
1.583333333333333393e+01,-1.919275335967540741e-02
1.586666666666666714e+01,-1.187013229355216026e-03
1.590000000000000036e+01,1.359529700130224228e-02
1.593333333333333357e+01,-6.483088713139295578e-03
1.596666666666666679e+01,-2.219271846115589142e-02
1.600000000000000000e+01,-1.171187963336706161e-03
1.603333333333333144e+01,1.638559252023696899e-02
1.606666666666666643e+01,-8.440241217613220215e-04
1.610000000000000142e+01,-1.267580222338438034e-02
1.613333333333333286e+01,1.024973671883344650e-02
1.616666666666666785e+01,2.883044257760047913e-02
1.619999999999999929e+01,1.202222891151905060e-02
1.623333333333333428e+01,-2.620855811983346939e-04
1.626666666666666572e+01,2.218333445489406586e-02
1.630000000000000071e+01,4.048823192715644836e-02
1.633333333333333215e+01,2.390932850539684296e-02
1.636666666666666714e+01,1.249755173921585083e-02
1.639999999999999858e+01,3.041851334273815155e-02
1.643333333333333357e+01,3.950820490717887878e-02
1.646666666666666501e+01,1.384935714304447174e-02
1.650000000000000000e+01,-6.004022900015115738e-03
1.653333333333333144e+01,8.814388886094093323e-03
1.656666666666666643e+01,1.839696802198886871e-02
1.660000000000000142e+01,-6.647737696766853333e-03
1.663333333333333286e+01,-2.635121159255504608e-02
1.666666666666666785e+01,-1.212187390774488449e-02
1.669999999999999929e+01,-2.208104124292731285e-03
1.673333333333333428e+01,-2.615427225828170776e-02
1.676666666666666572e+01,-4.517178609967231750e-02
1.680000000000000071e+01,-2.795490436255931854e-02
1.683333333333333215e+01,-1.305956486612558365e-02
1.686666666666666714e+01,-3.108703717589378357e-02
1.689999999999999858e+01,-4.385730251669883728e-02
1.693333333333333357e+01,-1.958261802792549133e-02
1.696666666666666501e+01,2.109722467139363289e-03
1.700000000000000000e+01,-9.039960801601409912e-03
1.703333333333333144e+01,-1.395956333726644516e-02
1.706666666666666643e+01,1.799589022994041443e-02
1.710000000000000142e+01,4.644035175442695618e-02
1.713333333333333286e+01,4.214007407426834106e-02
1.716666666666666785e+01,5.221109837293624878e-03
1.719999999999999929e+01,-2.560508251190185547e-02
1.723333333333333428e+01,-2.036008797585964203e-02
1.726666666666666572e+01,5.170954973436892033e-04
1.730000000000000071e+01,1.169846509583294392e-03
1.733333333333333215e+01,-1.484612002968788147e-02
1.736666666666666714e+01,-1.144399587064981461e-02
1.739999999999999858e+01,1.049979217350482941e-02
1.743333333333333357e+01,1.528997812420129776e-02
1.746666666666666501e+01,-1.563366688787937164e-02
1.750000000000000000e+01,-4.169400408864021301e-02
1.753333333333333144e+01,-3.248747810721397400e-02
1.756666666666666643e+01,2.779375296086072922e-03
1.760000000000000142e+01,2.683715149760246277e-02
1.763333333333333286e+01,1.667547971010208130e-02
1.766666666666666785e+01,1.085305772721767426e-02
1.769999999999999929e+01,3.986614197492599487e-02
1.773333333333333428e+01,6.345761567354202271e-02
1.776666666666666572e+01,5.216114968061447144e-02
1.780000000000000071e+01,6.031646858900785446e-03
1.783333333333333215e+01,-3.533416613936424255e-02
1.786666666666666714e+01,-4.175366461277008057e-02
1.789999999999999858e+01,-1.222217641770839691e-02
1.793333333333333357e+01,1.353913731873035431e-02
1.796666666666666501e+01,4.452250897884368896e-03
1.800000000000000000e+01,-4.715455870609730482e-04
1.803333333333333144e+01,1.826719194650650024e-02
1.806666666666666643e+01,2.363697998225688934e-02
1.810000000000000142e+01,-4.828915931284427643e-03
1.813333333333333286e+01,-2.902991138398647308e-02
1.816666666666666785e+01,-1.906828954815864563e-02
1.819999999999999929e+01,-1.341765653342008591e-02
1.823333333333333428e+01,-3.714011609554290771e-02
1.826666666666666572e+01,-5.351411551237106323e-02
1.830000000000000071e+01,-3.554867208003997803e-02
1.833333333333333215e+01,-2.106371521949768066e-02
1.836666666666666714e+01,-3.175182640552520752e-02
1.839999999999999858e+01,-3.153401240706443787e-02
1.843333333333333357e+01,4.578808322548866272e-03
1.846666666666666501e+01,3.680366650223731995e-02
1.850000000000000000e+01,3.376090526580810547e-02
1.853333333333333144e+01,2.526981942355632782e-02
1.856666666666666643e+01,4.523766785860061646e-02
1.860000000000000142e+01,6.062686443328857422e-02
1.863333333333333286e+01,4.098879918456077576e-02
1.866666666666666785e+01,2.573623508214950562e-02
1.869999999999999929e+01,4.519443958997726440e-02
1.873333333333333428e+01,5.920198559761047363e-02
1.876666666666666572e+01,3.780581429600715637e-02
1.880000000000000071e+01,4.011190962046384811e-03
1.883333333333333215e+01,-8.546509779989719391e-03
1.886666666666666714e+01,-3.688265569508075714e-03
1.889999999999999858e+01,-1.595263741910457611e-02
1.893333333333333357e+01,-3.084015473723411560e-02
1.896666666666666501e+01,-1.733597926795482635e-02
1.900000000000000000e+01,-8.134158328175544739e-03
1.903333333333333144e+01,-3.198106586933135986e-02
1.906666666666666643e+01,-4.933592304587364197e-02
1.910000000000000142e+01,-3.171689435839653015e-02
1.913333333333333286e+01,-1.745906285941600800e-02
1.916666666666666785e+01,-3.595719113945960999e-02
1.919999999999999929e+01,-5.024122446775436401e-02
1.923333333333333428e+01,-3.049530461430549622e-02
1.926666666666666572e+01,-1.509873662143945694e-02
1.930000000000000071e+01,-3.308636322617530823e-02
1.933333333333333215e+01,-4.675571992993354797e-02
1.936666666666666714e+01,-2.583100832998752594e-02
1.939999999999999858e+01,-3.440204018261283636e-04
1.943333333333333357e+01,-2.635067794471979141e-03
1.946666666666666501e+01,-5.583633901551365852e-04
1.950000000000000000e+01,3.759508952498435974e-02
1.953333333333333144e+01,7.113211601972579956e-02
1.956666666666666643e+01,6.877575069665908813e-02
1.960000000000000142e+01,3.178644180297851562e-02
1.963333333333333286e+01,1.088048098608851433e-03
1.966666666666666785e+01,5.098079796880483627e-03
1.969999999999999929e+01,7.287913467735052109e-03
1.973333333333333428e+01,-1.638463325798511505e-02
1.976666666666666572e+01,-2.981854788959026337e-02
1.980000000000000071e+01,-8.494230918586254120e-03
1.983333333333333215e+01,8.924317546188831329e-03
1.986666666666666714e+01,-8.648586459457874298e-03
1.989999999999999858e+01,-2.216243743896484375e-02
1.993333333333333357e+01,-8.426778949797153473e-04
1.996666666666666501e+01,1.762334443628787994e-02
2.000000000000000000e+01,9.385716984979808331e-04
2.003333333333333144e+01,-1.283246930688619614e-02
2.006666666666666643e+01,8.277833461761474609e-03
2.010000000000000142e+01,2.518687583506107330e-02
2.013333333333333286e+01,5.234790965914726257e-03
2.016666666666666785e+01,-1.138940732926130295e-02
2.019999999999999929e+01,6.751025095582008362e-03
2.023333333333333428e+01,1.946124993264675140e-02
2.026666666666666572e+01,-2.548098098486661911e-03
2.030000000000000071e+01,-2.052109688520431519e-02
2.033333333333333215e+01,-3.970026038587093353e-03
2.036666666666666714e+01,7.912557572126388550e-03
2.039999999999999858e+01,-1.495174504816532135e-02
2.043333333333333357e+01,-3.380693495273590088e-02
2.046666666666666501e+01,-1.775150001049041748e-02
2.050000000000000000e+01,-6.760976277291774750e-03
2.053333333333333144e+01,-2.271083183586597443e-02
2.056666666666666643e+01,-2.794517576694488525e-02
2.060000000000000142e+01,1.559736090712249279e-03
2.063333333333333286e+01,2.516690082848072052e-02
2.066666666666666785e+01,1.412141043692827225e-02
2.069999999999999929e+01,8.549069985747337341e-03
2.073333333333333428e+01,3.755846992135047913e-02
2.076666666666666572e+01,6.151650846004486084e-02
2.080000000000000071e+01,5.198876932263374329e-02
2.083333333333333215e+01,1.980960927903652191e-02
2.086666666666666714e+01,1.976222032681107521e-03
2.089999999999999858e+01,2.069403417408466339e-02
2.093333333333333357e+01,3.705008700489997864e-02
2.096666666666666501e+01,1.934497803449630737e-02
2.100000000000000000e+01,7.719710003584623337e-03
2.103333333333333144e+01,2.216573059558868408e-02
2.106666666666666643e+01,2.508908510208129883e-02
2.110000000000000142e+01,-6.934492383152246475e-03
2.113333333333333286e+01,-3.339868783950805664e-02
2.116666666666666785e+01,-2.302932925522327423e-02
2.119999999999999929e+01,-1.539435237646102905e-02
2.123333333333333428e+01,-4.099903628230094910e-02
2.126666666666666572e+01,-6.030021235346794128e-02
2.130000000000000071e+01,-4.457734897732734680e-02
2.133333333333333215e+01,-2.880869060754776001e-02
2.136666666666666714e+01,-4.330482333898544312e-02
2.139999999999999858e+01,-5.208372324705123901e-02
2.143333333333333357e+01,-2.573926374316215515e-02
2.146666666666666501e+01,-1.627022633329033852e-03
2.150000000000000000e+01,-1.094743050634860992e-02
2.153333333333333144e+01,-1.555572729557752609e-02
2.156666666666666643e+01,1.550945732742547989e-02
2.160000000000000142e+01,4.199098795652389526e-02
2.163333333333333286e+01,3.341422975063323975e-02
2.166666666666666785e+01,2.926599606871604919e-02
2.169999999999999929e+01,5.638476833701133728e-02
2.173333333333333428e+01,7.468993961811065674e-02
2.176666666666666572e+01,5.616435408592224121e-02
2.180000000000000071e+01,2.927554957568645477e-02
2.183333333333333215e+01,2.803406864404678345e-02
2.186666666666666714e+01,2.126971073448657990e-02
2.189999999999999858e+01,-2.181553840637207031e-02
2.193333333333333357e+01,-6.210473179817199707e-02
2.196666666666666501e+01,-6.941559910774230957e-02
2.200000000000000000e+01,-4.387531057000160217e-02
2.203333333333333144e+01,-2.320885099470615387e-02
2.206666666666666643e+01,-3.958762064576148987e-02
2.210000000000000142e+01,-5.400098115205764771e-02
2.213333333333333286e+01,-3.481076285243034363e-02
2.216666666666666785e+01,-9.194063954055309296e-03
2.219999999999999929e+01,-1.148823928087949753e-02
2.223333333333333428e+01,-1.061207428574562073e-02
2.226666666666666572e+01,2.371731214225292206e-02
2.230000000000000071e+01,5.161437392234802246e-02
2.233333333333333215e+01,4.264716431498527527e-02
2.236666666666666714e+01,3.663080930709838867e-02
2.239999999999999858e+01,5.104398354887962341e-02
2.243333333333333357e+01,5.075787752866744995e-02
2.246666666666666501e+01,1.467770151793956757e-02
2.250000000000000000e+01,-1.846486516296863556e-02
2.253333333333333144e+01,-1.722135767340660095e-02
2.256666666666666643e+01,1.013619941659271717e-03
2.260000000000000142e+01,1.370359328575432301e-03
2.263333333333333286e+01,-2.351553365588188171e-02
2.266666666666666785e+01,-3.640554845333099365e-02
2.269999999999999929e+01,-1.555547770112752914e-02
2.273333333333333428e+01,1.083738985471427441e-03
2.276666666666666572e+01,-1.656256616115570068e-02
2.280000000000000071e+01,-2.983558364212512970e-02
2.283333333333333215e+01,-9.363017044961452484e-03
2.286666666666666714e+01,6.833991035819053650e-03
2.289999999999999858e+01,-1.203301362693309784e-02
2.293333333333333357e+01,-2.635726332664489746e-02
2.296666666666666501e+01,-5.441008135676383972e-03
2.300000000000000000e+01,1.096191257238388062e-02
2.303333333333333144e+01,-7.310553453862667084e-03
2.306666666666666643e+01,-1.901056244969367981e-02
2.310000000000000142e+01,6.104938685894012451e-03
2.313333333333333286e+01,2.887341380119323730e-02
2.316666666666666785e+01,1.873233728110790253e-02
2.319999999999999929e+01,1.490419171750545502e-02
2.323333333333333428e+01,4.673632234334945679e-02
2.326666666666666572e+01,7.628177106380462646e-02
2.330000000000000071e+01,7.332447916269302368e-02
2.333333333333333215e+01,3.753486275672912598e-02
2.336666666666666714e+01,7.467450108379125595e-03
2.339999999999999858e+01,1.447197236120700836e-02
2.343333333333333357e+01,1.883434318006038666e-02
2.346666666666666501e+01,-9.597903117537498474e-03
2.350000000000000000e+01,-3.179052099585533142e-02
2.353333333333333144e+01,-1.701285503804683685e-02
2.356666666666666643e+01,-5.461291410028934479e-03
2.360000000000000142e+01,-2.665355801582336426e-02
2.363333333333333286e+01,-4.114693775773048401e-02
2.366666666666666785e+01,-1.877525635063648224e-02
2.369999999999999929e+01,-1.216891105286777020e-04
2.373333333333333428e+01,-1.417693123221397400e-02
2.376666666666666572e+01,-2.140494249761104584e-02
2.380000000000000071e+01,7.954902946949005127e-03
2.383333333333333215e+01,3.359917178750038147e-02
2.386666666666666714e+01,2.643244527280330658e-02
2.389999999999999858e+01,-2.149389125406742096e-03
2.393333333333333357e+01,-1.536404713988304138e-02
2.396666666666666501e+01,8.010695688426494598e-03
2.400000000000000000e+01,2.880543284118175507e-02
2.403333333333333144e+01,1.517573092132806778e-02
2.406666666666666643e+01,1.995203550904989243e-03
2.410000000000000142e+01,2.215597033500671387e-02
2.413333333333333286e+01,3.983409330248832703e-02
2.416666666666666785e+01,2.367711439728736877e-02
2.419999999999999929e+01,-5.830214824527502060e-03
2.423333333333333428e+01,-1.450408063828945160e-02
2.426666666666666572e+01,-2.291688462719321251e-03
2.430000000000000071e+01,-4.977579694241285324e-03
2.433333333333333215e+01,-4.085058718919754028e-02
2.436666666666666714e+01,-7.134211808443069458e-02
2.439999999999999858e+01,-6.484929472208023071e-02
2.443333333333333357e+01,-2.187847904860973358e-02
2.446666666666666501e+01,1.864786073565483093e-02
2.450000000000000000e+01,2.594785951077938080e-02
2.453333333333333144e+01,4.459437041077762842e-04
2.456666666666666643e+01,-1.902818307280540466e-02
2.460000000000000142e+01,-1.570544438436627388e-03
2.463333333333333286e+01,1.301765441894531250e-02
2.466666666666666785e+01,-5.189389456063508987e-03
2.469999999999999929e+01,-1.728237047791481018e-02
2.473333333333333428e+01,7.518170867115259171e-03
2.476666666666666572e+01,2.934716083109378815e-02
2.480000000000000071e+01,1.836191117763519287e-02
2.483333333333333215e+01,1.155434083193540573e-02
2.486666666666666714e+01,2.540913969278335571e-02
2.489999999999999858e+01,2.491983212530612946e-02
2.493333333333333357e+01,-8.320678956806659698e-03
2.496666666666666501e+01,-3.523564338684082031e-02
2.500000000000000000e+01,-2.519036084413528442e-02
2.503333333333333144e+01,-1.827092655003070831e-02
2.506666666666666643e+01,-4.192966222763061523e-02
2.510000000000000142e+01,-5.748305842280387878e-02
2.513333333333333286e+01,-3.614250198006629944e-02
2.516666666666666785e+01,-1.813446357846260071e-02
2.519999999999999929e+01,-3.291143849492073059e-02
2.523333333333333428e+01,-4.122470691800117493e-02
2.526666666666666572e+01,-1.271932385861873627e-02
2.530000000000000071e+01,1.241067424416542053e-02
2.533333333333333215e+01,4.505021031945943832e-03
2.536666666666666714e+01,2.682305406779050827e-03
2.539999999999999858e+01,3.776061534881591797e-02
2.543333333333333357e+01,7.022741436958312988e-02
2.546666666666666501e+01,6.967652589082717896e-02
2.550000000000000000e+01,3.504065796732902527e-02
2.553333333333333144e+01,7.147563155740499496e-03
2.556666666666666643e+01,1.719891093671321869e-02
2.560000000000000142e+01,2.433915063738822937e-02
2.563333333333333286e+01,-4.149833228439092636e-03
2.566666666666666785e+01,-2.796886116266250610e-02
2.569999999999999929e+01,-1.505067106336355209e-02
2.573333333333333428e+01,-6.626484915614128113e-03
2.576666666666666572e+01,-3.261367976665496826e-02
2.580000000000000071e+01,-5.419832468032836914e-02
2.583333333333333215e+01,-4.165837913751602173e-02
2.586666666666666714e+01,-7.670139893889427185e-03
2.589999999999999858e+01,1.317664422094821930e-02
2.593333333333333357e+01,-1.421037828549742699e-03
2.596666666666666501e+01,-1.294124405831098557e-02
2.600000000000000000e+01,1.038727536797523499e-02
2.603333333333333144e+01,3.098537214100360870e-02
2.606666666666666643e+01,1.658017560839653015e-02
2.609999999999999787e+01,6.006878335028886795e-03
2.613333333333333286e+01,3.021967783570289612e-02
2.616666666666666785e+01,5.075247213244438171e-02
2.619999999999999929e+01,3.633168339729309082e-02
2.623333333333333428e+01,1.854188367724418640e-02
2.626666666666666572e+01,2.895401231944561005e-02
2.630000000000000071e+01,3.462221100926399231e-02
2.633333333333333215e+01,5.571823567152023315e-03
2.636666666666666714e+01,-1.738076843321323395e-02
2.639999999999999858e+01,-5.689278244972229004e-03
2.643333333333333357e+01,3.034094988834112883e-04
2.646666666666666501e+01,-2.822046354413032532e-02
2.650000000000000000e+01,-5.053865537047386169e-02
2.653333333333333144e+01,-3.889111056923866272e-02
2.656666666666666643e+01,-3.040167689323425293e-02
2.659999999999999787e+01,-4.045756161212921143e-02
2.663333333333333286e+01,-3.442949801683425903e-02
2.666666666666666785e+01,6.345605477690696716e-03
2.669999999999999929e+01,4.394651949405670166e-02
2.673333333333333428e+01,4.723319411277770996e-02
2.676666666666666572e+01,1.532239094376564026e-02
2.680000000000000071e+01,-1.209000777453184128e-02
2.683333333333333215e+01,-3.679467597976326942e-03
2.686666666666666714e+01,2.976706018671393394e-04
2.689999999999999858e+01,-2.677924372255802155e-02
2.693333333333333357e+01,-4.702839627861976624e-02
2.696666666666666501e+01,-3.265585005283355713e-02
2.700000000000000000e+01,-1.103752665221691132e-02
2.703333333333333144e+01,-1.430119387805461884e-02
2.706666666666666643e+01,-1.333656255155801773e-02
2.709999999999999787e+01,2.241247147321701050e-02
2.713333333333333286e+01,5.357835441827774048e-02
2.716666666666666785e+01,4.991640150547027588e-02
2.719999999999999929e+01,1.145937014371156693e-02
2.723333333333333428e+01,-2.159003727138042450e-02
2.726666666666666572e+01,-2.044811472296714783e-02
2.730000000000000071e+01,1.412586122751235962e-02
2.733333333333333215e+01,4.377738758921623230e-02
2.736666666666666714e+01,3.924317657947540283e-02
2.739999999999999858e+01,-7.667496538488194346e-05
2.743333333333333357e+01,-3.426263108849525452e-02
2.746666666666666501e+01,-3.414838761091232300e-02
2.750000000000000000e+01,8.674205309944227338e-05
2.753333333333333144e+01,2.985878847539424896e-02
2.756666666666666643e+01,2.557658962905406952e-02
2.759999999999999787e+01,-6.259378977119922638e-03
2.763333333333333286e+01,-2.725870721042156219e-02
2.766666666666666785e+01,-1.361888367682695389e-02
2.769999999999999929e+01,-5.211083684116601944e-03
2.773333333333333428e+01,-3.142242506146430969e-02
2.776666666666666572e+01,-5.326331406831741333e-02
2.780000000000000071e+01,-4.214220121502876282e-02
2.783333333333333215e+01,-4.051598079968243837e-05
2.786666666666666714e+01,3.554909676313400269e-02
2.789999999999999858e+01,3.555795550346374512e-02
2.793333333333333357e+01,8.119307458400726318e-03
2.796666666666666501e+01,-9.856358170509338379e-03
2.800000000000000000e+01,7.173662539571523666e-03
2.803333333333333144e+01,2.030535228550434113e-02
2.806666666666666643e+01,-1.392288249917328358e-03
2.809999999999999787e+01,-1.822122000157833099e-02
2.813333333333333286e+01,1.583609031513333321e-03
2.816666666666666785e+01,1.775044761598110199e-02
2.819999999999999929e+01,-4.025188536616042256e-05
2.823333333333333428e+01,-1.157411281019449234e-02
2.826666666666666572e+01,1.151516288518905640e-02
2.830000000000000071e+01,2.915905788540840149e-02
2.833333333333333215e+01,1.221584435552358627e-02
2.836666666666666714e+01,-2.110594505211338401e-04
2.839999999999999858e+01,2.022998034954071045e-02
2.843333333333333357e+01,3.495826944708824158e-02
2.846666666666666501e+01,1.434034388512372971e-02
2.850000000000000000e+01,-2.926198067143559456e-03
2.853333333333333144e+01,1.479009259492158890e-02
2.856666666666666643e+01,2.829383127391338348e-02
2.859999999999999787e+01,6.994981318712234497e-03
2.863333333333333286e+01,-1.109600346535444260e-02
2.866666666666666785e+01,5.902679637074470520e-03
2.869999999999999929e+01,1.944000087678432465e-02
2.873333333333333428e+01,-1.864729681983590126e-03
2.876666666666666572e+01,-1.900245808064937592e-02
2.880000000000000071e+01,1.804580824682489038e-04
2.883333333333333215e+01,1.650708913803100586e-02
2.886666666666666714e+01,1.250051136594265699e-04
2.889999999999999858e+01,-9.614526294171810150e-03
2.893333333333333357e+01,1.421632617712020874e-02
2.896666666666666501e+01,3.161877021193504333e-02
2.900000000000000000e+01,1.648300699889659882e-02
2.903333333333333144e+01,-6.589327473193407059e-03
2.906666666666666643e+01,-5.136022344231605530e-03
2.909999999999999787e+01,-7.511624135076999664e-03
2.913333333333333286e+01,-4.251985251903533936e-02
2.916666666666666785e+01,-7.147549837827682495e-02
2.919999999999999929e+01,-6.339081376791000366e-02
2.923333333333333428e+01,-1.904224604368209839e-02
2.926666666666666572e+01,2.169534564018249512e-02
2.930000000000000071e+01,2.755746990442276001e-02
2.933333333333333215e+01,-4.375495336716994643e-05
2.936666666666666714e+01,-2.094772458076477051e-02
2.939999999999999858e+01,-5.035012960433959961e-03
2.943333333333333357e+01,7.170449476689100266e-03
2.946666666666666501e+01,-1.439077872782945633e-02
2.950000000000000000e+01,-3.026037476956844330e-02
2.953333333333333144e+01,-9.257176890969276428e-03
2.956666666666666643e+01,8.467271924018859863e-03
2.959999999999999787e+01,-7.680901326239109039e-03
2.963333333333333286e+01,-1.841221936047077179e-02
2.966666666666666785e+01,5.679764784872531891e-03
2.969999999999999929e+01,2.557232417166233063e-02
2.973333333333333428e+01,1.062157936394214630e-02
2.976666666666666572e+01,4.709342028945684433e-04
2.980000000000000071e+01,2.459556981921195984e-02
2.983333333333333215e+01,4.455665871500968933e-02
2.986666666666666714e+01,2.949839457869529724e-02
2.989999999999999858e+01,1.743268780410289764e-02
2.993333333333333357e+01,3.224494308233261108e-02
2.996666666666666501e+01,3.882409259676933289e-02
3.000000000000000000e+01,1.015921868383884430e-02
3.003333333333333144e+01,-1.573561690747737885e-02
3.006666666666666643e+01,-6.652775686234235764e-03
3.009999999999999787e+01,-1.123650348745286465e-03
3.013333333333333286e+01,-3.186578303575515747e-02
3.016666666666666785e+01,-5.957621708512306213e-02
3.019999999999999929e+01,-5.432183295488357544e-02
3.023333333333333428e+01,-1.680473983287811279e-02
3.026666666666666572e+01,1.431855838745832443e-02
3.030000000000000071e+01,1.056276541203260422e-02
3.033333333333333215e+01,-6.872287485748529434e-03
3.036666666666666714e+01,-5.111496429890394211e-03
3.039999999999999858e+01,8.518970571458339691e-03
3.043333333333333357e+01,1.662310794927179813e-03
3.046666666666666501e+01,-2.415141090750694275e-03
3.050000000000000000e+01,2.084373496472835541e-02
3.053333333333333144e+01,3.358706459403038025e-02
3.056666666666666643e+01,1.108410861343145370e-02
3.059999999999999787e+01,-7.354330271482467651e-03
3.063333333333333286e+01,1.019792072474956512e-02
3.066666666666666785e+01,2.305623516440391541e-02
3.069999999999999929e+01,-4.069375863764435053e-04
3.073333333333333428e+01,-1.922075822949409485e-02
3.076666666666666572e+01,-2.187773585319519043e-03
3.080000000000000071e+01,8.163297548890113831e-03
3.083333333333333215e+01,-1.968867331743240356e-02
3.086666666666666714e+01,-4.504075273871421814e-02
3.089999999999999858e+01,-3.600730001926422119e-02
3.093333333333333357e+01,-1.660187356173992157e-02
3.096666666666666501e+01,-2.105636894702911377e-02
3.100000000000000000e+01,-2.325232140719890594e-02
3.103333333333333144e+01,6.933073513209819794e-03
3.106666666666666643e+01,3.093263879418373108e-02
3.109999999999999787e+01,2.057733945548534393e-02
3.113333333333333286e+01,1.266631484031677246e-02
3.116666666666666785e+01,3.597479686141014099e-02
3.119999999999999929e+01,5.313678458333015442e-02
3.123333333333333428e+01,3.544624522328376770e-02
3.126666666666666572e+01,1.626211777329444885e-02
3.130000000000000071e+01,2.721747942268848419e-02
3.133333333333333215e+01,3.212562203407287598e-02
3.136666666666666714e+01,2.119495329679921269e-04
3.139999999999999858e+01,-2.897820435464382172e-02
3.143333333333333357e+01,-2.341703698039054871e-02
3.146666666666666501e+01,-2.284614555537700653e-02
3.150000000000000000e+01,-4.793251305818557739e-02
3.153333333333333144e+01,-6.020097061991691589e-02
3.156666666666666643e+01,-3.767794370651245117e-02
3.159999999999999787e+01,-1.955667883157730103e-02
3.163333333333333286e+01,-3.675789758563041687e-02
3.166666666666666785e+01,-4.900726303458213806e-02
3.169999999999999929e+01,-2.637946046888828278e-02
3.173333333333333428e+01,-8.132182061672210693e-03
3.176666666666666572e+01,-2.546850033104419708e-02
3.180000000000000071e+01,-3.874504193663597107e-02
3.183333333333333215e+01,-1.760613359510898590e-02
3.186666666666666714e+01,1.099545042961835861e-02
3.189999999999999858e+01,1.367434579879045486e-02
3.193333333333333357e+01,2.072360925376415253e-02
3.196666666666666501e+01,5.071666836738586426e-02
