0.000000000000000000e+00,-1.870401501946616918e-05
3.333333333333333287e-02,1.459872055420419201e-05
6.666666666666666574e-02,-4.894955418421886861e-05
1.000000000000000056e-01,2.823276190611068159e-05
1.333333333333333315e-01,-5.601402790489373729e-06
1.666666666666666574e-01,-1.722568413242697716e-04
2.000000000000000111e-01,5.036765942350029945e-04
2.333333333333333370e-01,-1.127527095377445221e-03
2.666666666666666630e-01,1.872881897725164890e-03
2.999999999999999889e-01,-2.319313818588852882e-03
3.333333333333333148e-01,9.665379766374826431e-04
3.666666666666666408e-01,5.058746319264173508e-03
4.000000000000000222e-01,-2.026302553713321686e-02
4.333333333333333481e-01,-4.117557033896446228e-02
4.666666666666666741e-01,-2.722651138901710510e-02
5.000000000000000000e-01,-1.198408380150794983e-02
5.333333333333333259e-01,-2.720393054187297821e-02
5.666666666666666519e-01,-3.818403929471969604e-02
5.999999999999999778e-01,-1.491219084709882736e-02
6.333333333333333037e-01,2.927832771092653275e-03
6.666666666666666297e-01,-1.448397152125835419e-02
6.999999999999999556e-01,-2.770421095192432404e-02
7.333333333333332815e-01,-6.297342479228973389e-03
7.666666666666666075e-01,9.916566312313079834e-03
8.000000000000000444e-01,-6.887561641633510590e-03
8.333333333333333703e-01,-1.780430600047111511e-02
8.666666666666666963e-01,6.563812494277954102e-03
9.000000000000000222e-01,2.477094717323780060e-02
9.333333333333333481e-01,8.701750077307224274e-03
9.666666666666666741e-01,-9.699833462946116924e-04
1.000000000000000000e+00,2.511063218116760254e-02
1.033333333333333215e+00,4.659437015652656555e-02
1.066666666666666652e+00,3.372341766953468323e-02
1.100000000000000089e+00,2.371042221784591675e-02
1.133333333333333304e+00,4.933650419116020203e-02
1.166666666666666741e+00,7.559184730052947998e-02
1.199999999999999956e+00,6.870179623365402222e-02
1.233333333333333393e+00,2.799768559634685516e-02
1.266666666666666607e+00,-5.935601424425840378e-03
1.300000000000000044e+00,-2.061717445030808449e-03
1.333333333333333259e+00,-6.404730374924838543e-04
1.366666666666666696e+00,-3.054801374673843384e-02
1.399999999999999911e+00,-5.645940080285072327e-02
1.433333333333333348e+00,-4.801273345947265625e-02
1.466666666666666563e+00,-2.296100929379463196e-02
1.500000000000000000e+00,-1.612309738993644714e-02
1.533333333333333215e+00,-3.199252486228942871e-02
1.566666666666666652e+00,-3.306967392563819885e-02
1.600000000000000089e+00,-5.895641152164898813e-05
1.633333333333333304e+00,2.636591903865337372e-02
1.666666666666666741e+00,1.675867103040218353e-02
1.699999999999999956e+00,1.092061027884483337e-02
1.733333333333333393e+00,3.883472457528114319e-02
1.766666666666666607e+00,6.281556189060211182e-02
1.800000000000000044e+00,5.147118493914604187e-02
1.833333333333333259e+00,5.447401665151119232e-03
1.866666666666666696e+00,-3.651099652051925659e-02
1.899999999999999911e+00,-4.359508305788040161e-02
1.933333333333333348e+00,-1.614602841436862946e-02
1.966666666666666563e+00,7.777236867696046829e-03
2.000000000000000000e+00,-3.722815075889229774e-03
2.033333333333333215e+00,-1.296754181385040283e-02
2.066666666666666430e+00,1.124801486730575562e-02
2.100000000000000089e+00,2.840296551585197449e-02
2.133333333333333304e+00,8.629678748548030853e-03
2.166666666666666519e+00,-9.347168728709220886e-03
2.200000000000000178e+00,5.429765209555625916e-03
2.233333333333333393e+00,1.349433977156877518e-02
2.266666666666666607e+00,-1.538084633648395538e-02
2.299999999999999822e+00,-4.278780519962310791e-02
2.333333333333333481e+00,-3.689677268266677856e-02
2.366666666666666696e+00,-7.958571426570415497e-03
2.399999999999999911e+00,6.778428796678781509e-03
2.433333333333333126e+00,-1.527011208236217499e-02
2.466666666666666785e+00,-3.512021526694297791e-02
2.500000000000000000e+00,-2.444927394390106201e-02
2.533333333333333215e+00,9.553708950988948345e-04
2.566666666666666430e+00,6.914191413670778275e-03
2.600000000000000089e+00,-1.039573270827531815e-02
2.633333333333333304e+00,-1.492473296821117401e-02
2.666666666666666519e+00,1.540315896272659302e-02
2.700000000000000178e+00,4.010755196213722229e-02
2.733333333333333393e+00,3.043511696159839630e-02
2.766666666666666607e+00,2.591886371374130249e-02
2.799999999999999822e+00,3.499759361147880554e-02
2.833333333333333481e+00,2.166523411870002747e-02
2.866666666666666696e+00,1.329249143600463867e-02
2.899999999999999911e+00,2.879865840077400208e-02
2.933333333333333126e+00,3.102928027510643005e-02
2.966666666666666785e+00,-2.230130368843674660e-03
3.000000000000000000e+00,-3.053054399788379669e-02
3.033333333333333215e+00,-2.432267740368843079e-02
3.066666666666666430e+00,-2.115738764405250549e-02
3.100000000000000089e+00,-3.763441368937492371e-02
3.133333333333333304e+00,-4.030524939298629761e-02
3.166666666666666519e+00,-1.108412351459264755e-02
3.200000000000000178e+00,1.362723764032125473e-02
3.233333333333333393e+00,3.567286068573594093e-03
3.266666666666666607e+00,-1.736031961627304554e-03
3.299999999999999822e+00,2.692112699151039124e-02
3.333333333333333481e+00,5.162831395864486694e-02
3.366666666666666696e+00,4.264865443110466003e-02
3.399999999999999911e+00,2.755681518465280533e-03
3.433333333333333126e+00,-3.122211806476116180e-02
3.466666666666666785e+00,-2.971360087394714355e-02
3.500000000000000000e+00,-2.525469753891229630e-03
3.533333333333333215e+00,1.298886630684137344e-02
3.566666666666666430e+00,-7.102182134985923767e-03
3.600000000000000089e+00,-2.228600718080997467e-02
3.633333333333333304e+00,-2.749920589849352837e-03
3.666666666666666519e+00,1.283549331128597260e-02
3.699999999999999734e+00,-5.841821432113647461e-03
3.733333333333333393e+00,-1.985582895576953888e-02
3.766666666666666607e+00,-1.083791023120284081e-03
3.799999999999999822e+00,1.404091250151395798e-02
3.833333333333333481e+00,-5.081326817162334919e-04
3.866666666666666696e+00,-8.698796853423118591e-03
3.899999999999999911e+00,1.899650692939758301e-02
3.933333333333333126e+00,4.438808560371398926e-02
3.966666666666666785e+00,3.818428516387939453e-02
4.000000000000000000e+00,-6.402669823728501797e-04
4.033333333333333215e+00,-3.248959407210350037e-02
4.066666666666666430e+00,-2.739576622843742371e-02
4.099999999999999645e+00,-1.267827209085226059e-02
4.133333333333332860e+00,-2.130486071109771729e-02
4.166666666666666963e+00,-2.192389778792858124e-02
4.200000000000000178e+00,1.411573775112628937e-02
4.233333333333333393e+00,4.646979644894599915e-02
4.266666666666666607e+00,4.621865972876548767e-02
4.299999999999999822e+00,1.562114525586366653e-02
4.333333333333333037e+00,-1.014212146401405334e-02
4.366666666666666252e+00,-1.040562638081610203e-03
4.400000000000000355e+00,3.464921610429883003e-03
4.433333333333333570e+00,-2.566256746649742126e-02
4.466666666666666785e+00,-5.086034163832664490e-02
4.500000000000000000e+00,-4.405137524008750916e-02
4.533333333333333215e+00,-1.411907840520143509e-02
4.566666666666666430e+00,1.206969409395242110e-05
4.599999999999999645e+00,-2.082484960556030273e-02
4.633333333333332860e+00,-3.667741641402244568e-02
4.666666666666666963e+00,-1.748888008296489716e-02
4.700000000000000178e+00,-4.576437175273895264e-03
4.733333333333333393e+00,-2.582641132175922394e-02
4.766666666666666607e+00,-4.010070115327835083e-02
4.799999999999999822e+00,-1.872941479086875916e-02
4.833333333333333037e+00,-2.973649185150861740e-03
4.866666666666666252e+00,-1.627015694975852966e-02
4.900000000000000355e+00,-2.164525538682937622e-02
4.933333333333333570e+00,8.537595160305500031e-03
4.966666666666666785e+00,3.819539397954940796e-02
5.000000000000000000e+00,3.474999591708183289e-02
5.033333333333333215e+00,3.787820786237716675e-02
5.066666666666666430e+00,4.396515712141990662e-02
5.099999999999999645e+00,2.112299390137195587e-02
5.133333333333332860e+00,4.814418498426675797e-03
5.166666666666666963e+00,2.691255509853363037e-02
5.200000000000000178e+00,4.656603559851646423e-02
5.233333333333333393e+00,3.288983926177024841e-02
5.266666666666666607e+00,2.003973722457885742e-02
5.299999999999999822e+00,3.751292824745178223e-02
5.333333333333333037e+00,4.995566233992576599e-02
5.366666666666666252e+00,2.978132106363773346e-02
5.400000000000000355e+00,7.702501490712165833e-03
5.433333333333333570e+00,1.611612923443317413e-02
5.466666666666666785e+00,2.234081737697124481e-02
5.500000000000000000e+00,-2.336648292839527130e-03
5.533333333333333215e+00,-2.248808741569519043e-02
5.566666666666666430e+00,-8.200014010071754456e-03
5.599999999999999645e+00,1.404108479619026184e-03
5.633333333333332860e+00,-2.233669720590114594e-02
5.666666666666666963e+00,-4.224454611539840698e-02
5.700000000000000178e+00,-3.110483847558498383e-02
5.733333333333333393e+00,-2.649051323533058167e-02
5.766666666666666607e+00,-5.633341893553733826e-02
5.799999999999999822e+00,-7.867445051670074463e-02
5.833333333333333037e+00,-6.624899804592132568e-02
5.866666666666666252e+00,-1.857726648449897766e-02
5.900000000000000355e+00,2.468761801719665527e-02
5.933333333333333570e+00,3.239030763506889343e-02
5.966666666666666785e+00,3.859794232994318008e-03
6.000000000000000000e+00,-1.989890448749065399e-02
6.033333333333333215e+00,-9.950528852641582489e-03
6.066666666666666430e+00,8.190455846488475800e-03
6.099999999999999645e+00,5.186996888369321823e-03
6.133333333333332860e+00,8.517781272530555725e-03
6.166666666666666963e+00,2.661125920712947845e-02
6.200000000000000178e+00,2.561599574983119965e-02
6.233333333333333393e+00,3.336704336106777191e-03
6.266666666666666607e+00,-4.038623534142971039e-03
6.299999999999999822e+00,2.624008059501647949e-02
6.333333333333333037e+00,5.403320491313934326e-02
6.366666666666666252e+00,4.901100695133209229e-02
6.400000000000000355e+00,1.144274417310953140e-02
6.433333333333333570e+00,-1.844075135886669159e-02
6.466666666666666785e+00,-1.146121695637702942e-02
6.500000000000000000e+00,-7.001446560025215149e-03
6.533333333333333215e+00,-3.512071073055267334e-02
6.566666666666666430e+00,-5.550521612167358398e-02
6.599999999999999645e+00,-3.909459337592124939e-02
6.633333333333332860e+00,-2.533151954412460327e-02
6.666666666666666963e+00,-4.070227220654487610e-02
6.700000000000000178e+00,-4.568557441234588623e-02
6.733333333333333393e+00,-1.392507459968328476e-02
6.766666666666666607e+00,1.519562397152185440e-02
6.799999999999999822e+00,1.161382533609867096e-02
6.833333333333333037e+00,1.552684511989355087e-02
6.866666666666666252e+00,3.902175277471542358e-02
6.899999999999999467e+00,4.683529585599899292e-02
6.933333333333333570e+00,2.198945358395576477e-02
6.966666666666666785e+00,4.354535136371850967e-03
7.000000000000000000e+00,2.359699830412864685e-02
7.033333333333333215e+00,4.098164662718772888e-02
7.066666666666666430e+00,2.562987059354782104e-02
7.099999999999999645e+00,1.694492064416408539e-02
7.133333333333332860e+00,2.456129901111125946e-02
7.166666666666666963e+00,1.492870226502418518e-02
7.200000000000000178e+00,-1.316804345697164536e-02
7.233333333333333393e+00,-2.429940178990364075e-02
7.266666666666666607e+00,1.629924750886857510e-03
7.299999999999999822e+00,2.733807265758514404e-02
7.333333333333333037e+00,1.935702003538608551e-02
7.366666666666666252e+00,-2.048224397003650665e-02
7.399999999999999467e+00,-5.148090049624443054e-02
7.433333333333333570e+00,-4.431024938821792603e-02
7.466666666666666785e+00,-2.193348482251167297e-02
7.500000000000000000e+00,-1.755150221288204193e-02
7.533333333333333215e+00,-3.164097666740417480e-02
7.566666666666666430e+00,-2.839375473558902740e-02
7.599999999999999645e+00,9.183924645185470581e-03
7.633333333333332860e+00,4.000274091958999634e-02
7.666666666666666963e+00,3.418779000639915466e-02
7.700000000000000178e+00,3.502409905195236206e-03
7.733333333333333393e+00,-1.453987602144479752e-02
7.766666666666666607e+00,5.845378618687391281e-04
7.799999999999999822e+00,9.062945842742919922e-03
7.833333333333333037e+00,-2.074833773076534271e-02
7.866666666666666252e+00,-4.799227043986320496e-02
7.899999999999999467e+00,-4.222242906689643860e-02
7.933333333333333570e+00,-3.863830352202057838e-03
7.966666666666666785e+00,2.715457603335380554e-02
8.000000000000000000e+00,2.121659182012081146e-02
8.033333333333333215e+00,1.587314717471599579e-02
8.066666666666666430e+00,3.915682435035705566e-02
8.099999999999999645e+00,5.355986580252647400e-02
8.133333333333332860e+00,3.096146695315837860e-02
8.166666666666666075e+00,9.176555089652538300e-03
8.199999999999999289e+00,2.031923644244670868e-02
8.233333333333332504e+00,2.672245353460311890e-02
8.266666666666665719e+00,-3.464955138042569160e-03
8.300000000000000711e+00,-3.264673426747322083e-02
8.333333333333333925e+00,-2.902376279234886169e-02
8.366666666666667140e+00,-2.084626071155071259e-02
8.400000000000000355e+00,-4.040967673063278198e-02
8.433333333333333570e+00,-5.614541098475456238e-02
8.466666666666666785e+00,-3.868466988205909729e-02
8.500000000000000000e+00,-2.856052480638027191e-02
8.533333333333333215e+00,-2.876793406903743744e-02
8.566666666666666430e+00,-6.780497729778289795e-03
8.599999999999999645e+00,8.749363012611865997e-03
8.633333333333332860e+00,-1.098769064992666245e-02
8.666666666666666075e+00,-2.750922553241252899e-02
8.699999999999999289e+00,-1.124209538102149963e-02
8.733333333333332504e+00,6.849747616797685623e-03
8.766666666666665719e+00,-6.282982882112264633e-03
8.800000000000000711e+00,-1.707969978451728821e-02
8.833333333333333925e+00,3.661238122731447220e-03
8.866666666666667140e+00,1.990685239434242249e-02
8.900000000000000355e+00,7.407310768030583858e-04
8.933333333333333570e+00,-1.351748686283826828e-02
8.966666666666666785e+00,7.339003961533308029e-03
9.000000000000000000e+00,2.412816882133483887e-02
9.033333333333333215e+00,5.376981105655431747e-03
9.066666666666666430e+00,-8.433945477008819580e-03
9.099999999999999645e+00,1.276887115091085434e-02
9.133333333333332860e+00,2.997646667063236237e-02
9.166666666666666075e+00,1.238363888114690781e-02
9.199999999999999289e+00,-6.068182410672307014e-04
9.233333333333332504e+00,2.010148391127586365e-02
9.266666666666665719e+00,3.696604818105697632e-02
9.300000000000000711e+00,2.224909886717796326e-02
9.333333333333333925e+00,1.393645815551280975e-02
9.366666666666667140e+00,4.385209083557128906e-02
9.400000000000000355e+00,6.980953365564346313e-02
9.433333333333333570e+00,6.113642454147338867e-02
9.466666666666666785e+00,1.738889887928962708e-02
9.500000000000000000e+00,-2.025326341390609741e-02
9.533333333333333215e+00,-2.358188107609748840e-02
9.566666666666666430e+00,-1.696613989770412445e-02
9.599999999999999645e+00,-3.305474296212196350e-02
9.633333333333332860e+00,-4.779282584786415100e-02
9.666666666666666075e+00,-2.709378860890865326e-02
9.699999999999999289e+00,-1.062946673482656479e-02
9.733333333333332504e+00,-2.855899743735790253e-02
9.766666666666665719e+00,-4.142131283879280090e-02
9.800000000000000711e+00,-1.878698170185089111e-02
9.833333333333333925e+00,-1.330374157987535000e-03
9.866666666666667140e+00,-1.821798272430896759e-02
9.900000000000000355e+00,-3.049461916089057922e-02
9.933333333333333570e+00,-7.520534098148345947e-03
9.966666666666666785e+00,1.071272045373916626e-02
1.000000000000000000e+01,-5.459824576973915100e-03
1.003333333333333321e+01,-1.747493818402290344e-02
1.006666666666666643e+01,5.828206893056631088e-03
1.009999999999999964e+01,2.491115964949131012e-02
1.013333333333333286e+01,9.526071138679981232e-03
1.016666666666666607e+01,-2.231133170425891876e-03
1.019999999999999929e+01,2.139382250607013702e-02
1.023333333333333250e+01,4.144787788391113281e-02
1.026666666666666572e+01,2.701336704194545746e-02
1.030000000000000071e+01,1.557639520615339279e-02
1.033333333333333393e+01,3.957134112715721130e-02
1.036666666666666714e+01,6.205213814973831177e-02
1.040000000000000036e+01,5.112563818693161011e-02
1.043333333333333357e+01,8.135230280458927155e-03
1.046666666666666679e+01,-2.830071002244949341e-02
1.050000000000000000e+01,-2.887806482613086700e-02
1.053333333333333321e+01,-9.889011271297931671e-03
1.056666666666666643e+01,-4.012441728264093399e-03
1.059999999999999964e+01,-3.356776759028434753e-02
1.063333333333333286e+01,-5.950256437063217163e-02
1.066666666666666607e+01,-5.087868124246597290e-02
1.069999999999999929e+01,-1.099215913563966751e-02
1.073333333333333250e+01,2.161958627402782440e-02
1.076666666666666572e+01,1.693676412105560303e-02
1.080000000000000071e+01,7.737191859632730484e-03
1.083333333333333393e+01,2.481084503233432770e-02
1.086666666666666714e+01,3.553358837962150574e-02
1.090000000000000036e+01,1.180916558951139450e-02
1.093333333333333357e+01,-8.622750639915466309e-03
1.096666666666666679e+01,5.144334398210048676e-03
1.100000000000000000e+01,1.513592246919870377e-02
1.103333333333333321e+01,-7.865081541240215302e-03
1.106666666666666643e+01,-2.695507369935512543e-02
1.109999999999999964e+01,-1.116197649389505386e-02
1.113333333333333286e+01,-2.804293471854180098e-04
1.116666666666666607e+01,-2.475965023040771484e-02
1.119999999999999929e+01,-4.513766616582870483e-02
1.123333333333333250e+01,-2.942932583391666412e-02
1.126666666666666572e+01,-1.684221439063549042e-02
1.130000000000000071e+01,-3.160225972533226013e-02
1.133333333333333393e+01,-3.665015101432800293e-02
1.136666666666666714e+01,-5.546157713979482651e-03
1.140000000000000036e+01,2.053068950772285461e-02
1.143333333333333357e+01,1.105138007551431656e-02
1.146666666666666679e+01,5.612567532807588577e-03
1.150000000000000000e+01,3.540949895977973938e-02
1.153333333333333321e+01,6.037496775388717651e-02
1.156666666666666643e+01,5.140956863760948181e-02
1.159999999999999964e+01,2.262055687606334686e-02
1.163333333333333286e+01,8.137905970215797424e-03
1.166666666666666607e+01,2.774666436016559601e-02
1.169999999999999929e+01,4.479062929749488831e-02
1.173333333333333250e+01,2.628753893077373505e-02
1.176666666666666572e+01,1.129189133644104004e-02
1.180000000000000071e+01,2.900411188602447510e-02
1.183333333333333393e+01,4.165878146886825562e-02
1.186666666666666714e+01,1.898472756147384644e-02
1.190000000000000036e+01,8.896498475223779678e-04
1.193333333333333357e+01,1.501084864139556885e-02
1.196666666666666679e+01,2.282172068953514099e-02
1.200000000000000000e+01,-4.527325741946697235e-03
1.203333333333333321e+01,-2.640636079013347626e-02
1.206666666666666643e+01,-1.392772980034351349e-02
1.209999999999999964e+01,-6.899234373122453690e-03
1.213333333333333286e+01,-3.493546694517135620e-02
1.216666666666666607e+01,-5.675626173615455627e-02
1.219999999999999929e+01,-4.425532743334770203e-02
1.223333333333333250e+01,-4.002571478486061096e-02
1.226666666666666572e+01,-4.815176129341125488e-02
1.230000000000000071e+01,-3.629924356937408447e-02
1.233333333333333393e+01,-1.581005565822124481e-02
1.236666666666666714e+01,-1.931719668209552765e-02
1.240000000000000036e+01,-1.817954890429973602e-02
1.243333333333333357e+01,1.622214354574680328e-02
1.246666666666666679e+01,4.673181101679801941e-02
1.250000000000000000e+01,4.421385377645492554e-02
1.253333333333333321e+01,7.541778031736612320e-03
1.256666666666666643e+01,-2.584948018193244934e-02
1.259999999999999964e+01,-2.379091642796993256e-02
1.263333333333333286e+01,1.102458778768777847e-02
1.266666666666666607e+01,4.015180096030235291e-02
1.269999999999999929e+01,3.487903252243995667e-02
1.273333333333333250e+01,-1.737230224534869194e-03
1.276666666666666572e+01,-3.329867497086524963e-02
1.280000000000000071e+01,-2.912966348230838776e-02
1.283333333333333393e+01,3.860725555568933487e-03
1.286666666666666714e+01,2.580682933330535889e-02
1.290000000000000036e+01,1.489146240055561066e-02
1.293333333333333357e+01,8.593074046075344086e-03
1.296666666666666679e+01,2.671686932444572449e-02
1.300000000000000000e+01,3.131504356861114502e-02
1.303333333333333321e+01,1.956179970875382423e-03
1.306666666666666643e+01,-2.358501777052879333e-02
1.309999999999999964e+01,-1.800159923732280731e-02
1.313333333333333286e+01,-1.877557486295700073e-02
1.316666666666666607e+01,-2.997307106852531433e-02
1.319999999999999929e+01,-1.695305109024047852e-02
1.323333333333333250e+01,-9.463438764214515686e-03
1.326666666666666572e+01,-3.678426146507263184e-02
1.329999999999999893e+01,-6.070934236049652100e-02
1.333333333333333393e+01,-5.197435989975929260e-02
1.336666666666666714e+01,-1.161151472479104996e-02
1.340000000000000036e+01,2.278384752571582794e-02
1.343333333333333357e+01,2.129079587757587433e-02
1.346666666666666679e+01,2.049799263477325439e-02
1.350000000000000000e+01,4.196897521615028381e-02
1.353333333333333321e+01,5.257064476609230042e-02
1.356666666666666643e+01,2.768980525434017181e-02
1.359999999999999964e+01,7.664003875106573105e-03
1.363333333333333286e+01,2.196688205003738403e-02
1.366666666666666607e+01,3.238628804683685303e-02
1.369999999999999929e+01,1.090621203184127808e-02
1.373333333333333250e+01,-3.867665538564324379e-03
1.376666666666666572e+01,2.043533883988857269e-02
1.379999999999999893e+01,3.957297652959823608e-02
1.383333333333333393e+01,2.277940884232521057e-02
1.386666666666666714e+01,1.397512271068990231e-03
1.390000000000000036e+01,6.674951873719692230e-03
1.393333333333333357e+01,5.884082987904548645e-03
1.396666666666666679e+01,-3.273262828588485718e-02
1.400000000000000000e+01,-6.890439987182617188e-02
1.403333333333333321e+01,-7.291946560144424438e-02
1.406666666666666643e+01,-4.379610344767570496e-02
1.409999999999999964e+01,-2.058167010545730591e-02
1.413333333333333286e+01,-3.447509184479713440e-02
1.416666666666666607e+01,-4.757533222436904907e-02
1.419999999999999929e+01,-2.761070057749748230e-02
1.423333333333333250e+01,-8.889617398381233215e-03
1.426666666666666572e+01,-2.373882755637168884e-02
1.429999999999999893e+01,-3.756504133343696594e-02
1.433333333333333393e+01,-1.858204603195190430e-02
1.436666666666666714e+01,1.459764130413532257e-02
1.440000000000000036e+01,2.676003053784370422e-02
1.443333333333333357e+01,3.713722573593258858e-03
1.446666666666666679e+01,-1.513267401605844498e-02
1.450000000000000000e+01,-2.073927083984017372e-03
1.453333333333333321e+01,2.879257686436176300e-02
1.456666666666666643e+01,4.232492670416831970e-02
1.459999999999999964e+01,1.874412968754768372e-02
1.463333333333333286e+01,-5.086881574243307114e-03
1.466666666666666607e+01,6.244435906410217285e-03
1.469999999999999929e+01,1.976802945137023926e-02
1.473333333333333250e+01,3.356882836669683456e-03
1.476666666666666572e+01,-8.912667632102966309e-03
1.479999999999999893e+01,1.383143104612827301e-02
1.483333333333333393e+01,3.090953454375267029e-02
1.486666666666666714e+01,1.367065217345952988e-02
1.490000000000000036e+01,3.857912961393594742e-03
1.493333333333333357e+01,3.053870610892772675e-02
1.496666666666666679e+01,5.526280403137207031e-02
1.500000000000000000e+01,4.709530994296073914e-02
1.503333333333333321e+01,9.906471706926822662e-03
1.506666666666666643e+01,-1.774545758962631226e-02
1.509999999999999964e+01,-7.236527744680643082e-03
1.513333333333333286e+01,7.556585478596389294e-04
1.516666666666666607e+01,-2.430453151464462280e-02
1.519999999999999929e+01,-4.265764355659484863e-02
1.523333333333333250e+01,-2.346278913319110870e-02
1.526666666666666572e+01,-7.005521096289157867e-03
1.529999999999999893e+01,-2.292853966355323792e-02
1.533333333333333393e+01,-3.238885104656219482e-02
1.536666666666666714e+01,-5.466509144753217697e-03
1.540000000000000036e+01,1.901273801922798157e-02
1.543333333333333357e+01,1.264922972768545151e-02
1.546666666666666679e+01,1.016824878752231598e-02
1.550000000000000000e+01,3.909884765744209290e-02
1.553333333333333321e+01,6.054965779185295105e-02
1.556666666666666643e+01,4.522290453314781189e-02
1.559999999999999964e+01,2.183895371854305267e-02
1.563333333333333286e+01,2.496998570859432220e-02
1.566666666666666607e+01,2.364746667444705963e-02
1.569999999999999929e+01,-1.172994915395975113e-02
1.573333333333333250e+01,-4.303615167737007141e-02
1.576666666666666572e+01,-3.925509378314018250e-02
1.579999999999999893e+01,-1.638988032937049866e-02
1.583333333333333393e+01,-9.744689799845218658e-03
1.586666666666666714e+01,-3.836265578866004944e-02
1.590000000000000036e+01,-6.242284551262855530e-02
1.593333333333333357e+01,-5.203330144286155701e-02
1.596666666666666679e+01,-6.660853512585163116e-03
1.600000000000000000e+01,3.372882306575775146e-02
1.603333333333333144e+01,3.920968621969223022e-02
1.606666666666666643e+01,9.314051829278469086e-03
1.610000000000000142e+01,-1.602809876203536987e-02
1.613333333333333286e+01,-6.883306894451379776e-03
1.616666666666666785e+01,6.732787005603313446e-03
1.619999999999999929e+01,-8.505777455866336823e-03
1.623333333333333428e+01,-1.975203305482864380e-02
1.626666666666666572e+01,3.481494029983878136e-03
1.630000000000000071e+01,2.325735613703727722e-02
1.633333333333333215e+01,7.598104886710643768e-03
1.636666666666666714e+01,-4.516635555773973465e-03
1.639999999999999858e+01,1.824404112994670868e-02
1.643333333333333357e+01,3.812281414866447449e-02
1.646666666666666501e+01,2.257778681814670563e-02
1.650000000000000000e+01,1.099883858114480972e-02
1.653333333333333144e+01,3.389416262507438660e-02
1.656666666666666643e+01,5.282072722911834717e-02
1.660000000000000142e+01,3.648635372519493103e-02
1.663333333333333286e+01,9.631202556192874908e-03
1.666666666666666785e+01,5.278890021145343781e-03
1.669999999999999929e+01,-3.010165877640247345e-03
1.673333333333333428e+01,-2.462409995496273041e-02
1.676666666666666572e+01,-2.417650073766708374e-02
1.680000000000000071e+01,-1.353913545608520508e-02
1.683333333333333215e+01,-2.710124477744102478e-02
1.686666666666666714e+01,-3.655033931136131287e-02
1.689999999999999858e+01,-9.775621816515922546e-03
1.693333333333333357e+01,1.196819636970758438e-02
1.696666666666666501e+01,-1.960447756573557854e-03
1.700000000000000000e+01,-1.185474917292594910e-02
1.703333333333333144e+01,1.359704136848449707e-02
1.706666666666666643e+01,3.413470089435577393e-02
1.710000000000000142e+01,2.047237008810043335e-02
1.713333333333333286e+01,1.034872420132160187e-02
1.716666666666666785e+01,2.359053865075111389e-02
1.719999999999999929e+01,2.449286542832851410e-02
1.723333333333333428e+01,-1.220324728637933731e-02
1.726666666666666572e+01,-4.531060904264450073e-02
1.730000000000000071e+01,-4.458154365420341492e-02
1.733333333333333215e+01,-9.768778458237648010e-03
1.736666666666666714e+01,1.908807270228862762e-02
1.739999999999999858e+01,1.243550609797239304e-02
1.743333333333333357e+01,-6.090871058404445648e-03
1.746666666666666501e+01,-9.709994192235171795e-04
1.750000000000000000e+01,-8.112531504593789577e-04
1.753333333333333144e+01,-2.424944192171096802e-02
1.756666666666666643e+01,-3.219741582870483398e-02
1.760000000000000142e+01,-3.640320850536227226e-03
1.763333333333333286e+01,2.335686050355434418e-02
1.766666666666666785e+01,1.746596768498420715e-02
1.769999999999999929e+01,1.530018635094165802e-03
1.773333333333333428e+01,1.038103271275758743e-02
1.776666666666666572e+01,1.920564100146293640e-02
1.780000000000000071e+01,-7.393426261842250824e-03
1.783333333333333215e+01,-2.974580228328704834e-02
1.786666666666666714e+01,-1.766000315546989441e-02
1.789999999999999858e+01,-1.350690796971321106e-02
1.793333333333333357e+01,-2.969952858984470367e-02
1.796666666666666501e+01,-3.098999522626399994e-02
1.800000000000000000e+01,5.047546001151204109e-04
1.803333333333333144e+01,2.625135704874992371e-02
1.806666666666666643e+01,1.543765980750322342e-02
1.810000000000000142e+01,6.184027995914220810e-03
1.813333333333333286e+01,2.971684373915195465e-02
1.816666666666666785e+01,4.585367068648338318e-02
1.819999999999999929e+01,2.517224662005901337e-02
1.823333333333333428e+01,7.822023704648017883e-03
1.826666666666666572e+01,2.329197525978088379e-02
1.830000000000000071e+01,3.035331703722476959e-02
1.833333333333333215e+01,7.667683530598878860e-04
1.836666666666666714e+01,-2.482735179364681244e-02
1.839999999999999858e+01,-1.733842864632606506e-02
1.843333333333333357e+01,-1.742118038237094879e-02
1.846666666666666501e+01,-3.843523561954498291e-02
1.850000000000000000e+01,-4.576655104756355286e-02
1.853333333333333144e+01,-1.950713619589805603e-02
1.856666666666666643e+01,1.882906421087682247e-03
1.860000000000000142e+01,-1.393425837159156799e-02
1.863333333333333286e+01,-2.959259971976280212e-02
1.866666666666666785e+01,-1.223040372133255005e-02
1.869999999999999929e+01,-3.618904884206131101e-05
1.873333333333333428e+01,-2.496744692325592041e-02
1.876666666666666572e+01,-4.963911697268486023e-02
1.880000000000000071e+01,-4.021188989281654358e-02
1.883333333333333215e+01,3.186914604157209396e-03
1.886666666666666714e+01,4.149873554706573486e-02
1.889999999999999858e+01,4.417011141777038574e-02
1.893333333333333357e+01,1.220054645091295242e-02
1.896666666666666501e+01,-1.662414893507957458e-02
1.900000000000000000e+01,-1.259679161012172699e-02
1.903333333333333144e+01,2.465423755347728729e-02
1.906666666666666643e+01,5.518364161252975464e-02
1.910000000000000142e+01,4.691229388117790222e-02
1.913333333333333286e+01,1.958172768354415894e-02
1.916666666666666785e+01,9.280002675950527191e-03
1.919999999999999929e+01,3.159855306148529053e-02
1.923333333333333428e+01,4.558900743722915649e-02
1.926666666666666572e+01,2.283200062811374664e-02
1.930000000000000071e+01,3.324922407045960426e-03
1.933333333333333215e+01,1.649621129035949707e-02
1.936666666666666714e+01,2.153950929641723633e-02
1.939999999999999858e+01,-9.622083976864814758e-03
1.943333333333333357e+01,-3.766476362943649292e-02
1.946666666666666501e+01,-3.283704072237014771e-02
1.950000000000000000e+01,-2.800235152244567871e-02
1.953333333333333144e+01,-4.593260586261749268e-02
1.956666666666666643e+01,-5.662580952048301697e-02
1.960000000000000142e+01,-3.162693232297897339e-02
1.963333333333333286e+01,-9.808539412915706635e-03
1.966666666666666785e+01,-2.253252267837524414e-02
1.969999999999999929e+01,-3.107957169413566589e-02
1.973333333333333428e+01,-4.689189605414867401e-03
1.976666666666666572e+01,1.623156853020191193e-02
1.980000000000000071e+01,2.765408251434564590e-03
1.983333333333333215e+01,-6.019700318574905396e-03
1.986666666666666714e+01,2.040946483612060547e-02
1.989999999999999858e+01,4.192810133099555969e-02
1.993333333333333357e+01,2.902479097247123718e-02
1.996666666666666501e+01,2.053502574563026428e-02
2.000000000000000000e+01,4.729641601443290710e-02
2.003333333333333144e+01,6.951824575662612915e-02
2.006666666666666643e+01,5.729145556688308716e-02
2.010000000000000142e+01,9.992876090109348297e-03
2.013333333333333286e+01,-3.225515410304069519e-02
2.016666666666666785e+01,-3.943315893411636353e-02
2.019999999999999929e+01,-1.134598813951015472e-02
2.023333333333333428e+01,1.198151707649230957e-02
2.026666666666666572e+01,8.829856524243950844e-04
2.030000000000000071e+01,-6.010126322507858276e-03
2.033333333333333215e+01,1.446365471929311752e-02
2.036666666666666714e+01,2.446749992668628693e-02
2.039999999999999858e+01,3.142080458928830922e-05
2.043333333333333357e+01,-2.062226459383964539e-02
2.046666666666666501e+01,-5.873052403330802917e-03
2.050000000000000000e+01,5.099404137581586838e-03
2.053333333333333144e+01,-1.890962012112140656e-02
2.056666666666666643e+01,-3.981798887252807617e-02
2.060000000000000142e+01,-2.536697685718536377e-02
2.063333333333333286e+01,-1.546236407011747360e-02
2.066666666666666785e+01,-3.991039842367172241e-02
2.069999999999999929e+01,-5.946902930736541748e-02
2.073333333333333428e+01,-4.395118355751037598e-02
2.076666666666666572e+01,-1.068554818630218506e-02
2.080000000000000071e+01,6.813928484916687012e-03
2.083333333333333215e+01,-7.010707631707191467e-03
2.086666666666666714e+01,-1.482375431805849075e-02
2.089999999999999858e+01,1.392491161823272705e-02
2.093333333333333357e+01,4.030673578381538391e-02
2.096666666666666501e+01,3.511235862970352173e-02
2.100000000000000000e+01,2.654801681637763977e-02
2.103333333333333144e+01,4.609429091215133667e-02
2.106666666666666643e+01,6.279884278774261475e-02
2.110000000000000142e+01,4.762241989374160767e-02
2.113333333333333286e+01,1.923129893839359283e-02
2.116666666666666785e+01,1.313188392668962479e-02
2.119999999999999929e+01,8.474009111523628235e-03
2.123333333333333428e+01,-2.600593492388725281e-02
2.126666666666666572e+01,-5.323428288102149963e-02
2.130000000000000071e+01,-4.122573137283325195e-02
2.133333333333333215e+01,-3.182726725935935974e-02
2.136666666666666714e+01,-4.713284969329833984e-02
2.139999999999999858e+01,-4.831299930810928345e-02
2.143333333333333357e+01,-1.068625785410404205e-02
2.146666666666666501e+01,2.420862577855587006e-02
2.150000000000000000e+01,2.587112225592136383e-02
2.153333333333333144e+01,2.591172233223915100e-03
2.156666666666666643e+01,-7.811076007783412933e-03
2.160000000000000142e+01,1.865023374557495117e-02
2.163333333333333286e+01,4.409893602132797241e-02
2.166666666666666785e+01,3.662274777889251709e-02
2.169999999999999929e+01,6.568427197635173798e-03
2.173333333333333428e+01,-7.824007421731948853e-03
2.176666666666666572e+01,1.749971322715282440e-02
2.180000000000000071e+01,3.954507783055305481e-02
2.183333333333333215e+01,2.690897509455680847e-02
2.186666666666666714e+01,1.236917800270020962e-03
2.189999999999999858e+01,-1.923436648212373257e-03
2.193333333333333357e+01,-9.042725432664155960e-04
2.196666666666666501e+01,-2.561551146209239960e-02
2.200000000000000000e+01,-4.652570933103561401e-02
2.203333333333333144e+01,-3.437655419111251831e-02
2.206666666666666643e+01,-2.690840139985084534e-02
2.210000000000000142e+01,-3.885548189282417297e-02
2.213333333333333286e+01,-3.633285686373710632e-02
2.216666666666666785e+01,-1.040805946104228497e-03
2.219999999999999929e+01,2.888744696974754333e-02
2.223333333333333428e+01,2.453902177512645721e-02
2.226666666666666572e+01,8.913873694837093353e-03
2.230000000000000071e+01,1.723518595099449158e-02
2.233333333333333215e+01,2.051851712167263031e-02
2.236666666666666714e+01,-1.257344335317611694e-02
2.239999999999999858e+01,-4.060802608728408813e-02
2.243333333333333357e+01,-3.104533441364765167e-02
2.246666666666666501e+01,-5.727402865886688232e-03
2.250000000000000000e+01,1.977496431209146976e-04
2.253333333333333144e+01,-1.672046445310115814e-02
2.256666666666666643e+01,-2.127105370163917542e-02
2.260000000000000142e+01,7.656906731426715851e-03
2.263333333333333286e+01,3.066466376185417175e-02
2.266666666666666785e+01,1.701080054044723511e-02
2.269999999999999929e+01,4.395640920847654343e-03
2.273333333333333428e+01,2.459153160452842712e-02
2.276666666666666572e+01,3.846860677003860474e-02
2.280000000000000071e+01,1.533692982047796249e-02
2.283333333333333215e+01,-6.443585269153118134e-03
2.286666666666666714e+01,4.595554433763027191e-03
2.289999999999999858e+01,9.115804918110370636e-03
2.293333333333333357e+01,-2.332010865211486816e-02
2.296666666666666501e+01,-5.419627577066421509e-02
2.300000000000000000e+01,-5.225606262683868408e-02
2.303333333333333144e+01,-1.779591292142868042e-02
2.306666666666666643e+01,1.004923693835735321e-02
2.310000000000000142e+01,3.881143056787550449e-04
2.313333333333333286e+01,-6.949421484023332596e-03
2.316666666666666785e+01,1.758312620222568512e-02
2.319999999999999929e+01,3.568651154637336731e-02
2.323333333333333428e+01,1.771598123013973236e-02
2.326666666666666572e+01,1.942809903994202614e-03
2.330000000000000071e+01,1.618309505283832550e-02
2.333333333333333215e+01,2.661069855093955994e-02
2.336666666666666714e+01,3.640840528532862663e-03
2.339999999999999858e+01,-1.458062697201967239e-02
2.343333333333333357e+01,1.357943518087267876e-03
2.346666666666666501e+01,1.327825803309679031e-02
2.350000000000000000e+01,-1.014458667486906052e-02
2.353333333333333144e+01,-2.861251495778560638e-02
2.356666666666666643e+01,-1.161874644458293915e-02
2.360000000000000142e+01,1.240452285856008530e-03
2.363333333333333286e+01,-2.194883488118648529e-02
2.366666666666666785e+01,-4.009801894426345825e-02
2.369999999999999929e+01,-2.267383038997650146e-02
2.373333333333333428e+01,-9.350400418043136597e-03
2.376666666666666572e+01,-2.760445699095726013e-02
2.380000000000000071e+01,-3.782965987920761108e-02
2.383333333333333215e+01,-1.352569554001092911e-02
2.386666666666666714e+01,6.860323715955018997e-03
2.389999999999999858e+01,-5.280165001749992371e-03
2.393333333333333357e+01,-1.148613914847373962e-02
2.396666666666666501e+01,1.962124742567539215e-02
2.400000000000000000e+01,4.843198135495185852e-02
2.403333333333333144e+01,4.529549553990364075e-02
2.406666666666666643e+01,2.778471633791923523e-02
2.410000000000000142e+01,3.083956986665725708e-02
2.413333333333333286e+01,3.175092861056327820e-02
2.416666666666666785e+01,1.269592670723795891e-03
2.419999999999999929e+01,-2.401469089090824127e-02
2.423333333333333428e+01,-1.330397091805934906e-02
2.426666666666666572e+01,-6.395572330802679062e-03
2.430000000000000071e+01,-2.541385404765605927e-02
2.433333333333333215e+01,-3.403620049357414246e-02
2.436666666666666714e+01,-6.229559890925884247e-03
2.439999999999999858e+01,1.643147692084312439e-02
2.443333333333333357e+01,-3.566214581951498985e-04
2.446666666666666501e+01,-1.461129821836948395e-02
2.450000000000000000e+01,3.550932975485920906e-03
2.453333333333333144e+01,1.773860864341259003e-02
2.456666666666666643e+01,-2.984805731102824211e-03
2.460000000000000142e+01,-1.884398423135280609e-02
2.463333333333333286e+01,1.109549775719642639e-04
2.466666666666666785e+01,1.503024995326995850e-02
2.469999999999999929e+01,-5.218551028519868851e-03
2.473333333333333428e+01,-2.060162834823131561e-02
2.476666666666666572e+01,-1.486673485487699509e-03
2.480000000000000071e+01,1.369139924645423889e-02
2.483333333333333215e+01,-5.270849913358688354e-03
2.486666666666666714e+01,-2.033481188118457794e-02
2.489999999999999858e+01,-2.341175917536020279e-03
2.493333333333333357e+01,1.164432521909475327e-02
2.496666666666666501e+01,-9.638624265789985657e-03
2.500000000000000000e+01,-2.598075382411479950e-02
2.503333333333333144e+01,-6.596758961677551270e-03
2.506666666666666643e+01,8.436498232185840607e-03
2.510000000000000142e+01,-1.328313536942005157e-02
2.513333333333333286e+01,-2.991492114961147308e-02
2.516666666666666785e+01,-1.030510570853948593e-02
2.519999999999999929e+01,5.091941915452480316e-03
2.523333333333333428e+01,-1.509396173059940338e-02
2.526666666666666572e+01,-2.968181855976581573e-02
2.530000000000000071e+01,-8.910720236599445343e-03
2.533333333333333215e+01,1.115920767188072205e-02
2.536666666666666714e+01,-1.051202300004661083e-03
2.539999999999999858e+01,-8.497399277985095978e-03
2.543333333333333357e+01,1.746094599366188049e-02
2.546666666666666501e+01,3.968512639403343201e-02
2.550000000000000000e+01,3.161096945405006409e-02
2.553333333333333144e+01,2.976768277585506439e-02
2.556666666666666643e+01,5.889856442809104919e-02
2.560000000000000142e+01,8.160524070262908936e-02
2.563333333333333286e+01,7.225693017244338989e-02
2.566666666666666785e+01,3.019587323069572449e-02
2.569999999999999929e+01,-4.447068553417921066e-03
2.573333333333333428e+01,-2.125524915754795074e-03
2.576666666666666572e+01,-2.566847717389464378e-03
2.580000000000000071e+01,-3.392630815505981445e-02
2.583333333333333215e+01,-5.547309294342994690e-02
2.586666666666666714e+01,-4.181787371635437012e-02
2.589999999999999858e+01,-2.708945795893669128e-02
2.593333333333333357e+01,-4.359984770417213440e-02
2.596666666666666501e+01,-5.556367710232734680e-02
2.600000000000000000e+01,-3.308872506022453308e-02
2.603333333333333144e+01,-1.400720421224832535e-02
2.606666666666666643e+01,-2.718602679669857025e-02
2.609999999999999787e+01,-3.446880728006362915e-02
2.613333333333333286e+01,-7.267770823091268539e-03
2.616666666666666785e+01,1.672982797026634216e-02
2.619999999999999929e+01,5.202546715736389160e-03
2.623333333333333428e+01,-3.718123072758316994e-03
2.626666666666666572e+01,2.156818844377994537e-02
2.630000000000000071e+01,4.368169978260993958e-02
2.633333333333333215e+01,3.038978017866611481e-02
2.636666666666666714e+01,2.141057699918746948e-02
2.639999999999999858e+01,4.682964831590652466e-02
2.643333333333333357e+01,6.768288463354110718e-02
2.646666666666666501e+01,5.341213569045066833e-02
2.650000000000000000e+01,3.271063417196273804e-02
2.653333333333333144e+01,3.680117800831794739e-02
2.656666666666666643e+01,3.493574261665344238e-02
2.659999999999999787e+01,-1.075231470167636871e-03
2.663333333333333286e+01,-3.013993799686431885e-02
2.666666666666666785e+01,-2.486968226730823517e-02
2.669999999999999929e+01,-2.298652380704879761e-02
2.673333333333333428e+01,-3.867270424962043762e-02
2.676666666666666572e+01,-4.010095819830894470e-02
2.680000000000000071e+01,-8.473629131913185120e-03
2.683333333333333215e+01,1.644360460340976715e-02
2.686666666666666714e+01,4.413641057908535004e-03
2.689999999999999858e+01,-4.910321906208992004e-03
2.693333333333333357e+01,1.860811375081539154e-02
2.696666666666666501e+01,3.398122638463973999e-02
2.700000000000000000e+01,1.328897383064031601e-02
2.703333333333333144e+01,-3.815705887973308563e-03
2.706666666666666643e+01,1.182735618203878403e-02
2.709999999999999787e+01,2.056920342147350311e-02
2.713333333333333286e+01,-7.794792298227548599e-03
2.716666666666666785e+01,-3.564232960343360901e-02
2.719999999999999929e+01,-2.786553092300891876e-02
2.723333333333333428e+01,-1.430717762559652328e-02
2.726666666666666572e+01,-2.762635052204132080e-02
2.730000000000000071e+01,-3.387170284986495972e-02
2.733333333333333215e+01,-3.270990913733839989e-03
2.736666666666666714e+01,2.639098837971687317e-02
2.739999999999999858e+01,2.064113505184650421e-02
2.743333333333333357e+01,1.062146760523319244e-02
2.746666666666666501e+01,2.813351899385452271e-02
2.750000000000000000e+01,3.787231445312500000e-02
2.753333333333333144e+01,1.065566483885049820e-02
2.756666666666666643e+01,-1.510105747729539871e-02
2.759999999999999787e+01,-5.879336036741733551e-03
2.763333333333333286e+01,-1.564691890962421894e-03
2.766666666666666785e+01,-3.157100826501846313e-02
2.769999999999999929e+01,-5.671498179435729980e-02
2.773333333333333428e+01,-4.667338728904724121e-02
2.776666666666666572e+01,-5.921885371208190918e-03
2.780000000000000071e+01,2.879806794226169586e-02
2.783333333333333215e+01,3.207514435052871704e-02
2.786666666666666714e+01,2.453716238960623741e-03
2.789999999999999858e+01,-1.958055421710014343e-02
2.793333333333333357e+01,-6.772338878363370895e-03
2.796666666666666501e+01,1.693482045084238052e-03
2.800000000000000000e+01,-2.506507188081741333e-02
2.803333333333333144e+01,-4.701834917068481445e-02
2.806666666666666643e+01,-3.455182164907455444e-02
2.809999999999999787e+01,7.539810612797737122e-03
2.813333333333333286e+01,4.057646915316581726e-02
2.816666666666666785e+01,3.884372115135192871e-02
2.819999999999999929e+01,1.649526320397853851e-02
2.823333333333333428e+01,1.006438210606575012e-02
2.826666666666666572e+01,3.803704679012298584e-02
2.830000000000000071e+01,6.206795200705528259e-02
2.833333333333333215e+01,5.070533603429794312e-02
2.836666666666666714e+01,7.883173413574695587e-03
2.839999999999999858e+01,-2.792209014296531677e-02
2.843333333333333357e+01,-2.795495092868804932e-02
2.846666666666666501e+01,-3.954135812819004059e-03
2.850000000000000000e+01,7.135406602174043655e-03
2.853333333333333144e+01,-1.698053628206253052e-02
2.856666666666666643e+01,-3.599207475781440735e-02
2.859999999999999787e+01,-2.062176354229450226e-02
2.863333333333333286e+01,-9.892549365758895874e-03
2.866666666666666785e+01,-3.440432995557785034e-02
2.869999999999999929e+01,-5.415210127830505371e-02
2.873333333333333428e+01,-3.949082642793655396e-02
2.876666666666666572e+01,-2.433077665045857430e-03
2.880000000000000071e+01,1.999313943088054657e-02
2.883333333333333215e+01,7.652608677744865417e-03
2.886666666666666714e+01,-7.265512249432504177e-04
2.889999999999999858e+01,2.577508985996246338e-02
2.893333333333333357e+01,4.761960357427597046e-02
2.896666666666666501e+01,3.541861474514007568e-02
2.900000000000000000e+01,2.707584761083126068e-02
2.903333333333333144e+01,4.168125987052917480e-02
2.906666666666666643e+01,4.265724122524261475e-02
2.909999999999999787e+01,8.791200816631317139e-03
2.913333333333333286e+01,-2.091432362794876099e-02
2.916666666666666785e+01,-1.402688585221767426e-02
2.919999999999999929e+01,-1.217390038073062897e-02
2.923333333333333428e+01,-3.997591882944107056e-02
2.926666666666666572e+01,-5.780095607042312622e-02
2.930000000000000071e+01,-4.331174492835998535e-02
2.933333333333333215e+01,-1.666395552456378937e-02
2.936666666666666714e+01,-1.251572184264659882e-02
2.939999999999999858e+01,-4.934335127472877502e-03
2.943333333333333357e+01,1.834346540272235870e-02
2.946666666666666501e+01,2.343821153044700623e-02
2.950000000000000000e+01,-6.123755592852830887e-03
2.953333333333333144e+01,-3.006114810705184937e-02
2.956666666666666643e+01,-1.883034780621528625e-02
2.959999999999999787e+01,8.740350604057312012e-03
2.963333333333333286e+01,1.680381596088409424e-02
2.966666666666666785e+01,-8.475613780319690704e-03
2.969999999999999929e+01,-2.873005345463752747e-02
2.973333333333333428e+01,-1.363891921937465668e-02
2.976666666666666572e+01,5.423376802355051041e-03
2.980000000000000071e+01,-3.685166826471686363e-03
2.983333333333333215e+01,-9.354954585433006287e-03
2.986666666666666714e+01,2.037803456187248230e-02
2.989999999999999858e+01,4.670102521777153015e-02
2.993333333333333357e+01,3.802549839019775391e-02
2.996666666666666501e+01,2.910425886511802673e-02
3.000000000000000000e+01,5.199103429913520813e-02
3.003333333333333144e+01,6.976018100976943970e-02
3.006666666666666643e+01,5.301019549369812012e-02
3.009999999999999787e+01,1.204120181500911713e-02
3.013333333333333286e+01,-1.609846577048301697e-02
3.016666666666666785e+01,-1.016909908503293991e-02
3.019999999999999929e+01,-7.425160147249698639e-03
3.023333333333333428e+01,-3.533583506941795349e-02
3.026666666666666572e+01,-5.678243562579154968e-02
3.030000000000000071e+01,-4.100543633103370667e-02
3.033333333333333215e+01,-2.859093807637691498e-02
3.036666666666666714e+01,-4.923469573259353638e-02
3.039999999999999858e+01,-6.421803683042526245e-02
3.043333333333333357e+01,-4.297192022204399109e-02
3.046666666666666501e+01,-1.217986457049846649e-02
3.050000000000000000e+01,-5.270350258797407150e-03
3.053333333333333144e+01,7.988258264958858490e-03
3.056666666666666643e+01,2.673627622425556183e-02
3.059999999999999787e+01,1.778113096952438354e-02
3.063333333333333286e+01,1.532205473631620407e-02
3.066666666666666785e+01,4.982315003871917725e-02
3.069999999999999929e+01,8.257938921451568604e-02
3.073333333333333428e+01,8.246887475252151489e-02
3.076666666666666572e+01,5.011760815978050232e-02
3.080000000000000071e+01,2.436360158026218414e-02
3.083333333333333215e+01,3.566566854715347290e-02
3.086666666666666714e+01,4.465309157967567444e-02
3.089999999999999858e+01,2.233727462589740753e-02
3.093333333333333357e+01,-5.073987413197755814e-03
3.096666666666666501e+01,-5.277200601994991302e-03
3.100000000000000000e+01,-7.703407201915979385e-03
3.103333333333333144e+01,-4.200383275747299194e-02
3.106666666666666643e+01,-6.956416368484497070e-02
3.109999999999999787e+01,-5.919159948825836182e-02
3.113333333333333286e+01,-4.250625893473625183e-02
3.116666666666666785e+01,-5.240058898925781250e-02
3.119999999999999929e+01,-5.553849041461944580e-02
3.123333333333333428e+01,-1.996388845145702362e-02
3.126666666666666572e+01,1.254933234304189682e-02
3.130000000000000071e+01,1.113838702440261841e-02
3.133333333333333215e+01,8.797573857009410858e-03
3.136666666666666714e+01,3.491946309804916382e-02
3.139999999999999858e+01,5.571913346648216248e-02
3.143333333333333357e+01,4.449855908751487732e-02
3.146666666666666501e+01,1.212753634899854660e-02
3.150000000000000000e+01,-6.347553338855504990e-03
3.153333333333333144e+01,1.184509228914976120e-02
3.156666666666666643e+01,2.993346378207206726e-02
3.159999999999999787e+01,1.516793947666883469e-02
3.163333333333333286e+01,-1.498454948887228966e-03
3.166666666666666785e+01,1.317510567605495453e-02
3.169999999999999929e+01,2.730962261557579041e-02
3.173333333333333428e+01,8.652955293655395508e-03
3.176666666666666572e+01,-4.076109733432531357e-03
3.180000000000000071e+01,1.166411209851503372e-02
3.183333333333333215e+01,1.982516609132289886e-02
3.186666666666666714e+01,-5.462217610329389572e-03
3.189999999999999858e+01,-2.452877536416053772e-02
3.193333333333333357e+01,-6.696528289467096329e-03
3.196666666666666501e+01,7.346044760197401047e-03
