0.000000000000000000e+00,-9.662350057624280453e-04
3.333333333333333287e-02,2.469826955348253250e-03
6.666666666666666574e-02,-5.201711319386959076e-03
1.000000000000000056e-01,8.025768212974071503e-03
1.333333333333333315e-01,-7.973306812345981598e-03
1.666666666666666574e-01,-2.449003513902425766e-03
2.000000000000000111e-01,3.687709197402000427e-02
2.333333333333333370e-01,-1.129749044775962830e-01
2.666666666666666630e-01,2.420291751623153687e-01
2.999999999999999889e-01,-4.020352363586425781e-01
3.333333333333333148e-01,4.757044017314910889e-01
3.666666666666666408e-01,-1.464739441871643066e-01
4.000000000000000222e-01,-1.192526459693908691e+00
4.333333333333333481e-01,-1.444510817527770996e-01
4.666666666666666741e-01,8.978142738342285156e-01
5.000000000000000000e-01,-1.378235518932342529e-01
5.333333333333333259e-01,-6.265705227851867676e-01
5.666666666666666519e-01,4.175430536270141602e-01
5.999999999999999778e-01,1.454213857650756836e+00
6.333333333333333037e-01,3.651890158653259277e-01
6.666666666666666297e-01,-6.687268018722534180e-01
6.999999999999999556e-01,3.471181690692901611e-01
7.333333333333332815e-01,9.966211915016174316e-01
7.666666666666666075e-01,-7.848747074604034424e-02
8.000000000000000444e-01,-1.057137131690979004e+00
8.333333333333333703e-01,-4.293800145387649536e-02
8.666666666666666963e-01,1.068318009376525879e+00
9.000000000000000222e-01,-4.381368681788444519e-02
9.333333333333333481e-01,-1.023572564125061035e+00
9.666666666666666741e-01,-6.874041557312011719e-01
1.000000000000000000e+00,4.068804383277893066e-01
1.033333333333333215e+00,-6.353883147239685059e-01
1.066666666666666652e+00,-1.600788235664367676e+00
1.100000000000000089e+00,-7.158033847808837891e-01
1.133333333333333304e+00,3.642889261245727539e-01
1.166666666666666741e+00,1.449848651885986328e+00
1.199999999999999956e+00,4.710892438888549805e-01
1.233333333333333393e+00,-4.889589846134185791e-01
1.266666666666666607e+00,5.375308990478515625e-01
1.300000000000000044e+00,1.526225686073303223e+00
1.333333333333333259e+00,6.565254926681518555e-01
1.366666666666666696e+00,-1.947665214538574219e-01
1.399999999999999911e+00,-1.329472184181213379e+00
1.433333333333333348e+00,-4.334272146224975586e-01
1.466666666666666563e+00,6.258044838905334473e-01
1.500000000000000000e+00,-1.573131829500198364e-01
1.533333333333333215e+00,-1.168937921524047852e+00
1.566666666666666652e+00,-2.961396574974060059e-01
1.600000000000000089e+00,5.069822072982788086e-01
1.633333333333333304e+00,6.697900891304016113e-01
1.666666666666666741e+00,-1.914532333612442017e-01
1.699999999999999956e+00,-9.221546351909637451e-02
1.733333333333333393e+00,6.242522597312927246e-01
1.766666666666666607e+00,-1.680308729410171509e-01
1.800000000000000044e+00,-9.402781128883361816e-01
1.833333333333333259e+00,3.017378449440002441e-01
1.866666666666666696e+00,1.044529080390930176e+00
1.899999999999999911e+00,-2.582989037036895752e-01
1.933333333333333348e+00,-1.421543478965759277e+00
1.966666666666666563e+00,-2.580693960189819336e-01
2.000000000000000000e+00,1.101436495780944824e+00
2.033333333333333215e+00,8.977447748184204102e-01
2.066666666666666430e+00,-2.931112349033355713e-01
2.100000000000000089e+00,-1.077499628067016602e+00
2.133333333333333304e+00,2.672506272792816162e-01
2.166666666666666519e+00,9.455577135086059570e-01
2.200000000000000178e+00,-2.537758648395538330e-01
2.233333333333333393e+00,-1.036981701850891113e+00
2.266666666666666607e+00,3.398024141788482666e-01
2.299999999999999822e+00,1.040054082870483398e+00
2.333333333333333481e+00,1.804938316345214844e-01
2.366666666666666696e+00,-9.568814039230346680e-01
2.399999999999999911e+00,4.145196378231048584e-01
2.433333333333333126e+00,1.774975895881652832e+00
2.466666666666666785e+00,5.513226985931396484e-01
2.500000000000000000e+00,-6.708855628967285156e-01
2.533333333333333215e+00,-1.672373294830322266e+00
2.566666666666666430e+00,-3.100544214248657227e-01
2.600000000000000089e+00,7.697668075561523438e-01
2.633333333333333304e+00,-4.380298554897308350e-01
2.666666666666666519e+00,-1.531614422798156738e+00
2.700000000000000178e+00,-1.790363788604736328e-01
2.733333333333333393e+00,1.039833545684814453e+00
2.766666666666666607e+00,-1.159587949514389038e-01
2.799999999999999822e+00,-1.029711008071899414e+00
2.833333333333333481e+00,2.813861966133117676e-01
2.866666666666666696e+00,1.127755284309387207e+00
2.899999999999999911e+00,6.641569733619689941e-02
2.933333333333333126e+00,-7.053160667419433594e-01
2.966666666666666785e+00,5.828930139541625977e-01
3.000000000000000000e+00,1.422206163406372070e+00
3.033333333333333215e+00,2.352928668260574341e-01
3.066666666666666430e+00,-5.217051506042480469e-01
3.100000000000000089e+00,6.141785979270935059e-01
3.133333333333333304e+00,3.793519437313079834e-01
3.166666666666666519e+00,-7.876392006874084473e-01
3.200000000000000178e+00,-1.122944116592407227e+00
3.233333333333333393e+00,1.420675367116928101e-01
3.266666666666666607e+00,1.071563959121704102e+00
3.299999999999999822e+00,-3.523705154657363892e-02
3.333333333333333481e+00,-9.070151448249816895e-01
3.366666666666666696e+00,3.555236151441931725e-03
3.399999999999999911e+00,1.108652830123901367e+00
3.433333333333333126e+00,2.181823737919330597e-02
3.466666666666666785e+00,-1.178412914276123047e+00
3.500000000000000000e+00,-1.870027929544448853e-01
3.533333333333333215e+00,8.915908336639404297e-01
3.566666666666666430e+00,-1.024239361286163330e-01
3.600000000000000089e+00,-1.296197891235351562e+00
3.633333333333333304e+00,-3.822671175003051758e-01
3.666666666666666519e+00,6.771702766418457031e-01
3.699999999999999734e+00,-3.399438560009002686e-01
3.733333333333333393e+00,-1.513189554214477539e+00
3.766666666666666607e+00,-5.787342190742492676e-01
3.799999999999999822e+00,4.631243348121643066e-01
3.833333333333333481e+00,1.503259539604187012e+00
3.866666666666666696e+00,3.300913870334625244e-01
3.899999999999999911e+00,-8.302996754646301270e-01
3.933333333333333126e+00,2.318585515022277832e-01
3.966666666666666785e+00,1.290867447853088379e+00
4.000000000000000000e+00,3.212623000144958496e-01
4.033333333333333215e+00,-8.296024799346923828e-01
4.066666666666666430e+00,2.302587926387786865e-01
4.099999999999999645e+00,1.217700004577636719e+00
4.133333333333332860e+00,2.664228379726409912e-01
4.166666666666666963e+00,-8.287652730941772461e-01
4.200000000000000178e+00,2.930154204368591309e-01
4.233333333333333393e+00,1.130768775939941406e+00
4.266666666666666607e+00,8.473991602659225464e-02
4.299999999999999822e+00,-9.638299942016601562e-01
4.333333333333333037e+00,-1.067118525505065918e+00
4.366666666666666252e+00,7.557564973831176758e-02
4.400000000000000355e+00,1.070522189140319824e+00
4.433333333333333570e+00,5.499818548560142517e-02
4.466666666666666785e+00,-9.264532923698425293e-01
4.500000000000000000e+00,-1.630470752716064453e+00
4.533333333333333215e+00,-5.591732859611511230e-01
4.566666666666666430e+00,5.143420696258544922e-01
4.599999999999999645e+00,7.783071398735046387e-01
4.633333333333332860e+00,-1.524472981691360474e-01
4.666666666666666963e+00,-1.156218647956848145e+00
4.700000000000000178e+00,-1.001303493976593018e-01
4.733333333333333393e+00,7.746658325195312500e-01
4.766666666666666607e+00,5.569815039634704590e-01
4.799999999999999822e+00,-4.169184565544128418e-01
4.833333333333333037e+00,6.088371276855468750e-01
4.866666666666666252e+00,1.502054095268249512e+00
4.900000000000000355e+00,6.248174905776977539e-01
4.933333333333333570e+00,-3.269410431385040283e-01
4.966666666666666785e+00,-1.419299721717834473e+00
5.000000000000000000e+00,-5.483847260475158691e-01
5.033333333333333215e+00,7.683130502700805664e-01
5.066666666666666430e+00,-1.965664178133010864e-01
5.099999999999999645e+00,-1.374958872795104980e+00
5.133333333333332860e+00,-6.004635617136955261e-02
5.166666666666666963e+00,1.252363204956054688e+00
5.200000000000000178e+00,6.344538927078247070e-02
5.233333333333333393e+00,-1.133404016494750977e+00
5.266666666666666607e+00,1.328633874654769897e-01
5.299999999999999822e+00,1.426639795303344727e+00
5.333333333333333037e+00,2.213089466094970703e-01
5.366666666666666252e+00,-9.849117398262023926e-01
5.400000000000000355e+00,2.331052124500274658e-01
5.433333333333333570e+00,1.559014558792114258e+00
5.466666666666666785e+00,3.863970339298248291e-01
5.500000000000000000e+00,-7.798726558685302734e-01
5.533333333333333215e+00,-1.004440069198608398e+00
5.566666666666666430e+00,2.813835442066192627e-01
5.599999999999999645e+00,1.162033438682556152e+00
5.633333333333332860e+00,1.750225760042667389e-02
5.666666666666666963e+00,-7.922646999359130859e-01
5.700000000000000178e+00,-1.607538342475891113e+00
5.733333333333333393e+00,-6.957070231437683105e-01
5.766666666666666607e+00,2.337408363819122314e-01
5.799999999999999822e+00,1.224954009056091309e+00
5.833333333333333037e+00,3.763914108276367188e-01
5.866666666666666252e+00,-4.488834142684936523e-01
5.900000000000000355e+00,4.577569961547851562e-01
5.933333333333333570e+00,4.438637495040893555e-01
5.966666666666666785e+00,-8.400474190711975098e-01
6.000000000000000000e+00,-1.625489950180053711e+00
6.033333333333333215e+00,-4.475920796394348145e-01
6.066666666666666430e+00,4.900600612163543701e-01
6.099999999999999645e+00,1.255747675895690918e+00
6.133333333333332860e+00,3.831620812416076660e-01
6.166666666666666963e+00,-6.534863710403442383e-01
6.200000000000000178e+00,1.188797280192375183e-01
6.233333333333333393e+00,1.045320510864257812e+00
6.266666666666666607e+00,2.068682014942169189e-01
6.299999999999999822e+00,-6.174882650375366211e-01
6.333333333333333037e+00,1.494408994913101196e-01
6.366666666666666252e+00,9.157121181488037109e-01
6.400000000000000355e+00,-3.021445274353027344e-01
6.433333333333333570e+00,-1.114430308341979980e+00
6.466666666666666785e+00,2.301025688648223877e-01
6.500000000000000000e+00,8.929011821746826172e-01
6.533333333333333215e+00,-2.799253463745117188e-01
6.566666666666666430e+00,-1.002935767173767090e+00
6.599999999999999645e+00,3.181899189949035645e-01
6.633333333333332860e+00,9.222446680068969727e-01
6.666666666666666963e+00,-2.089157402515411377e-01
6.700000000000000178e+00,-8.955902457237243652e-01
6.733333333333333393e+00,4.640752971172332764e-01
6.766666666666666607e+00,1.074424028396606445e+00
6.799999999999999822e+00,-1.663850396871566772e-01
6.833333333333333037e+00,-8.886209726333618164e-01
6.866666666666666252e+00,2.054347395896911621e-01
6.899999999999999467e+00,8.546226024627685547e-01
6.933333333333333570e+00,-4.215371012687683105e-01
6.966666666666666785e+00,-1.132964611053466797e+00
7.000000000000000000e+00,3.102845549583435059e-01
7.033333333333333215e+00,9.239009022712707520e-01
7.066666666666666430e+00,-3.659207820892333984e-01
7.099999999999999645e+00,-1.061255812644958496e+00
7.133333333333332860e+00,-4.713314771652221680e-02
7.166666666666666963e+00,5.533626079559326172e-01
7.200000000000000178e+00,-4.949362277984619141e-01
7.233333333333333393e+00,-1.130081892013549805e+00
7.266666666666666607e+00,3.262827992439270020e-01
7.299999999999999822e+00,8.900681734085083008e-01
7.333333333333333037e+00,1.241338849067687988e-01
7.366666666666666252e+00,-1.142032742500305176e+00
7.399999999999999467e+00,2.837992906570434570e-01
7.433333333333333570e+00,1.691682338714599609e+00
7.466666666666666785e+00,7.536145448684692383e-01
7.500000000000000000e+00,-4.879528880119323730e-01
7.533333333333333215e+00,-1.570658802986145020e+00
7.566666666666666430e+00,-1.446025669574737549e-01
7.599999999999999645e+00,1.138594031333923340e+00
7.633333333333332860e+00,1.279144883155822754e+00
7.666666666666666963e+00,-1.535575091838836670e-01
7.700000000000000178e+00,-1.270520687103271484e+00
7.733333333333333393e+00,3.434980288147926331e-02
7.766666666666666607e+00,1.335689306259155273e+00
7.799999999999999822e+00,-1.357194632291793823e-01
7.833333333333333037e+00,-1.601492285728454590e+00
7.866666666666666252e+00,-2.673653066158294678e-01
7.899999999999999467e+00,1.063745498657226562e+00
7.933333333333333570e+00,5.095579028129577637e-01
7.966666666666666785e+00,-9.603927135467529297e-01
8.000000000000000000e+00,-3.733375966548919678e-01
8.033333333333333215e+00,8.501939773559570312e-01
8.066666666666666430e+00,2.698782086372375488e-01
8.099999999999999645e+00,-1.129350423812866211e+00
8.133333333333332860e+00,-5.540619492530822754e-01
8.166666666666666075e+00,6.611493229866027832e-01
8.199999999999999289e+00,1.377621889114379883e-01
8.233333333333332504e+00,-6.851760149002075195e-01
8.266666666666665719e+00,-6.112051755189895630e-02
8.300000000000000711e+00,1.188695549964904785e+00
8.333333333333333925e+00,5.848082304000854492e-01
8.366666666666667140e+00,-6.325856447219848633e-01
8.400000000000000355e+00,7.259021699428558350e-02
8.433333333333333570e+00,7.172061800956726074e-01
8.466666666666666785e+00,7.887919992208480835e-02
8.500000000000000000e+00,-1.397026658058166504e+00
8.533333333333333215e+00,-3.026884496212005615e-01
8.566666666666666430e+00,9.789419770240783691e-01
8.599999999999999645e+00,-4.439357519149780273e-01
8.633333333333332860e+00,-7.617771625518798828e-01
8.666666666666666075e+00,5.102896690368652344e-01
8.699999999999999289e+00,1.152101516723632812e+00
8.733333333333332504e+00,-1.097468659281730652e-01
8.766666666666665719e+00,-1.526973247528076172e+00
8.800000000000000711e+00,-2.711048126220703125e-01
8.833333333333333925e+00,9.733538627624511719e-01
8.866666666666667140e+00,1.188607096672058105e+00
8.900000000000000355e+00,-2.006246596574783325e-01
8.933333333333333570e+00,-8.999087810516357422e-01
8.966666666666666785e+00,3.481563925743103027e-01
9.000000000000000000e+00,9.889069795608520508e-01
9.033333333333333215e+00,-3.842310905456542969e-01
9.066666666666666430e+00,-1.116336822509765625e+00
9.099999999999999645e+00,1.119193360209465027e-01
9.133333333333332860e+00,7.899922728538513184e-01
9.166666666666666075e+00,-5.529038310050964355e-01
9.199999999999999289e+00,-1.148930191993713379e+00
9.233333333333332504e+00,4.621247202157974243e-02
9.266666666666665719e+00,7.688274979591369629e-01
9.300000000000000711e+00,1.403083443641662598e+00
9.333333333333333925e+00,5.881783962249755859e-01
9.366666666666667140e+00,-2.275151610374450684e-01
9.400000000000000355e+00,-6.512694954872131348e-01
9.433333333333333570e+00,1.253081262111663818e-01
9.466666666666666785e+00,9.075063467025756836e-01
9.500000000000000000e+00,7.090051472187042236e-02
9.533333333333333215e+00,-6.833568215370178223e-01
9.566666666666666430e+00,-1.737844467163085938e+00
9.599999999999999645e+00,-8.802598118782043457e-01
9.633333333333332860e+00,3.313165605068206787e-01
9.666666666666666075e+00,1.632770895957946777e+00
9.699999999999999289e+00,2.560315132141113281e-01
9.733333333333332504e+00,-8.930225968360900879e-01
9.766666666666665719e+00,-4.770184308290481567e-02
9.800000000000000711e+00,1.247250080108642578e+00
9.833333333333333925e+00,-1.163992285728454590e-01
9.866666666666667140e+00,-1.266254901885986328e+00
9.900000000000000355e+00,-7.706444710493087769e-02
9.933333333333333570e+00,1.219890952110290527e+00
9.966666666666666785e+00,-1.119626909494400024e-01
1.000000000000000000e+01,-1.262930631637573242e+00
1.003333333333333321e+01,-1.090137362480163574e-01
1.006666666666666643e+01,1.183983206748962402e+00
1.009999999999999964e+01,-1.050365269184112549e-01
1.013333333333333286e+01,-1.251462340354919434e+00
1.016666666666666607e+01,-1.433492600917816162e-01
1.019999999999999929e+01,1.138322710990905762e+00
1.023333333333333250e+01,-9.381750226020812988e-02
1.026666666666666572e+01,-1.231946706771850586e+00
1.030000000000000071e+01,-1.764571666717529297e-01
1.033333333333333393e+01,1.094920635223388672e+00
1.036666666666666714e+01,1.420018553733825684e+00
1.040000000000000036e+01,2.843457758426666260e-01
1.043333333333333357e+01,-8.269391655921936035e-01
1.046666666666666679e+01,3.684715330600738525e-01
1.050000000000000000e+01,1.370609521865844727e+00
1.053333333333333321e+01,3.526971638202667236e-01
1.056666666666666643e+01,-6.633291244506835938e-01
1.059999999999999964e+01,-1.864116549491882324e+00
1.063333333333333286e+01,-7.208309173583984375e-01
1.066666666666666607e+01,3.672495484352111816e-01
1.069999999999999929e+01,1.011280417442321777e+00
1.073333333333333250e+01,-1.439287215471267700e-01
1.076666666666666572e+01,-1.270367383956909180e+00
1.080000000000000071e+01,-2.648369073867797852e-01
1.083333333333333393e+01,7.120404243469238281e-01
1.086666666666666714e+01,-3.676645755767822266e-01
1.090000000000000036e+01,-1.380227208137512207e-01
1.093333333333333357e+01,8.321877121925354004e-01
1.096666666666666679e+01,-2.963641285896301270e-01
1.100000000000000000e+01,-6.014429926872253418e-01
1.103333333333333321e+01,4.251944124698638916e-01
1.106666666666666643e+01,1.380165338516235352e+00
1.109999999999999964e+01,2.358789294958114624e-01
1.113333333333333286e+01,-8.196117281913757324e-01
1.116666666666666607e+01,2.213053852319717407e-01
1.119999999999999929e+01,1.161657094955444336e+00
1.123333333333333250e+01,6.875904742628335953e-03
1.126666666666666572e+01,-1.031889081001281738e+00
1.130000000000000071e+01,8.428595960140228271e-03
1.133333333333333393e+01,9.131250977516174316e-01
1.136666666666666714e+01,-2.833230495452880859e-01
1.140000000000000036e+01,-1.248377799987792969e+00
1.143333333333333357e+01,-1.274505555629730225e-01
1.146666666666666679e+01,6.996530890464782715e-01
1.150000000000000000e+01,-5.708974599838256836e-01
1.153333333333333321e+01,-1.454643726348876953e+00
1.156666666666666643e+01,-2.693872749805450439e-01
1.159999999999999964e+01,7.883177995681762695e-01
1.163333333333333286e+01,1.628403514623641968e-01
1.166666666666666607e+01,-9.530047178268432617e-01
1.169999999999999929e+01,2.036345750093460083e-01
1.173333333333333250e+01,1.462901949882507324e+00
1.176666666666666572e+01,1.335540413856506348e-01
1.180000000000000071e+01,-9.746909737586975098e-01
1.183333333333333393e+01,1.988026052713394165e-01
1.186666666666666714e+01,1.467245340347290039e+00
1.190000000000000036e+01,1.327478140592575073e-01
1.193333333333333357e+01,-9.861421585083007812e-01
1.196666666666666679e+01,1.793166548013687134e-01
1.200000000000000000e+01,1.469310045242309570e+00
1.203333333333333321e+01,1.576752513647079468e-01
1.206666666666666643e+01,-1.001646280288696289e+00
1.209999999999999964e+01,1.304003596305847168e-01
1.213333333333333286e+01,1.445399284362792969e+00
1.216666666666666607e+01,1.753330826759338379e-01
1.219999999999999929e+01,-1.004537582397460938e+00
1.223333333333333250e+01,-1.861608266830444336e+00
1.226666666666666572e+01,-8.202810287475585938e-01
1.230000000000000071e+01,4.790892079472541809e-02
1.233333333333333393e+01,1.068747520446777344e+00
1.236666666666666714e+01,1.050462573766708374e-01
1.240000000000000036e+01,-1.135874748229980469e+00
1.243333333333333357e+01,-2.879028320312500000e-01
1.246666666666666679e+01,8.521624803543090820e-01
1.250000000000000000e+01,3.798621892929077148e-01
1.253333333333333321e+01,-4.766555726528167725e-01
1.256666666666666643e+01,3.491826355457305908e-01
1.259999999999999964e+01,1.272784590721130371e+00
1.263333333333333286e+01,1.542800664901733398e-01
1.266666666666666607e+01,-7.173905372619628906e-01
1.269999999999999929e+01,4.818397462368011475e-01
1.273333333333333250e+01,1.581618428230285645e+00
1.276666666666666572e+01,4.912008047103881836e-01
1.280000000000000071e+01,-7.235777974128723145e-01
1.283333333333333393e+01,-1.827431797981262207e+00
1.286666666666666714e+01,-7.170141935348510742e-01
1.290000000000000036e+01,3.890119791030883789e-01
1.293333333333333357e+01,7.019742131233215332e-01
1.296666666666666679e+01,-4.294027984142303467e-01
1.300000000000000000e+01,-1.396698236465454102e+00
1.303333333333333321e+01,-3.011179864406585693e-01
1.306666666666666643e+01,6.028342843055725098e-01
1.309999999999999964e+01,1.520557641983032227e+00
1.313333333333333286e+01,4.699085652828216553e-01
1.316666666666666607e+01,-5.930357575416564941e-01
1.319999999999999929e+01,-3.834760487079620361e-01
1.323333333333333250e+01,8.273285627365112305e-01
1.326666666666666572e+01,-2.472757846117019653e-01
1.329999999999999893e+01,-1.317763924598693848e+00
1.333333333333333393e+01,-3.285878002643585205e-01
1.336666666666666714e+01,6.576822400093078613e-01
1.340000000000000036e+01,1.475536823272705078e-02
1.343333333333333357e+01,-1.026039004325866699e+00
1.346666666666666679e+01,-1.068413630127906799e-01
1.350000000000000000e+01,8.447096943855285645e-01
1.353333333333333321e+01,1.005851864814758301e+00
1.356666666666666643e+01,-5.777632351964712143e-03
1.359999999999999964e+01,-1.185418128967285156e+00
1.363333333333333286e+01,-2.596319913864135742e-01
1.366666666666666607e+01,7.839986681938171387e-01
1.369999999999999929e+01,1.827604651451110840e+00
1.373333333333333250e+01,6.585141420364379883e-01
1.376666666666666572e+01,-4.994501471519470215e-01
1.379999999999999893e+01,-1.532832622528076172e+00
1.383333333333333393e+01,-4.765420258045196533e-01
1.386666666666666714e+01,4.991783201694488525e-01
1.390000000000000036e+01,8.621296882629394531e-01
1.393333333333333357e+01,-2.145261615514755249e-01
1.396666666666666679e+01,-1.295136213302612305e+00
1.400000000000000000e+01,-2.783529162406921387e-01
1.403333333333333321e+01,7.489742040634155273e-01
1.406666666666666643e+01,-2.557092905044555664e-02
1.409999999999999964e+01,-1.168532133102416992e+00
1.413333333333333286e+01,1.323141437023878098e-02
1.416666666666666607e+01,1.001157283782958984e+00
1.419999999999999929e+01,1.260654181241989136e-01
1.423333333333333250e+01,-9.871816039085388184e-01
1.426666666666666572e+01,1.804505437612533569e-01
1.429999999999999893e+01,1.154902935028076172e+00
1.433333333333333393e+01,1.223654448986053467e-01
1.436666666666666714e+01,-9.410552382469177246e-01
1.440000000000000036e+01,1.779841184616088867e-01
1.443333333333333357e+01,1.274541974067687988e+00
1.446666666666666679e+01,2.686332762241363525e-01
1.450000000000000000e+01,-7.369479537010192871e-01
1.453333333333333321e+01,2.735179364681243896e-01
1.456666666666666643e+01,1.364807724952697754e+00
1.459999999999999964e+01,2.857142686843872070e-01
1.463333333333333286e+01,-6.677113175392150879e-01
1.466666666666666607e+01,-1.475051999092102051e+00
1.469999999999999929e+01,-3.860036134719848633e-01
1.473333333333333250e+01,5.912044644355773926e-01
1.476666666666666572e+01,-3.639183044433593750e-01
1.479999999999999893e+01,-1.337982773780822754e+00
1.483333333333333393e+01,-2.598623037338256836e-01
1.486666666666666714e+01,7.078962326049804688e-01
1.490000000000000036e+01,1.271576046943664551e+00
1.493333333333333357e+01,1.846822500228881836e-01
1.496666666666666679e+01,-8.701065778732299805e-01
1.500000000000000000e+01,1.033183783292770386e-01
1.503333333333333321e+01,1.081635475158691406e+00
1.506666666666666643e+01,5.437004566192626953e-02
1.509999999999999964e+01,-9.400930404663085938e-01
1.513333333333333286e+01,-6.378847360610961914e-02
1.516666666666666607e+01,7.951920628547668457e-01
1.519999999999999929e+01,-1.469337791204452515e-01
1.523333333333333250e+01,-1.060273885726928711e+00
1.526666666666666572e+01,-2.327152639627456665e-01
1.529999999999999893e+01,5.929775834083557129e-01
1.533333333333333393e+01,-3.298623859882354736e-01
1.536666666666666714e+01,-1.082294702529907227e+00
1.540000000000000036e+01,-2.394429147243499756e-01
1.543333333333333357e+01,6.024710536003112793e-01
1.546666666666666679e+01,1.700189232826232910e+00
1.550000000000000000e+01,7.444052100181579590e-01
1.553333333333333321e+01,-4.857728183269500732e-01
1.556666666666666643e+01,-5.966992378234863281e-01
1.559999999999999964e+01,4.359686672687530518e-01
1.563333333333333286e+01,-2.450742125511169434e-01
1.566666666666666607e+01,-1.010394334793090820e+00
1.569999999999999929e+01,-2.274823039770126343e-01
1.573333333333333250e+01,9.593733549118041992e-01
1.576666666666666572e+01,1.496591717004776001e-01
1.579999999999999893e+01,-8.454017043113708496e-01
1.583333333333333393e+01,-1.373550891876220703e-01
1.586666666666666714e+01,7.151022553443908691e-01
1.590000000000000036e+01,-6.482800096273422241e-02
1.593333333333333357e+01,-8.224836587905883789e-01
1.596666666666666679e+01,4.902122318744659424e-01
1.600000000000000000e+01,1.252146840095520020e+00
1.603333333333333144e+01,-9.916091803461313248e-04
1.606666666666666643e+01,-1.358064532279968262e+00
1.610000000000000142e+01,4.193424060940742493e-02
1.613333333333333286e+01,1.273560404777526855e+00
1.616666666666666785e+01,1.632670313119888306e-01
1.619999999999999929e+01,-1.237866640090942383e+00
1.623333333333333428e+01,1.462548822164535522e-01
1.626666666666666572e+01,1.384848356246948242e+00
1.630000000000000071e+01,1.587626636028289795e-01
1.633333333333333215e+01,-1.232691168785095215e+00
1.636666666666666714e+01,1.695414036512374878e-01
1.639999999999999858e+01,1.128922700881958008e+00
1.643333333333333357e+01,-1.103453338146209717e-01
1.646666666666666501e+01,-1.478483915328979492e+00
1.650000000000000000e+01,-5.645451322197914124e-02
1.653333333333333144e+01,1.141017794609069824e+00
1.656666666666666643e+01,-1.170093417167663574e-01
1.660000000000000142e+01,-1.449869513511657715e+00
1.663333333333333286e+01,-3.026300668716430664e-01
1.666666666666666785e+01,8.997499346733093262e-01
1.669999999999999929e+01,-3.099145293235778809e-01
1.673333333333333428e+01,-1.310824751853942871e+00
1.676666666666666572e+01,4.307353124022483826e-02
1.680000000000000071e+01,1.000079393386840820e+00
1.683333333333333215e+01,-1.845968067646026611e-01
1.686666666666666714e+01,-9.114083051681518555e-01
1.689999999999999858e+01,4.040972888469696045e-01
1.693333333333333357e+01,1.214318275451660156e+00
1.696666666666666501e+01,2.085642516613006592e-02
1.700000000000000000e+01,-7.146641612052917480e-01
1.703333333333333144e+01,6.011380553245544434e-01
1.706666666666666643e+01,1.427028298377990723e+00
1.710000000000000142e+01,2.368126511573791504e-01
1.713333333333333286e+01,-5.186256766319274902e-01
1.716666666666666785e+01,-1.389089107513427734e+00
1.719999999999999929e+01,-5.222111940383911133e-01
1.723333333333333428e+01,3.545582294464111328e-01
1.726666666666666572e+01,4.926258623600006104e-01
1.730000000000000071e+01,-3.537093102931976318e-01
1.733333333333333215e+01,-3.077690899372100830e-01
1.736666666666666714e+01,6.310341954231262207e-01
1.739999999999999858e+01,5.970570445060729980e-01
1.743333333333333357e+01,-3.776023983955383301e-01
1.746666666666666501e+01,-1.314221858978271484e+00
1.750000000000000000e+01,-3.648572564125061035e-01
1.753333333333333144e+01,5.679230093955993652e-01
1.756666666666666643e+01,1.341911077499389648e+00
1.760000000000000142e+01,4.049876034259796143e-01
1.763333333333333286e+01,-6.849068403244018555e-01
1.766666666666666785e+01,1.722371280193328857e-01
1.769999999999999929e+01,1.272415757179260254e+00
1.773333333333333428e+01,3.064748346805572510e-01
1.776666666666666572e+01,-7.886512875556945801e-01
1.780000000000000071e+01,-2.030030012130737305e+00
1.783333333333333215e+01,-7.822835445404052734e-01
1.786666666666666714e+01,3.315915763378143311e-01
1.789999999999999858e+01,1.321657299995422363e+00
1.793333333333333357e+01,2.175861597061157227e-01
1.796666666666666501e+01,-6.688348054885864258e-01
1.800000000000000000e+01,4.163238108158111572e-01
1.803333333333333144e+01,7.959578037261962891e-01
1.806666666666666643e+01,-4.114786088466644287e-01
1.810000000000000142e+01,-1.256286025047302246e+00
1.813333333333333286e+01,-2.079420536756515503e-01
1.816666666666666785e+01,7.545620203018188477e-01
1.819999999999999929e+01,-4.159168004989624023e-01
1.823333333333333428e+01,-1.043439269065856934e+00
1.826666666666666572e+01,-6.625808775424957275e-03
1.830000000000000071e+01,9.780722260475158691e-01
1.833333333333333215e+01,-1.514526605606079102e-01
1.836666666666666714e+01,-5.859802961349487305e-01
1.839999999999999858e+01,4.832553565502166748e-01
1.843333333333333357e+01,1.537747979164123535e+00
1.846666666666666501e+01,4.261521399021148682e-01
1.850000000000000000e+01,-5.323090553283691406e-01
1.853333333333333144e+01,1.085139624774456024e-02
1.856666666666666643e+01,1.091902494430541992e+00
1.860000000000000142e+01,-9.000631421804428101e-02
1.863333333333333286e+01,-1.034375429153442383e+00
1.866666666666666785e+01,7.640522439032793045e-03
1.869999999999999929e+01,1.038959264755249023e+00
1.873333333333333428e+01,-1.332413405179977417e-01
1.876666666666666572e+01,-1.103144407272338867e+00
1.880000000000000071e+01,-9.463775157928466797e-01
1.883333333333333215e+01,9.781374037265777588e-02
1.886666666666666714e+01,2.514059245586395264e-01
1.889999999999999858e+01,-8.331174850463867188e-01
1.893333333333333357e+01,-1.252909451723098755e-01
1.896666666666666501e+01,8.393216729164123535e-01
1.900000000000000000e+01,-1.542122662067413330e-01
1.903333333333333144e+01,-1.147158384323120117e+00
1.906666666666666643e+01,-6.931896507740020752e-02
1.910000000000000142e+01,9.961310029029846191e-01
1.913333333333333286e+01,-1.521508861333131790e-02
1.916666666666666785e+01,-9.812530875205993652e-01
1.919999999999999929e+01,-5.040312558412551880e-02
1.923333333333333428e+01,1.054086089134216309e+00
1.926666666666666572e+01,7.492012809962034225e-03
1.930000000000000071e+01,-9.585496783256530762e-01
1.933333333333333215e+01,-2.428300678730010986e-02
1.936666666666666714e+01,1.111521244049072266e+00
1.939999999999999858e+01,5.250701308250427246e-01
1.943333333333333357e+01,-4.985187053680419922e-01
1.946666666666666501e+01,4.747308790683746338e-01
1.950000000000000000e+01,1.640111565589904785e+00
1.953333333333333144e+01,5.441946983337402344e-01
1.956666666666666643e+01,-5.327914953231811523e-01
1.960000000000000142e+01,-1.659262657165527344e+00
1.963333333333333286e+01,-4.367335438728332520e-01
1.966666666666666785e+01,5.784185528755187988e-01
1.969999999999999929e+01,-3.190530240535736084e-01
1.973333333333333428e+01,-1.128248929977416992e+00
1.976666666666666572e+01,6.764832884073257446e-02
1.980000000000000071e+01,1.110698819160461426e+00
1.983333333333333215e+01,7.934350520372390747e-02
1.986666666666666714e+01,-1.109388589859008789e+00
1.989999999999999858e+01,5.035177618265151978e-02
1.993333333333333357e+01,1.116950750350952148e+00
1.996666666666666501e+01,1.262500137090682983e-01
2.000000000000000000e+01,-1.082085490226745605e+00
2.003333333333333144e+01,2.806724794209003448e-02
2.006666666666666643e+01,1.110114336013793945e+00
2.010000000000000142e+01,9.275593608617782593e-02
2.013333333333333286e+01,-1.042315244674682617e+00
2.016666666666666785e+01,-5.157019570469856262e-02
2.019999999999999929e+01,1.015850305557250977e+00
2.023333333333333428e+01,-1.018444448709487915e-01
2.026666666666666572e+01,-1.074048995971679688e+00
2.030000000000000071e+01,-1.064603999257087708e-01
2.033333333333333215e+01,9.837702512741088867e-01
2.036666666666666714e+01,-1.154775395989418030e-01
2.039999999999999858e+01,-1.102437019348144531e+00
2.043333333333333357e+01,-1.258846074342727661e-01
2.046666666666666501e+01,9.743269681930541992e-01
2.050000000000000000e+01,-1.529515236616134644e-01
2.053333333333333144e+01,-7.042686939239501953e-01
2.056666666666666643e+01,2.921749949455261230e-01
2.060000000000000142e+01,1.361842036247253418e+00
2.063333333333333286e+01,2.152985930442810059e-01
2.066666666666666785e+01,-7.162470817565917969e-01
2.069999999999999929e+01,2.932990491390228271e-01
2.073333333333333428e+01,1.323318243026733398e+00
2.076666666666666572e+01,2.329245507717132568e-01
2.080000000000000071e+01,-7.203647494316101074e-01
2.083333333333333215e+01,-1.128090620040893555e+00
2.086666666666666714e+01,-6.114790961146354675e-02
2.089999999999999858e+01,9.906039834022521973e-01
2.093333333333333357e+01,2.125575765967369080e-02
2.096666666666666501e+01,-9.459922909736633301e-01
2.100000000000000000e+01,1.385228782892227173e-01
2.103333333333333144e+01,5.918120741844177246e-01
2.106666666666666643e+01,-3.762634098529815674e-01
2.110000000000000142e+01,-1.332841515541076660e+00
2.113333333333333286e+01,-2.518365383148193359e-01
2.116666666666666785e+01,7.620273232460021973e-01
2.119999999999999929e+01,-1.508977711200714111e-01
2.123333333333333428e+01,-1.016927003860473633e+00
2.126666666666666572e+01,-8.589872717857360840e-02
2.130000000000000071e+01,8.184854984283447266e-01
2.133333333333333215e+01,1.346103698015213013e-01
2.136666666666666714e+01,-7.541975975036621094e-01
2.139999999999999858e+01,1.339763551950454712e-01
2.143333333333333357e+01,1.008071660995483398e+00
2.146666666666666501e+01,1.788826435804367065e-01
2.150000000000000000e+01,-6.501353979110717773e-01
2.153333333333333144e+01,4.529437720775604248e-01
2.156666666666666643e+01,1.357324600219726562e+00
2.160000000000000142e+01,3.359712287783622742e-02
2.163333333333333286e+01,-7.620472311973571777e-01
2.166666666666666785e+01,4.471855759620666504e-01
2.169999999999999929e+01,1.387767910957336426e+00
2.173333333333333428e+01,4.178559035062789917e-02
2.176666666666666572e+01,-1.305701851844787598e+00
2.180000000000000071e+01,-6.412029862403869629e-01
2.183333333333333215e+01,5.921946167945861816e-01
2.186666666666666714e+01,-4.556315541267395020e-01
2.189999999999999858e+01,-1.814673423767089844e+00
2.193333333333333357e+01,-6.926375031471252441e-01
2.196666666666666501e+01,4.838903546333312988e-01
2.200000000000000000e+01,1.228878021240234375e+00
2.203333333333333144e+01,-6.986598670482635498e-02
2.206666666666666643e+01,-8.977204561233520508e-01
2.210000000000000142e+01,1.176267936825752258e-01
2.213333333333333286e+01,8.397661447525024414e-01
2.216666666666666785e+01,1.123224124312400818e-01
2.219999999999999929e+01,-6.366752386093139648e-01
2.223333333333333428e+01,6.098447442054748535e-01
2.226666666666666572e+01,1.519543170928955078e+00
2.230000000000000071e+01,1.057582125067710876e-01
2.233333333333333215e+01,-5.969969630241394043e-01
2.236666666666666714e+01,6.676604151725769043e-01
2.239999999999999858e+01,6.757846474647521973e-01
2.243333333333333357e+01,-6.958506107330322266e-01
2.246666666666666501e+01,-1.694339871406555176e+00
2.250000000000000000e+01,-4.585403203964233398e-01
2.253333333333333144e+01,7.134550809860229492e-01
2.256666666666666643e+01,4.518169462680816650e-01
2.260000000000000142e+01,-7.891845107078552246e-01
2.263333333333333286e+01,-1.010432243347167969e+00
2.266666666666666785e+01,3.823538124561309814e-01
2.269999999999999929e+01,9.842116832733154297e-01
2.273333333333333428e+01,-2.394050657749176025e-01
2.276666666666666572e+01,-9.224156141281127930e-01
2.280000000000000071e+01,4.652252197265625000e-01
2.283333333333333215e+01,1.063347935676574707e+00
2.286666666666666714e+01,-1.778162270784378052e-01
2.289999999999999858e+01,-8.807570934295654297e-01
2.293333333333333357e+01,5.458656549453735352e-01
2.296666666666666501e+01,1.183730840682983398e+00
2.300000000000000000e+01,-1.143811121582984924e-01
2.303333333333333144e+01,-1.405499815940856934e+00
2.306666666666666643e+01,1.402049418538808823e-02
2.310000000000000142e+01,1.415945053100585938e+00
2.313333333333333286e+01,1.798162162303924561e-01
2.316666666666666785e+01,-1.048659205436706543e+00
2.319999999999999929e+01,3.142537772655487061e-01
2.323333333333333428e+01,1.659976243972778320e+00
2.326666666666666572e+01,4.631841480731964111e-01
2.330000000000000071e+01,-7.259526848793029785e-01
2.333333333333333215e+01,-1.417079448699951172e+00
2.336666666666666714e+01,-7.829100638628005981e-02
2.339999999999999858e+01,6.853246092796325684e-01
2.343333333333333357e+01,-5.303199887275695801e-01
2.346666666666666501e+01,-1.216004133224487305e+00
2.350000000000000000e+01,1.362023949623107910e-01
2.353333333333333144e+01,9.037604928016662598e-01
2.356666666666666643e+01,-3.194308578968048096e-01
2.360000000000000142e+01,-1.014786243438720703e+00
2.363333333333333286e+01,3.352799415588378906e-01
2.366666666666666785e+01,1.120844960212707520e+00
2.369999999999999929e+01,-9.666107594966888428e-02
2.373333333333333428e+01,-8.136023879051208496e-01
2.376666666666666572e+01,4.641763269901275635e-01
2.380000000000000071e+01,1.289470672607421875e+00
2.383333333333333215e+01,1.014077067375183105e-01
2.386666666666666714e+01,-6.708466410636901855e-01
2.389999999999999858e+01,-8.587181568145751953e-01
2.393333333333333357e+01,3.528220951557159424e-02
2.396666666666666501e+01,9.373285174369812012e-01
2.400000000000000000e+01,9.286800026893615723e-02
2.403333333333333144e+01,-7.710020542144775391e-01
2.406666666666666643e+01,3.304678946733474731e-02
2.410000000000000142e+01,1.007877707481384277e+00
2.413333333333333286e+01,1.445089876651763916e-01
2.416666666666666785e+01,-7.211008071899414062e-01
2.419999999999999929e+01,-8.267728686332702637e-01
2.423333333333333428e+01,1.032458171248435974e-01
2.426666666666666572e+01,5.134322643280029297e-01
2.430000000000000071e+01,-3.979120850563049316e-01
2.433333333333333215e+01,-1.530951261520385742e+00
2.436666666666666714e+01,-6.056436300277709961e-01
2.439999999999999858e+01,6.460416913032531738e-01
2.443333333333333357e+01,1.880910396575927734e+00
2.446666666666666501e+01,7.746654152870178223e-01
2.450000000000000000e+01,-3.257170319557189941e-01
2.453333333333333144e+01,-1.189876556396484375e+00
2.456666666666666643e+01,2.806686423718929291e-02
2.460000000000000142e+01,9.948578476905822754e-01
2.463333333333333286e+01,-1.024812534451484680e-01
2.466666666666666785e+01,-9.753817319869995117e-01
2.469999999999999929e+01,2.332689762115478516e-01
2.473333333333333428e+01,1.213404417037963867e+00
2.476666666666666572e+01,1.262734979391098022e-01
2.480000000000000071e+01,-7.627676129341125488e-01
2.483333333333333215e+01,3.247262835502624512e-01
2.486666666666666714e+01,5.476770997047424316e-01
2.489999999999999858e+01,-5.218790769577026367e-01
2.493333333333333357e+01,-1.422556519508361816e+00
2.496666666666666501e+01,-2.388509213924407959e-01
2.500000000000000000e+01,7.735997438430786133e-01
2.503333333333333144e+01,-2.892464399337768555e-01
2.506666666666666643e+01,-1.086959242820739746e+00
2.510000000000000142e+01,8.142486214637756348e-02
2.513333333333333286e+01,1.110229253768920898e+00
2.516666666666666785e+01,6.062856316566467285e-02
2.519999999999999929e+01,-8.725992441177368164e-01
2.523333333333333428e+01,2.717708349227905273e-01
2.526666666666666572e+01,1.324740409851074219e+00
2.530000000000000071e+01,2.961454391479492188e-01
2.533333333333333215e+01,-6.808850765228271484e-01
2.536666666666666714e+01,4.343424439430236816e-01
2.539999999999999858e+01,1.535959243774414062e+00
2.543333333333333357e+01,5.551044344902038574e-01
2.546666666666666501e+01,-4.636007547378540039e-01
2.550000000000000000e+01,-1.497028946876525879e+00
2.553333333333333144e+01,-3.182674348354339600e-01
2.556666666666666643e+01,8.381333947181701660e-01
2.560000000000000142e+01,-2.481444925069808960e-01
2.563333333333333286e+01,-1.344619989395141602e+00
2.566666666666666785e+01,-3.458071649074554443e-01
2.569999999999999929e+01,8.519423604011535645e-01
2.573333333333333428e+01,-2.151859551668167114e-01
2.576666666666666572e+01,-1.227773308753967285e+00
2.580000000000000071e+01,-3.123317658901214600e-01
2.583333333333333215e+01,8.235652446746826172e-01
2.586666666666666714e+01,1.194803595542907715e+00
2.589999999999999858e+01,2.108950912952423096e-01
2.593333333333333357e+01,-1.016066193580627441e+00
2.596666666666666501e+01,1.188173592090606689e-01
2.600000000000000000e+01,1.205212593078613281e+00
2.603333333333333144e+01,2.066399008035659790e-01
2.606666666666666643e+01,-9.905111789703369141e-01
2.609999999999999787e+01,1.672013252973556519e-01
2.613333333333333286e+01,1.227552056312561035e+00
2.616666666666666785e+01,1.991542875766754150e-01
2.619999999999999929e+01,-9.762113094329833984e-01
2.623333333333333428e+01,-2.328189015388488770e-01
2.626666666666666572e+01,7.862842082977294922e-01
2.630000000000000071e+01,-2.659707367420196533e-01
2.633333333333333215e+01,-1.390816926956176758e+00
2.636666666666666714e+01,-1.804056912660598755e-01
2.639999999999999858e+01,7.880939245223999023e-01
2.643333333333333357e+01,-2.753159105777740479e-01
2.646666666666666501e+01,-1.342044353485107422e+00
2.650000000000000000e+01,-1.874855309724807739e-01
2.653333333333333144e+01,7.571445107460021973e-01
2.656666666666666643e+01,-1.408713161945343018e-01
2.659999999999999787e+01,-4.527739584445953369e-01
2.663333333333333286e+01,6.579955816268920898e-01
2.666666666666666785e+01,1.639913916587829590e+00
2.669999999999999929e+01,7.188572287559509277e-01
2.673333333333333428e+01,-3.614754378795623779e-01
2.676666666666666572e+01,-1.426132321357727051e+00
2.680000000000000071e+01,-4.801123738288879395e-01
2.683333333333333215e+01,7.130459547042846680e-01
2.686666666666666714e+01,-3.143625557422637939e-01
2.689999999999999858e+01,-1.177215933799743652e+00
2.693333333333333357e+01,-2.876597642898559570e-01
2.696666666666666501e+01,8.985879421234130859e-01
2.700000000000000000e+01,5.281102657318115234e-01
2.703333333333333144e+01,-5.187574028968811035e-01
2.706666666666666643e+01,3.471359908580780029e-01
2.709999999999999787e+01,1.559079647064208984e+00
2.713333333333333286e+01,5.827718377113342285e-01
2.716666666666666785e+01,-5.005654096603393555e-01
2.719999999999999929e+01,-1.706679344177246094e+00
2.723333333333333428e+01,-5.234551429748535156e-01
2.726666666666666572e+01,5.461612343788146973e-01
2.730000000000000071e+01,1.432047605514526367e+00
2.733333333333333215e+01,1.804392784833908081e-01
2.736666666666666714e+01,-6.412999629974365234e-01
2.739999999999999858e+01,-1.541307330131530762e+00
2.743333333333333357e+01,-5.366481542587280273e-01
2.746666666666666501e+01,2.454558014869689941e-01
2.750000000000000000e+01,1.501955747604370117e+00
2.753333333333333144e+01,6.240350604057312012e-01
2.756666666666666643e+01,-4.904061555862426758e-01
2.759999999999999787e+01,-1.387937545776367188e+00
2.763333333333333286e+01,-7.048802077770233154e-02
2.766666666666666785e+01,1.052880287170410156e+00
2.769999999999999929e+01,-1.362616568803787231e-01
2.773333333333333428e+01,-1.380456805229187012e+00
2.776666666666666572e+01,-5.274465084075927734e-01
2.780000000000000071e+01,6.342770457267761230e-01
2.783333333333333215e+01,1.680765032768249512e+00
2.786666666666666714e+01,9.085463881492614746e-01
2.789999999999999858e+01,-4.320645630359649658e-01
2.793333333333333357e+01,-1.229884862899780273e+00
2.796666666666666501e+01,-6.764013320207595825e-02
2.800000000000000000e+01,1.277636528015136719e+00
2.803333333333333144e+01,-2.946028858423233032e-02
2.806666666666666643e+01,-1.241815447807312012e+00
2.809999999999999787e+01,-3.907441794872283936e-01
2.813333333333333286e+01,9.139209389686584473e-01
2.816666666666666785e+01,1.387803256511688232e-01
2.819999999999999929e+01,-7.920396924018859863e-01
2.823333333333333428e+01,7.449909299612045288e-02
2.826666666666666572e+01,7.675803303718566895e-01
2.830000000000000071e+01,-1.161240390501916409e-03
2.833333333333333215e+01,-7.576622366905212402e-01
2.836666666666666714e+01,4.540345370769500732e-01
2.839999999999999858e+01,1.176362276077270508e+00
2.843333333333333357e+01,-1.481979787349700928e-01
2.846666666666666501e+01,-1.246204257011413574e+00
2.850000000000000000e+01,-5.756750702857971191e-02
2.853333333333333144e+01,1.299648046493530273e+00
2.856666666666666643e+01,-4.262767359614372253e-02
2.859999999999999787e+01,-1.257914185523986816e+00
2.863333333333333286e+01,-8.837334066629409790e-02
2.866666666666666785e+01,1.291752696037292480e+00
2.869999999999999929e+01,-2.528323233127593994e-02
2.873333333333333428e+01,-1.259969472885131836e+00
2.876666666666666572e+01,-3.670686781406402588e-01
2.880000000000000071e+01,9.733532071113586426e-01
2.883333333333333215e+01,2.389919608831405640e-01
2.886666666666666714e+01,-9.351965188980102539e-01
2.889999999999999858e+01,-9.950897842645645142e-02
2.893333333333333357e+01,1.027408123016357422e+00
2.896666666666666501e+01,2.465979605913162231e-01
2.900000000000000000e+01,-8.829529881477355957e-01
2.903333333333333144e+01,-6.844686269760131836e-01
2.906666666666666643e+01,5.992390513420104980e-01
2.909999999999999787e+01,-1.804412901401519775e-01
2.913333333333333286e+01,-1.362983107566833496e+00
2.916666666666666785e+01,-5.373314023017883301e-01
2.919999999999999929e+01,8.195778727531433105e-01
2.923333333333333428e+01,1.995608448982238770e+00
2.926666666666666572e+01,7.704661488533020020e-01
2.930000000000000071e+01,-4.495745897293090820e-01
2.933333333333333215e+01,-1.398724675178527832e+00
2.936666666666666714e+01,-5.780886486172676086e-02
2.939999999999999858e+01,8.150456547737121582e-01
2.943333333333333357e+01,-2.163318246603012085e-01
2.946666666666666501e+01,-1.006794095039367676e+00
2.950000000000000000e+01,2.622207105159759521e-01
2.953333333333333144e+01,1.124418973922729492e+00
2.956666666666666643e+01,-4.889430850744247437e-02
2.959999999999999787e+01,-1.090383052825927734e+00
2.963333333333333286e+01,1.956597566604614258e-01
2.966666666666666785e+01,1.316370129585266113e+00
2.969999999999999929e+01,1.818806082010269165e-01
2.973333333333333428e+01,-1.069021582603454590e+00
2.976666666666666572e+01,1.250517815351486206e-01
2.980000000000000071e+01,1.232630014419555664e+00
2.983333333333333215e+01,1.304564625024795532e-01
2.986666666666666714e+01,-1.126645565032958984e+00
2.989999999999999858e+01,3.970983996987342834e-02
2.993333333333333357e+01,7.894036769866943359e-01
2.996666666666666501e+01,-2.265284806489944458e-01
3.000000000000000000e+01,-1.475687265396118164e+00
3.003333333333333144e+01,-3.302645981311798096e-01
3.006666666666666643e+01,7.794654369354248047e-01
3.009999999999999787e+01,-2.102914452552795410e-01
3.013333333333333286e+01,-1.379039645195007324e+00
3.016666666666666785e+01,-4.088495969772338867e-01
3.019999999999999929e+01,5.893434286117553711e-01
3.023333333333333428e+01,1.583886623382568359e+00
3.026666666666666572e+01,4.816302061080932617e-01
3.030000000000000071e+01,-6.073424816131591797e-01
3.033333333333333215e+01,-4.774248003959655762e-01
3.036666666666666714e+01,4.937542676925659180e-01
3.039999999999999858e+01,3.744307458400726318e-01
3.043333333333333357e+01,-6.941632032394409180e-01
3.046666666666666501e+01,3.040310144424438477e-01
3.050000000000000000e+01,1.007838845252990723e+00
3.053333333333333144e+01,-1.342276185750961304e-01
3.056666666666666643e+01,-1.129823684692382812e+00
3.059999999999999787e+01,-1.147815883159637451e-01
3.063333333333333286e+01,1.016149044036865234e+00
3.066666666666666785e+01,-1.444174349308013916e-01
3.069999999999999929e+01,-1.170073986053466797e+00
3.073333333333333428e+01,-1.012808829545974731e-01
3.076666666666666572e+01,9.564622044563293457e-01
3.080000000000000071e+01,-1.930776089429855347e-01
3.083333333333333215e+01,-1.318316817283630371e+00
3.086666666666666714e+01,-3.148599565029144287e-01
3.089999999999999858e+01,6.771236062049865723e-01
3.093333333333333357e+01,4.711091220378875732e-01
3.096666666666666501e+01,-5.902960896492004395e-01
3.100000000000000000e+01,3.226363062858581543e-01
3.103333333333333144e+01,1.213455438613891602e+00
3.106666666666666643e+01,2.461022436618804932e-01
3.109999999999999787e+01,-6.881638169288635254e-01
3.113333333333333286e+01,2.071839123964309692e-01
3.116666666666666785e+01,1.018204689025878906e+00
3.119999999999999929e+01,1.005126312375068665e-01
3.123333333333333428e+01,-7.989929318428039551e-01
3.126666666666666572e+01,-1.509402394294738770e-01
3.130000000000000071e+01,6.896052956581115723e-01
3.133333333333333215e+01,-2.951128780841827393e-01
3.136666666666666714e+01,-1.244836449623107910e+00
3.139999999999999858e+01,-3.776348829269409180e-01
3.143333333333333357e+01,4.815627932548522949e-01
3.146666666666666501e+01,-6.255096197128295898e-01
3.150000000000000000e+01,-9.888530373573303223e-01
3.153333333333333144e+01,3.420733511447906494e-01
3.156666666666666643e+01,1.121499538421630859e+00
3.159999999999999787e+01,-7.569134235382080078e-02
3.163333333333333286e+01,-1.010695219039916992e+00
3.166666666666666785e+01,3.479870557785034180e-01
3.169999999999999929e+01,1.091013193130493164e+00
3.173333333333333428e+01,-1.209552660584449768e-01
3.176666666666666572e+01,-9.481448531150817871e-01
3.180000000000000071e+01,2.844191491603851318e-01
3.183333333333333215e+01,9.890615344047546387e-01
3.186666666666666714e+01,3.695630431175231934e-01
3.189999999999999858e+01,-3.996371328830718994e-01
3.193333333333333357e+01,9.585335850715637207e-01
3.196666666666666501e+01,1.012207269668579102e+00
