0.000000000000000000e+00,0.000000000000000000e+00
3.333333333333333287e-02,-1.151519979369908242e-07
6.666666666666666574e-02,-4.259495023362092070e-07
1.000000000000000056e-01,-1.225215662259415694e-06
1.333333333333333315e-01,-9.310808124496361415e-07
1.666666666666666574e-01,2.155224692046431301e-06
2.000000000000000111e-01,-1.322185518404239701e-05
2.333333333333333370e-01,-1.937859016720722138e-04
2.666666666666666630e-01,-1.004383866529678926e-03
2.999999999999999889e-01,-2.914520664489828050e-03
3.333333333333333148e-01,-3.985277580795809627e-03
3.666666666666666408e-01,2.852284378604963422e-03
4.000000000000000222e-01,-4.112528840778395534e-03
4.333333333333333481e-01,8.475745562463998795e-04
4.666666666666666741e-01,-1.949730823980644345e-02
5.000000000000000000e-01,5.106673459522426128e-02
5.333333333333333259e-01,-1.969439101230818778e-02
5.666666666666666519e-01,-6.795425892050843686e-02
5.999999999999999778e-01,1.448026578873395920e-01
6.333333333333333037e-01,-3.343205200508236885e-02
6.666666666666666297e-01,-1.901963772252202034e-01
6.999999999999999556e-01,4.009894374758005142e-01
7.333333333333332815e-01,9.273050352931022644e-02
7.666666666666666075e-01,-6.371705699712038040e-01
8.000000000000000444e-01,-1.277204509824514389e-01
8.333333333333333703e-01,7.313127536326646805e-01
8.666666666666666963e-01,2.845496870577335358e-01
9.000000000000000222e-01,-9.348684456199407578e-01
9.333333333333333481e-01,-8.139273617416620255e-01
9.666666666666666741e-01,3.958064317703247070e-01
1.000000000000000000e+00,2.308399602770805359e-01
1.033333333333333215e+00,-9.289316833019256592e-01
1.066666666666666652e+00,-7.708543539047241211e-01
1.100000000000000089e+00,4.459641873836517334e-01
1.133333333333333304e+00,3.042794018983840942e-01
1.166666666666666741e+00,-8.420332521200180054e-01
1.199999999999999956e+00,-6.928121298551559448e-01
1.233333333333333393e+00,4.287886619567871094e-01
1.266666666666666607e+00,2.599015831947326660e-01
1.300000000000000044e+00,-9.501685202121734619e-01
1.333333333333333259e+00,-7.883884012699127197e-01
1.366666666666666696e+00,4.038666933774948120e-01
1.399999999999999911e+00,2.927269041538238525e-01
1.433333333333333348e+00,-9.254875034093856812e-01
1.466666666666666563e+00,-8.340959250926971436e-01
1.500000000000000000e+00,3.696450591087341309e-01
1.533333333333333215e+00,2.293887734413146973e-01
1.566666666666666652e+00,-8.896431326866149902e-01
1.600000000000000089e+00,-7.047745585441589355e-01
1.633333333333333304e+00,5.122844874858856201e-01
1.666666666666666741e+00,3.383409976959228516e-01
1.699999999999999956e+00,-8.894830942153930664e-01
1.733333333333333393e+00,-7.326762378215789795e-01
1.766666666666666607e+00,4.641500115394592285e-01
1.800000000000000044e+00,2.371081709861755371e-01
1.833333333333333259e+00,-8.887186646461486816e-01
1.866666666666666696e+00,-6.737731397151947021e-01
1.899999999999999911e+00,5.431182682514190674e-01
1.933333333333333348e+00,4.403699934482574463e-01
1.966666666666666563e+00,-7.719299197196960449e-01
2.000000000000000000e+00,-6.025305390357971191e-01
2.033333333333333215e+00,6.041792035102844238e-01
2.066666666666666430e+00,4.697151482105255127e-01
2.100000000000000089e+00,-7.529966533184051514e-01
2.133333333333333304e+00,-5.904364585876464844e-01
2.166666666666666519e+00,6.300517916679382324e-01
2.200000000000000178e+00,4.813295602798461914e-01
2.233333333333333393e+00,-7.346114516258239746e-01
2.266666666666666607e+00,-5.700302124023437500e-01
2.299999999999999822e+00,6.266149878501892090e-01
2.333333333333333481e+00,4.659730195999145508e-01
2.366666666666666696e+00,-7.031214237213134766e-01
2.399999999999999911e+00,-5.368897318840026855e-01
2.433333333333333126e+00,6.859830021858215332e-01
2.466666666666666785e+00,5.284443497657775879e-01
2.500000000000000000e+00,-6.392070651054382324e-01
2.533333333333333215e+00,-4.655000567436218262e-01
2.566666666666666430e+00,7.421225309371948242e-01
2.600000000000000089e+00,6.064313650131225586e-01
2.633333333333333304e+00,-5.893903970718383789e-01
2.666666666666666519e+00,-4.202601313591003418e-01
2.700000000000000178e+00,7.898283004760742188e-01
2.733333333333333393e+00,6.864474713802337646e-01
2.766666666666666607e+00,-5.136805772781372070e-01
2.799999999999999822e+00,-3.811843693256378174e-01
2.833333333333333481e+00,8.457715809345245361e-01
2.866666666666666696e+00,7.147143781185150146e-01
2.899999999999999911e+00,-4.959037899971008301e-01
2.933333333333333126e+00,-3.713844716548919678e-01
2.966666666666666785e+00,8.497068285942077637e-01
3.000000000000000000e+00,6.835860013961791992e-01
3.033333333333333215e+00,-5.266892910003662109e-01
3.066666666666666430e+00,-3.453987836837768555e-01
3.100000000000000089e+00,8.574973046779632568e-01
3.133333333333333304e+00,6.909267604351043701e-01
3.166666666666666519e+00,-4.876609146595001221e-01
3.200000000000000178e+00,-3.337651491165161133e-01
3.233333333333333393e+00,8.837574720382690430e-01
3.266666666666666607e+00,7.343499362468719482e-01
3.299999999999999822e+00,-4.653400182723999023e-01
3.333333333333333481e+00,-3.335304558277130127e-01
3.366666666666666696e+00,8.764828741550445557e-01
3.399999999999999911e+00,7.682617753744125366e-01
3.433333333333333126e+00,-4.401641339063644409e-01
3.466666666666666785e+00,-2.454480528831481934e-01
3.500000000000000000e+00,8.807674795389175415e-01
3.533333333333333215e+00,6.653852015733718872e-01
3.566666666666666430e+00,-5.515982955694198608e-01
3.600000000000000089e+00,-3.861983120441436768e-01
3.633333333333333304e+00,8.152846992015838623e-01
3.666666666666666519e+00,6.514183804392814636e-01
3.699999999999999734e+00,-5.643614754080772400e-01
3.733333333333333393e+00,-3.958055377006530762e-01
3.766666666666666607e+00,8.060746639966964722e-01
3.799999999999999822e+00,6.398844346404075623e-01
3.833333333333333481e+00,-5.495315417647361755e-01
3.866666666666666696e+00,-3.896769136190414429e-01
3.899999999999999911e+00,8.438336849212646484e-01
3.933333333333333126e+00,7.062129490077495575e-01
3.966666666666666785e+00,-4.482345096766948700e-01
4.000000000000000000e+00,-3.168997541069984436e-01
4.033333333333333215e+00,8.843503519892692566e-01
4.066666666666666430e+00,7.239839807152748108e-01
4.099999999999999645e+00,-5.145618505775928497e-01
4.133333333333332860e+00,-3.653776645660400391e-01
4.166666666666666963e+00,8.642195770516991615e-01
4.200000000000000178e+00,7.000670721754431725e-01
4.233333333333333393e+00,-4.925473965704441071e-01
4.266666666666666607e+00,-3.460025926324306056e-01
4.299999999999999822e+00,8.059492473694263026e-01
4.333333333333333037e+00,6.545275077223777771e-01
4.366666666666666252e+00,-5.659392289817333221e-01
4.400000000000000355e+00,-4.158523119986057281e-01
4.433333333333333570e+00,7.832481712102890015e-01
4.466666666666666785e+00,6.514079868793487549e-01
4.500000000000000000e+00,-5.027046427130699158e-01
4.533333333333333215e+00,-3.826410323381423950e-01
4.566666666666666430e+00,8.008703961968421936e-01
4.599999999999999645e+00,6.497863680124282837e-01
4.633333333333332860e+00,-5.516318231821060181e-01
4.666666666666666963e+00,-3.522339463233947754e-01
4.700000000000000178e+00,8.621685951948165894e-01
4.733333333333333393e+00,7.132939249277114868e-01
4.766666666666666607e+00,-5.036439746618270874e-01
4.799999999999999822e+00,-3.112240880727767944e-01
4.833333333333333037e+00,9.183982014656066895e-01
4.866666666666666252e+00,7.666410505771636963e-01
4.900000000000000355e+00,-4.406840354204177856e-01
4.933333333333333570e+00,-2.481219917535781860e-01
4.966666666666666785e+00,9.373703598976135254e-01
5.000000000000000000e+00,7.805469632148742676e-01
5.033333333333333215e+00,-3.909283876419067383e-01
5.066666666666666430e+00,-2.508231997489929199e-01
5.099999999999999645e+00,8.708609640598297119e-01
5.133333333333332860e+00,6.839279830455780029e-01
5.166666666666666963e+00,-5.291019380092620850e-01
5.200000000000000178e+00,-3.848053514957427979e-01
5.233333333333333393e+00,7.688391208648681641e-01
5.266666666666666607e+00,6.119924783706665039e-01
5.299999999999999822e+00,-5.811139941215515137e-01
5.333333333333333037e+00,-4.348187148571014404e-01
5.366666666666666252e+00,7.136052846908569336e-01
5.400000000000000355e+00,5.539485812187194824e-01
5.433333333333333570e+00,-6.560200452804565430e-01
5.466666666666666785e+00,-5.111378431320190430e-01
5.500000000000000000e+00,6.626307964324951172e-01
5.533333333333333215e+00,5.143636465072631836e-01
5.566666666666666430e+00,-7.116249203681945801e-01
5.599999999999999645e+00,-5.668026208877563477e-01
5.633333333333332860e+00,6.341654062271118164e-01
5.666666666666666963e+00,4.961733520030975342e-01
5.700000000000000178e+00,-6.610657274723052979e-01
5.733333333333333393e+00,-5.093836784362792969e-01
5.766666666666666607e+00,6.899003684520721436e-01
5.799999999999999822e+00,4.732771217823028564e-01
5.833333333333333037e+00,-7.160688936710357666e-01
5.866666666666666252e+00,-4.749508202075958252e-01
5.900000000000000355e+00,7.458266615867614746e-01
5.933333333333333570e+00,6.105557084083557129e-01
5.966666666666666785e+00,-6.237794458866119385e-01
6.000000000000000000e+00,-4.571101069450378418e-01
6.033333333333333215e+00,7.514074444770812988e-01
6.066666666666666430e+00,5.741992592811584473e-01
6.099999999999999645e+00,-6.189832091331481934e-01
6.133333333333332860e+00,-4.517769813537597656e-01
6.166666666666666963e+00,7.581934332847595215e-01
6.200000000000000178e+00,6.159237027168273926e-01
6.233333333333333393e+00,-5.644449591636657715e-01
6.266666666666666607e+00,-4.077994823455810547e-01
6.299999999999999822e+00,8.169816434383392334e-01
6.333333333333333037e+00,6.727959215641021729e-01
6.366666666666666252e+00,-4.727040231227874756e-01
6.400000000000000355e+00,-3.385148942470550537e-01
6.433333333333333570e+00,8.571079373359680176e-01
6.466666666666666785e+00,6.992974877357482910e-01
6.500000000000000000e+00,-5.232721567153930664e-01
6.533333333333333215e+00,-3.782102465629577637e-01
6.566666666666666430e+00,8.661916851997375488e-01
6.599999999999999645e+00,7.001861929893493652e-01
6.633333333333332860e+00,-5.501219630241394043e-01
6.666666666666666963e+00,-3.963723778724670410e-01
6.700000000000000178e+00,8.553287386894226074e-01
6.733333333333333393e+00,6.842905282974243164e-01
6.766666666666666607e+00,-5.425992608070373535e-01
6.799999999999999822e+00,-3.910142183303833008e-01
6.833333333333333037e+00,8.059251308441162109e-01
6.866666666666666252e+00,6.504687666893005371e-01
6.899999999999999467e+00,-5.179765820503234863e-01
6.933333333333333570e+00,-3.778848052024841309e-01
6.966666666666666785e+00,8.091911673545837402e-01
7.000000000000000000e+00,6.497177481651306152e-01
7.033333333333333215e+00,-5.389666557312011719e-01
7.066666666666666430e+00,-3.950840234756469727e-01
7.099999999999999645e+00,7.875233888626098633e-01
7.133333333333332860e+00,6.400510668754577637e-01
7.166666666666666963e+00,-5.407494306564331055e-01
7.200000000000000178e+00,-3.894102573394775391e-01
7.233333333333333393e+00,8.418238162994384766e-01
7.266666666666666607e+00,6.754079461097717285e-01
7.299999999999999822e+00,-5.412840843200683594e-01
7.333333333333333037e+00,-3.789979219436645508e-01
7.366666666666666252e+00,8.044731616973876953e-01
7.399999999999999467e+00,6.264683604240417480e-01
7.433333333333333570e+00,-6.518545746803283691e-01
7.466666666666666785e+00,-4.833492636680603027e-01
7.500000000000000000e+00,7.528638839721679688e-01
7.533333333333333215e+00,6.156322360038757324e-01
7.566666666666666430e+00,-6.052985787391662598e-01
7.599999999999999645e+00,-5.011859536170959473e-01
7.633333333333332860e+00,7.294115424156188965e-01
7.666666666666666963e+00,5.629357695579528809e-01
7.700000000000000178e+00,-6.927788257598876953e-01
7.733333333333333393e+00,-5.428996682167053223e-01
7.766666666666666607e+00,6.439107656478881836e-01
7.799999999999999822e+00,4.799571633338928223e-01
7.833333333333333037e+00,-7.467028498649597168e-01
7.866666666666666252e+00,-5.938661098480224609e-01
7.899999999999999467e+00,5.599656701087951660e-01
7.933333333333333570e+00,4.202440381050109863e-01
7.966666666666666785e+00,-7.899615168571472168e-01
8.000000000000000000e+00,-6.324407458305358887e-01
8.033333333333333215e+00,6.026333570480346680e-01
8.066666666666666430e+00,4.515445232391357422e-01
8.099999999999999645e+00,-8.023774623870849609e-01
8.133333333333332860e+00,-6.335082650184631348e-01
8.166666666666666075e+00,6.145209074020385742e-01
8.199999999999999289e+00,4.626131057739257812e-01
8.233333333333332504e+00,-7.566735148429870605e-01
8.266666666666665719e+00,-5.849102139472961426e-01
8.300000000000000711e+00,6.081622838973999023e-01
8.333333333333333925e+00,4.533997178077697754e-01
8.366666666666667140e+00,-7.193183898925781250e-01
8.400000000000000355e+00,-5.615186691284179688e-01
8.433333333333333570e+00,6.246623396873474121e-01
8.466666666666666785e+00,5.027693510055541992e-01
8.500000000000000000e+00,-6.701552867889404297e-01
8.533333333333333215e+00,-5.276772379875183105e-01
8.566666666666666430e+00,6.433671712875366211e-01
8.599999999999999645e+00,4.728269577026367188e-01
8.633333333333332860e+00,-7.427358627319335938e-01
8.666666666666666075e+00,-5.996909737586975098e-01
8.699999999999999289e+00,5.886885523796081543e-01
8.733333333333332504e+00,4.412439465522766113e-01
8.766666666666665719e+00,-7.826256752014160156e-01
8.800000000000000711e+00,-6.347894668579101562e-01
8.833333333333333925e+00,5.460718274116516113e-01
8.866666666666667140e+00,4.032960534095764160e-01
8.900000000000000355e+00,-8.212110400199890137e-01
8.933333333333333570e+00,-6.718334555625915527e-01
8.966666666666666785e+00,5.320787429809570312e-01
9.000000000000000000e+00,3.864920139312744141e-01
9.033333333333333215e+00,-8.316063880920410156e-01
9.066666666666666430e+00,-6.819525361061096191e-01
9.099999999999999645e+00,5.206570029258728027e-01
9.133333333333332860e+00,3.752169013023376465e-01
9.166666666666666075e+00,-8.426302671432495117e-01
9.199999999999999289e+00,-6.974422931671142578e-01
9.233333333333332504e+00,5.047711730003356934e-01
9.266666666666665719e+00,3.663897514343261719e-01
9.300000000000000711e+00,-7.996192574501037598e-01
9.333333333333333925e+00,-6.503266096115112305e-01
9.366666666666667140e+00,5.611020326614379883e-01
9.400000000000000355e+00,3.805688023567199707e-01
9.433333333333333570e+00,-7.907938957214355469e-01
9.466666666666666785e+00,-5.709122121334075928e-01
9.500000000000000000e+00,6.269721686840057373e-01
9.533333333333333215e+00,4.987236857414245605e-01
9.566666666666666430e+00,-6.883008778095245361e-01
9.599999999999999645e+00,-5.219730734825134277e-01
9.633333333333332860e+00,6.708620488643646240e-01
9.666666666666666075e+00,4.613497853279113770e-01
9.699999999999999289e+00,-7.443058490753173828e-01
9.733333333333332504e+00,-5.892232060432434082e-01
9.766666666666665719e+00,6.135472655296325684e-01
9.800000000000000711e+00,4.173995554447174072e-01
9.833333333333333925e+00,-7.985910773277282715e-01
9.866666666666667140e+00,-6.510020792484283447e-01
9.900000000000000355e+00,5.500178039073944092e-01
9.933333333333333570e+00,3.567405045032501221e-01
9.966666666666666785e+00,-8.608974516391754150e-01
1.000000000000000000e+01,-7.255956530570983887e-01
1.003333333333333321e+01,4.774434864521026611e-01
1.006666666666666643e+01,2.979348599910736084e-01
1.009999999999999964e+01,-9.216463565826416016e-01
1.013333333333333286e+01,-8.009652793407440186e-01
1.016666666666666607e+01,4.041981697082519531e-01
1.019999999999999929e+01,2.407854795455932617e-01
1.023333333333333250e+01,-9.311521053314208984e-01
1.026666666666666572e+01,-7.890929281711578369e-01
1.030000000000000071e+01,4.180330038070678711e-01
1.033333333333333393e+01,2.731762826442718506e-01
1.036666666666666714e+01,-8.905562013387680054e-01
1.040000000000000036e+01,-7.603012025356292725e-01
1.043333333333333357e+01,3.798419237136840820e-01
1.046666666666666679e+01,2.097786962985992432e-01
1.050000000000000000e+01,-9.132595360279083252e-01
1.053333333333333321e+01,-6.489557772874832153e-01
1.056666666666666643e+01,5.740264803171157837e-01
1.059999999999999964e+01,4.245324432849884033e-01
1.063333333333333286e+01,-7.740768045186996460e-01
1.066666666666666607e+01,-6.881923042237758636e-01
1.069999999999999929e+01,4.813124053180217743e-01
1.073333333333333250e+01,3.347070515155792236e-01
1.076666666666666572e+01,-9.084279276430606842e-01
1.080000000000000071e+01,-7.584020378999412060e-01
1.083333333333333393e+01,4.511639080010354519e-01
1.086666666666666714e+01,2.781394030898809433e-01
1.090000000000000036e+01,-9.452364267781376839e-01
1.093333333333333357e+01,-7.911899825558066368e-01
1.096666666666666679e+01,4.246816411614418030e-01
1.100000000000000000e+01,2.749203611165285110e-01
1.103333333333333321e+01,-9.208289254456758499e-01
1.106666666666666643e+01,-7.831444591283798218e-01
1.109999999999999964e+01,4.362113401293754578e-01
1.113333333333333286e+01,3.021303936839103699e-01
1.116666666666666607e+01,-9.023941308259963989e-01
1.119999999999999929e+01,-7.766468077898025513e-01
1.123333333333333250e+01,4.445081949234008789e-01
1.126666666666666572e+01,3.263870626688003540e-01
1.130000000000000071e+01,-8.831226825714111328e-01
1.133333333333333393e+01,-7.616584002971649170e-01
1.136666666666666714e+01,4.624555259943008423e-01
1.140000000000000036e+01,3.112189471721649170e-01
1.143333333333333357e+01,-8.970100432634353638e-01
1.146666666666666679e+01,-7.287360727787017822e-01
1.150000000000000000e+01,4.846081137657165527e-01
1.153333333333333321e+01,2.817486226558685303e-01
1.156666666666666643e+01,-9.223231673240661621e-01
1.159999999999999964e+01,-7.001137733459472656e-01
1.163333333333333286e+01,5.203364789485931396e-01
1.166666666666666607e+01,3.683879971504211426e-01
1.169999999999999929e+01,-8.254319429397583008e-01
1.173333333333333250e+01,-6.166304647922515869e-01
1.176666666666666572e+01,5.946904420852661133e-01
1.180000000000000071e+01,4.390177130699157715e-01
1.183333333333333393e+01,-7.545576989650726318e-01
1.186666666666666714e+01,-5.503553152084350586e-01
1.190000000000000036e+01,6.601631641387939453e-01
1.193333333333333357e+01,5.142022669315338135e-01
1.196666666666666679e+01,-6.814903020858764648e-01
1.200000000000000000e+01,-4.976217448711395264e-01
1.203333333333333321e+01,7.152016460895538330e-01
1.206666666666666643e+01,5.974973738193511963e-01
1.209999999999999964e+01,-6.017862260341644287e-01
1.213333333333333286e+01,-4.490375518798828125e-01
1.216666666666666607e+01,7.681341469287872314e-01
1.219999999999999929e+01,6.822936236858367920e-01
1.223333333333333250e+01,-4.937736690044403076e-01
1.226666666666666572e+01,-3.448878228664398193e-01
1.230000000000000071e+01,8.106324076652526855e-01
1.233333333333333393e+01,6.199729442596435547e-01
1.236666666666666714e+01,-5.919425189495086670e-01
1.240000000000000036e+01,-4.179386794567108154e-01
1.243333333333333357e+01,7.797552645206451416e-01
1.246666666666666679e+01,6.382365524768829346e-01
1.250000000000000000e+01,-5.651468038558959961e-01
1.253333333333333321e+01,-4.599273204803466797e-01
1.256666666666666643e+01,7.386557757854461670e-01
1.259999999999999964e+01,5.465137213468551636e-01
1.263333333333333286e+01,-6.440853327512741089e-01
1.266666666666666607e+01,-4.874172806739807129e-01
1.269999999999999929e+01,7.336333394050598145e-01
1.273333333333333250e+01,6.149567663669586182e-01
1.276666666666666572e+01,-6.108663976192474365e-01
1.280000000000000071e+01,-4.193830490112304688e-01
1.283333333333333393e+01,8.145996183156967163e-01
1.286666666666666714e+01,6.393890082836151123e-01
1.290000000000000036e+01,-5.396857112646102905e-01
1.293333333333333357e+01,-3.735481202602386475e-01
1.296666666666666679e+01,8.342438936233520508e-01
1.300000000000000000e+01,6.442862749099731445e-01
1.303333333333333321e+01,-5.488756299018859863e-01
1.306666666666666643e+01,-3.791199624538421631e-01
1.309999999999999964e+01,7.938712835311889648e-01
1.313333333333333286e+01,6.321975588798522949e-01
1.316666666666666607e+01,-5.657368898391723633e-01
1.319999999999999929e+01,-4.065513610839843750e-01
1.323333333333333250e+01,7.957161962985992432e-01
1.326666666666666572e+01,6.399645656347274780e-01
1.329999999999999893e+01,-5.230766907334327698e-01
1.333333333333333393e+01,-3.779924288392066956e-01
1.336666666666666714e+01,7.606769353151321411e-01
1.340000000000000036e+01,5.981927365064620972e-01
1.343333333333333357e+01,-6.428480520844459534e-01
1.346666666666666679e+01,-5.021447315812110901e-01
1.350000000000000000e+01,7.196465134620666504e-01
1.353333333333333321e+01,5.918168462812900543e-01
1.356666666666666643e+01,-6.602291576564311981e-01
1.359999999999999964e+01,-5.350665003061294556e-01
1.363333333333333286e+01,6.726069375872612000e-01
1.366666666666666607e+01,5.379876494407653809e-01
1.369999999999999929e+01,-6.351877748966217041e-01
1.373333333333333250e+01,-4.909621551632881165e-01
1.376666666666666572e+01,7.384615391492843628e-01
1.379999999999999893e+01,5.505686067044734955e-01
1.383333333333333393e+01,-6.514745391905307770e-01
1.386666666666666714e+01,-4.598460718989372253e-01
1.390000000000000036e+01,7.459111511707305908e-01
1.393333333333333357e+01,5.807086173444986343e-01
1.396666666666666679e+01,-6.389674264937639236e-01
1.400000000000000000e+01,-4.765512049198150635e-01
1.403333333333333321e+01,6.600364856421947479e-01
1.406666666666666643e+01,5.076671065762639046e-01
1.409999999999999964e+01,-6.665634037926793098e-01
1.413333333333333286e+01,-5.129999108612537384e-01
1.416666666666666607e+01,6.623229570686817169e-01
1.419999999999999929e+01,5.143567733466625214e-01
1.423333333333333250e+01,-6.670943275094032288e-01
1.426666666666666572e+01,-5.098234489560127258e-01
1.429999999999999893e+01,6.733901984989643097e-01
1.433333333333333393e+01,5.296876793727278709e-01
1.436666666666666714e+01,-6.526949582621455193e-01
1.440000000000000036e+01,-4.911648854613304138e-01
1.443333333333333357e+01,7.546277157962322235e-01
1.446666666666666679e+01,6.010862253606319427e-01
1.450000000000000000e+01,-5.849583260715007782e-01
1.453333333333333321e+01,-4.285234026610851288e-01
1.456666666666666643e+01,8.228289429098367691e-01
1.459999999999999964e+01,6.543758232146501541e-01
1.463333333333333286e+01,-5.874304950702935457e-01
1.466666666666666607e+01,-4.192879318725317717e-01
1.469999999999999929e+01,7.899522688239812851e-01
1.473333333333333250e+01,6.652705650776624680e-01
1.476666666666666572e+01,-5.281467363238334656e-01
1.479999999999999893e+01,-3.610244393348693848e-01
1.483333333333333393e+01,8.507589250802993774e-01
1.486666666666666714e+01,7.389604300260543823e-01
1.490000000000000036e+01,-4.673848673701286316e-01
1.493333333333333357e+01,-3.017420321702957153e-01
1.496666666666666679e+01,8.820998668670654297e-01
1.500000000000000000e+01,7.371279224753379822e-01
1.503333333333333321e+01,-4.204858839511871338e-01
1.506666666666666643e+01,-2.709280326962471008e-01
1.509999999999999964e+01,9.610174968838691711e-01
1.513333333333333286e+01,8.134592324495315552e-01
1.516666666666666607e+01,-3.863630443811416626e-01
1.519999999999999929e+01,-2.193541824817657471e-01
1.523333333333333250e+01,9.015865623950958252e-01
1.526666666666666572e+01,6.384555995464324951e-01
1.529999999999999893e+01,-5.691312253475189209e-01
1.533333333333333393e+01,-3.959577530622482300e-01
1.536666666666666714e+01,8.492917567491531372e-01
1.540000000000000036e+01,6.890532374382019043e-01
1.543333333333333357e+01,-4.958581924438476562e-01
1.546666666666666679e+01,-3.359377384185791016e-01
1.550000000000000000e+01,8.890682458877563477e-01
1.553333333333333321e+01,7.098202407360076904e-01
1.556666666666666643e+01,-5.296021699905395508e-01
1.559999999999999964e+01,-3.489509224891662598e-01
1.563333333333333286e+01,8.667030930519104004e-01
1.566666666666666607e+01,6.958959996700286865e-01
1.569999999999999929e+01,-4.940557479858398438e-01
1.573333333333333250e+01,-3.544633090496063232e-01
1.576666666666666572e+01,8.612877130508422852e-01
1.579999999999999893e+01,7.543887197971343994e-01
1.583333333333333393e+01,-4.528212547302246094e-01
1.586666666666666714e+01,-3.010301291942596436e-01
1.590000000000000036e+01,9.195224940776824951e-01
1.593333333333333357e+01,8.389833569526672363e-01
1.596666666666666679e+01,-3.948193788528442383e-01
1.600000000000000000e+01,-2.491879463195800781e-01
1.603333333333333144e+01,9.163463115692138672e-01
1.606666666666666643e+01,6.748026609420776367e-01
1.610000000000000142e+01,-5.437937378883361816e-01
1.613333333333333286e+01,-4.176074266433715820e-01
1.616666666666666785e+01,7.871246337890625000e-01
1.619999999999999929e+01,6.189599633216857910e-01
1.623333333333333428e+01,-6.051367521286010742e-01
1.626666666666666572e+01,-4.813939332962036133e-01
1.630000000000000071e+01,7.227811217308044434e-01
1.633333333333333215e+01,5.357605218887329102e-01
1.636666666666666714e+01,-6.863039731979370117e-01
1.639999999999999858e+01,-5.445796251296997070e-01
1.643333333333333357e+01,6.534773111343383789e-01
1.646666666666666501e+01,4.512146115303039551e-01
1.650000000000000000e+01,-7.631662487983703613e-01
1.653333333333333144e+01,-6.088462471961975098e-01
1.656666666666666643e+01,5.847850441932678223e-01
1.660000000000000142e+01,3.680151700973510742e-01
1.663333333333333286e+01,-8.329886198043823242e-01
1.666666666666666785e+01,-6.714275479316711426e-01
1.669999999999999929e+01,5.222851037979125977e-01
1.673333333333333428e+01,3.711864352226257324e-01
1.676666666666666572e+01,-8.473885059356689453e-01
1.680000000000000071e+01,-7.248795032501220703e-01
1.683333333333333215e+01,4.779875278472900391e-01
1.686666666666666714e+01,3.517806529998779297e-01
1.689999999999999858e+01,-8.708775043487548828e-01
1.693333333333333357e+01,-7.247556746006011963e-01
1.696666666666666501e+01,4.820483922958374023e-01
1.700000000000000000e+01,3.272697329521179199e-01
1.703333333333333144e+01,-8.883002400398254395e-01
1.706666666666666643e+01,-7.106065750122070312e-01
1.710000000000000142e+01,4.933615028858184814e-01
1.713333333333333286e+01,3.128671646118164062e-01
1.716666666666666785e+01,-9.016777575016021729e-01
1.719999999999999929e+01,-7.371993362903594971e-01
1.723333333333333428e+01,5.183681845664978027e-01
1.726666666666666572e+01,3.581951558589935303e-01
1.730000000000000071e+01,-8.224998414516448975e-01
1.733333333333333215e+01,-6.444369256496429443e-01
1.736666666666666714e+01,5.650766193866729736e-01
1.739999999999999858e+01,4.283335804939270020e-01
1.743333333333333357e+01,-7.896830141544342041e-01
1.746666666666666501e+01,-6.212157011032104492e-01
1.750000000000000000e+01,6.008107960224151611e-01
1.753333333333333144e+01,4.590006172657012939e-01
1.756666666666666643e+01,-7.787485420703887939e-01
1.760000000000000142e+01,-5.978793650865554810e-01
1.763333333333333286e+01,6.265839189291000366e-01
1.766666666666666785e+01,4.784376919269561768e-01
1.769999999999999929e+01,-7.137241959571838379e-01
1.773333333333333428e+01,-5.541392415761947632e-01
1.776666666666666572e+01,6.494408100843429565e-01
1.780000000000000071e+01,4.743084311485290527e-01
1.783333333333333215e+01,-7.215372473001480103e-01
1.786666666666666714e+01,-6.071852892637252808e-01
1.789999999999999858e+01,5.870904028415679932e-01
1.793333333333333357e+01,4.326009750366210938e-01
1.796666666666666501e+01,-7.462522387504577637e-01
1.800000000000000000e+01,-5.998114496469497681e-01
1.803333333333333144e+01,6.093607842922210693e-01
1.806666666666666643e+01,4.417354613542556763e-01
1.810000000000000142e+01,-7.799586653709411621e-01
1.813333333333333286e+01,-6.345608085393905640e-01
1.816666666666666785e+01,5.987553298473358154e-01
1.819999999999999929e+01,4.353918135166168213e-01
1.823333333333333428e+01,-7.949850708246231079e-01
1.826666666666666572e+01,-6.446568667888641357e-01
1.830000000000000071e+01,5.883738398551940918e-01
1.833333333333333215e+01,4.227337986230850220e-01
1.836666666666666714e+01,-7.976451516151428223e-01
1.839999999999999858e+01,-6.563423573970794678e-01
1.843333333333333357e+01,5.387679487466812134e-01
1.846666666666666501e+01,3.785057365894317627e-01
1.850000000000000000e+01,-7.974372804164886475e-01
1.853333333333333144e+01,-6.358619034290313721e-01
1.856666666666666643e+01,5.679903924465179443e-01
1.860000000000000142e+01,4.114803671836853027e-01
1.863333333333333286e+01,-7.849895954132080078e-01
1.866666666666666785e+01,-6.379737518727779388e-01
1.869999999999999929e+01,5.597384087741374969e-01
1.873333333333333428e+01,4.004655405879020691e-01
1.876666666666666572e+01,-7.824786007404327393e-01
1.880000000000000071e+01,-6.024822592735290527e-01
1.883333333333333215e+01,5.581057257950305939e-01
1.886666666666666714e+01,3.886692412197589874e-01
1.889999999999999858e+01,-8.533244859427213669e-01
1.893333333333333357e+01,-6.965260673314332962e-01
1.896666666666666501e+01,5.253030778840184212e-01
1.900000000000000000e+01,3.764648688957095146e-01
1.903333333333333144e+01,-8.138321712613105774e-01
1.906666666666666643e+01,-6.558614596724510193e-01
1.910000000000000142e+01,6.217458564788103104e-01
1.913333333333333286e+01,4.608233878389000893e-01
1.916666666666666785e+01,-7.660478493198752403e-01
1.919999999999999929e+01,-6.179898418486118317e-01
1.923333333333333428e+01,6.246007047593593597e-01
1.926666666666666572e+01,4.579793103039264679e-01
1.930000000000000071e+01,-7.774435356259346008e-01
1.933333333333333215e+01,-6.268312409520149231e-01
1.936666666666666714e+01,6.003115698695182800e-01
1.939999999999999858e+01,4.389438964426517487e-01
1.943333333333333357e+01,-7.737437076866626740e-01
1.946666666666666501e+01,-6.295240670442581177e-01
1.950000000000000000e+01,5.492151528596878052e-01
1.953333333333333144e+01,3.906570374965667725e-01
1.956666666666666643e+01,-7.809133082628250122e-01
1.960000000000000142e+01,-5.626118928194046021e-01
1.963333333333333286e+01,6.368530914187431335e-01
1.966666666666666785e+01,4.814261198043823242e-01
1.969999999999999929e+01,-7.114352658390998840e-01
1.973333333333333428e+01,-5.301158130168914795e-01
1.976666666666666572e+01,6.807161495089530945e-01
1.980000000000000071e+01,5.531838163733482361e-01
1.983333333333333215e+01,-6.472764909267425537e-01
1.986666666666666714e+01,-4.782371968030929565e-01
1.989999999999999858e+01,7.429184764623641968e-01
1.993333333333333357e+01,6.420935690402984619e-01
1.996666666666666501e+01,-5.610788986086845398e-01
2.000000000000000000e+01,-4.199254140257835388e-01
2.003333333333333144e+01,8.037859573960304260e-01
2.006666666666666643e+01,7.318034302443265915e-01
2.010000000000000142e+01,-5.038725491613149643e-01
2.013333333333333286e+01,-3.619834408164024353e-01
2.016666666666666785e+01,8.520209603011608124e-01
2.019999999999999929e+01,6.483111809939146042e-01
2.023333333333333428e+01,-5.674118734896183014e-01
2.026666666666666572e+01,-4.350001830607652664e-01
2.030000000000000071e+01,7.648926833644509315e-01
2.033333333333333215e+01,5.980479111894965172e-01
2.036666666666666714e+01,-6.225136667490005493e-01
2.039999999999999858e+01,-5.018084496259689331e-01
2.043333333333333357e+01,7.054052408784627914e-01
2.046666666666666501e+01,5.229700449854135513e-01
2.050000000000000000e+01,-6.979308009613305330e-01
2.053333333333333144e+01,-5.542208708357065916e-01
2.056666666666666643e+01,6.434840674046427011e-01
2.060000000000000142e+01,4.405917262192815542e-01
2.063333333333333286e+01,-7.702259905636310577e-01
2.066666666666666785e+01,-6.112583912909030914e-01
2.069999999999999929e+01,5.802697408944368362e-01
2.073333333333333428e+01,3.579145856201648712e-01
2.076666666666666572e+01,-8.324433770030736923e-01
2.080000000000000071e+01,-6.608659029006958008e-01
2.083333333333333215e+01,5.416745692491531372e-01
2.086666666666666714e+01,3.830193914473056793e-01
2.089999999999999858e+01,-8.523063920438289642e-01
2.093333333333333357e+01,-7.040703669190406799e-01
2.096666666666666501e+01,4.571705684065818787e-01
2.100000000000000000e+01,3.009042888879776001e-01
2.103333333333333144e+01,-8.913636580109596252e-01
2.106666666666666643e+01,-7.619364559650421143e-01
2.110000000000000142e+01,3.755456954240798950e-01
2.113333333333333286e+01,2.400092035531997681e-01
2.116666666666666785e+01,-8.516626060009002686e-01
2.119999999999999929e+01,-6.389439851045608521e-01
2.123333333333333428e+01,5.595222115516662598e-01
2.126666666666666572e+01,4.032117873430252075e-01
2.130000000000000071e+01,-8.720838278532028198e-01
2.133333333333333215e+01,-7.265518605709075928e-01
2.136666666666666714e+01,5.076733231544494629e-01
2.139999999999999858e+01,3.357267379760742188e-01
2.143333333333333357e+01,-9.295830130577087402e-01
2.146666666666666501e+01,-7.629378139972686768e-01
2.150000000000000000e+01,4.212673008441925049e-01
2.153333333333333144e+01,2.726715803146362305e-01
2.156666666666666643e+01,-9.412211179733276367e-01
2.160000000000000142e+01,-7.738418877124786377e-01
2.163333333333333286e+01,4.297341406345367432e-01
2.166666666666666785e+01,2.860289812088012695e-01
2.169999999999999929e+01,-8.898796141147613525e-01
2.173333333333333428e+01,-7.389955222606658936e-01
2.176666666666666572e+01,4.904901981353759766e-01
2.180000000000000071e+01,3.281579911708831787e-01
2.183333333333333215e+01,-8.464269340038299561e-01
2.186666666666666714e+01,-6.827169656753540039e-01
2.189999999999999858e+01,5.415232479572296143e-01
2.193333333333333357e+01,3.973996639251708984e-01
2.196666666666666501e+01,-7.970036566257476807e-01
2.200000000000000000e+01,-6.731817126274108887e-01
2.203333333333333144e+01,5.487772822380065918e-01
2.206666666666666643e+01,4.359322786331176758e-01
2.210000000000000142e+01,-7.792291045188903809e-01
2.213333333333333286e+01,-6.681418418884277344e-01
2.216666666666666785e+01,5.473530292510986328e-01
2.219999999999999929e+01,4.029580950736999512e-01
2.223333333333333428e+01,-8.008182048797607422e-01
2.226666666666666572e+01,-6.249949336051940918e-01
2.230000000000000071e+01,5.898132920265197754e-01
2.233333333333333215e+01,4.227849841117858887e-01
2.236666666666666714e+01,-7.820436358451843262e-01
2.239999999999999858e+01,-6.313142180442810059e-01
2.243333333333333357e+01,6.023445725440979004e-01
2.246666666666666501e+01,4.756522178649902344e-01
2.250000000000000000e+01,-7.401207089424133301e-01
2.253333333333333144e+01,-5.755707621574401855e-01
2.256666666666666643e+01,6.283324956893920898e-01
2.260000000000000142e+01,4.959180951118469238e-01
2.263333333333333286e+01,-7.241830229759216309e-01
2.266666666666666785e+01,-5.559065937995910645e-01
2.269999999999999929e+01,6.709706783294677734e-01
2.273333333333333428e+01,5.227035284042358398e-01
2.276666666666666572e+01,-7.111108303070068359e-01
2.280000000000000071e+01,-5.468541383743286133e-01
2.283333333333333215e+01,6.779587268829345703e-01
2.286666666666666714e+01,5.271175503730773926e-01
2.289999999999999858e+01,-6.867679953575134277e-01
2.293333333333333357e+01,-5.230361223220825195e-01
2.296666666666666501e+01,6.618377566337585449e-01
2.300000000000000000e+01,5.139979720115661621e-01
2.303333333333333144e+01,-6.322091817855834961e-01
2.306666666666666643e+01,-4.748028516769409180e-01
2.310000000000000142e+01,7.550463080406188965e-01
2.313333333333333286e+01,6.104564666748046875e-01
2.316666666666666785e+01,-5.805256962776184082e-01
2.319999999999999929e+01,-4.082849621772766113e-01
2.323333333333333428e+01,8.476173877716064453e-01
2.326666666666666572e+01,6.928074359893798828e-01
2.330000000000000071e+01,-5.102187395095825195e-01
2.333333333333333215e+01,-3.805187344551086426e-01
2.336666666666666714e+01,8.460286259651184082e-01
2.339999999999999858e+01,7.074952125549316406e-01
2.343333333333333357e+01,-4.986360669136047363e-01
2.346666666666666501e+01,-3.520524501800537109e-01
2.350000000000000000e+01,8.685609698295593262e-01
2.353333333333333144e+01,7.093499600887298584e-01
2.356666666666666643e+01,-4.942931234836578369e-01
2.360000000000000142e+01,-3.305768966674804688e-01
2.363333333333333286e+01,8.857181668281555176e-01
2.366666666666666785e+01,7.075457274913787842e-01
2.369999999999999929e+01,-4.937866330146789551e-01
2.373333333333333428e+01,-3.143464028835296631e-01
2.376666666666666572e+01,8.957491815090179443e-01
2.380000000000000071e+01,7.068456709384918213e-01
2.383333333333333215e+01,-4.888316988945007324e-01
2.386666666666666714e+01,-3.112784028053283691e-01
2.389999999999999858e+01,8.880883455276489258e-01
2.393333333333333357e+01,7.270601391792297363e-01
2.396666666666666501e+01,-5.028453469276428223e-01
2.400000000000000000e+01,-3.501820564270019531e-01
2.403333333333333144e+01,8.033533394336700439e-01
2.406666666666666643e+01,6.459823250770568848e-01
2.410000000000000142e+01,-5.426310002803802490e-01
2.413333333333333286e+01,-4.065527021884918213e-01
2.416666666666666785e+01,7.594223320484161377e-01
2.419999999999999929e+01,6.133255362510681152e-01
2.423333333333333428e+01,-6.165052950382232666e-01
2.426666666666666572e+01,-4.798914492130279541e-01
2.430000000000000071e+01,7.295688986778259277e-01
2.433333333333333215e+01,6.118749082088470459e-01
2.436666666666666714e+01,-6.185804307460784912e-01
2.439999999999999858e+01,-4.861414432525634766e-01
2.443333333333333357e+01,7.505913823843002319e-01
2.446666666666666501e+01,5.886024981737136841e-01
2.450000000000000000e+01,-5.945100635290145874e-01
2.453333333333333144e+01,-4.482572525739669800e-01
2.456666666666666643e+01,7.714106887578964233e-01
2.460000000000000142e+01,6.182194501161575317e-01
2.463333333333333286e+01,-5.844786018133163452e-01
2.466666666666666785e+01,-4.300349950790405273e-01
2.469999999999999929e+01,7.873745262622833252e-01
2.473333333333333428e+01,6.263159215450286865e-01
2.476666666666666572e+01,-5.750238150358200073e-01
2.480000000000000071e+01,-4.142425954341888428e-01
2.483333333333333215e+01,8.006092160940170288e-01
2.486666666666666714e+01,6.495621800422668457e-01
2.489999999999999858e+01,-5.452939867973327637e-01
2.493333333333333357e+01,-3.979021310806274414e-01
2.496666666666666501e+01,8.224309980869293213e-01
2.500000000000000000e+01,6.675675138831138611e-01
2.503333333333333144e+01,-5.361432954668998718e-01
2.506666666666666643e+01,-3.788892924785614014e-01
2.510000000000000142e+01,8.401089906692504883e-01
2.513333333333333286e+01,6.726674549281597137e-01
2.516666666666666785e+01,-5.294636450707912445e-01
2.519999999999999929e+01,-3.620063513517379761e-01
2.523333333333333428e+01,8.536041900515556335e-01
2.526666666666666572e+01,6.790040410123765469e-01
2.530000000000000071e+01,-5.207035294733941555e-01
2.533333333333333215e+01,-3.480475768446922302e-01
2.536666666666666714e+01,8.693312387913465500e-01
2.539999999999999858e+01,7.089022267609834671e-01
2.543333333333333357e+01,-4.870667355135083199e-01
2.546666666666666501e+01,-3.344247210770845413e-01
2.550000000000000000e+01,8.258542930707335472e-01
2.553333333333333144e+01,6.664714962244033813e-01
2.556666666666666643e+01,-5.246540531516075134e-01
2.560000000000000142e+01,-3.897552844136953354e-01
2.563333333333333286e+01,7.252799626439809799e-01
2.566666666666666785e+01,5.994257703423500061e-01
2.569999999999999929e+01,-5.691644176840782166e-01
2.573333333333333428e+01,-4.138991609215736389e-01
2.576666666666666572e+01,7.974186167120933533e-01
2.580000000000000071e+01,6.563423573970794678e-01
2.583333333333333215e+01,-5.831062048673629761e-01
2.586666666666666714e+01,-4.696893319487571716e-01
2.589999999999999858e+01,7.631996646523475647e-01
2.593333333333333357e+01,6.298508495092391968e-01
2.596666666666666501e+01,-5.994670093059539795e-01
2.600000000000000000e+01,-5.131341889500617981e-01
2.603333333333333144e+01,6.958871707320213318e-01
2.606666666666666643e+01,5.482893437147140503e-01
2.609999999999999787e+01,-6.797508895397186279e-01
2.613333333333333286e+01,-5.702879279851913452e-01
2.616666666666666785e+01,6.396308541297912598e-01
2.619999999999999929e+01,4.600460082292556763e-01
2.623333333333333428e+01,-7.604848220944404602e-01
2.626666666666666572e+01,-6.198505684733390808e-01
2.630000000000000071e+01,5.733739212155342102e-01
2.633333333333333215e+01,3.647210821509361267e-01
2.636666666666666714e+01,-8.480990678071975708e-01
2.639999999999999858e+01,-6.846968829631805420e-01
2.643333333333333357e+01,5.047037824988365173e-01
2.646666666666666501e+01,2.721614018082618713e-01
2.650000000000000000e+01,-9.276926424354314804e-01
2.653333333333333144e+01,-7.443347387015819550e-01
2.656666666666666643e+01,4.495022376067936420e-01
2.659999999999999787e+01,2.711290935985743999e-01
2.663333333333333286e+01,-9.491744544357061386e-01
2.666666666666666785e+01,-8.378391712903976440e-01
2.669999999999999929e+01,3.686863929033279419e-01
2.673333333333333428e+01,2.278613112866878510e-01
2.676666666666666572e+01,-8.632236532866954803e-01
2.680000000000000071e+01,-6.734627857804298401e-01
2.683333333333333215e+01,5.161630734801292419e-01
2.686666666666666714e+01,3.580603748559951782e-01
2.689999999999999858e+01,-8.530679717659950256e-01
2.693333333333333357e+01,-7.099237293004989624e-01
2.696666666666666501e+01,5.151725560426712036e-01
2.700000000000000000e+01,3.666550666093826294e-01
2.703333333333333144e+01,-8.555149286985397339e-01
2.706666666666666643e+01,-7.050376385450363159e-01
2.709999999999999787e+01,5.253247171640396118e-01
2.713333333333333286e+01,3.549825400114059448e-01
2.716666666666666785e+01,-8.643675595521926880e-01
2.719999999999999929e+01,-6.590002030134201050e-01
2.723333333333333428e+01,5.463105440139770508e-01
2.726666666666666572e+01,3.860422968864440918e-01
2.730000000000000071e+01,-8.574257791042327881e-01
2.733333333333333215e+01,-6.818787753582000732e-01
2.736666666666666714e+01,5.490678548812866211e-01
2.739999999999999858e+01,3.536760807037353516e-01
2.743333333333333357e+01,-8.545276522636413574e-01
2.746666666666666501e+01,-7.004915177822113037e-01
2.750000000000000000e+01,5.464893579483032227e-01
2.753333333333333144e+01,3.750376403331756592e-01
2.756666666666666643e+01,-8.604714274406433105e-01
2.759999999999999787e+01,-6.840518116950988770e-01
2.763333333333333286e+01,5.307152867317199707e-01
2.766666666666666785e+01,3.884290158748626709e-01
2.769999999999999929e+01,-8.057606220245361328e-01
2.773333333333333428e+01,-5.833478271961212158e-01
2.776666666666666572e+01,6.040817499160766602e-01
2.780000000000000071e+01,4.342228174209594727e-01
2.783333333333333215e+01,-7.295487821102142334e-01
2.786666666666666714e+01,-5.999346077442169189e-01
2.789999999999999858e+01,5.897364020347595215e-01
2.793333333333333357e+01,4.594056308269500732e-01
2.796666666666666501e+01,-7.480140030384063721e-01
2.800000000000000000e+01,-5.830742418766021729e-01
2.803333333333333144e+01,6.386911869049072266e-01
2.806666666666666643e+01,5.434168875217437744e-01
2.809999999999999787e+01,-6.849221885204315186e-01
2.813333333333333286e+01,-5.228474736213684082e-01
2.816666666666666785e+01,6.854130327701568604e-01
2.819999999999999929e+01,4.853099584579467773e-01
2.823333333333333428e+01,-7.298576831817626953e-01
2.826666666666666572e+01,-5.743597447872161865e-01
2.830000000000000071e+01,6.271947920322418213e-01
2.833333333333333215e+01,4.011780023574829102e-01
2.836666666666666714e+01,-7.931609451770782471e-01
2.839999999999999858e+01,-6.327491998672485352e-01
2.843333333333333357e+01,5.809137225151062012e-01
2.846666666666666501e+01,4.638464748859405518e-01
2.850000000000000000e+01,-7.416893541812896729e-01
2.853333333333333144e+01,-5.714920163154602051e-01
2.856666666666666643e+01,6.499707698822021484e-01
2.859999999999999787e+01,5.430100858211517334e-01
2.863333333333333286e+01,-6.602226197719573975e-01
2.866666666666666785e+01,-5.078691244125366211e-01
2.869999999999999929e+01,7.152619957923889160e-01
2.873333333333333428e+01,6.272001564502716064e-01
2.876666666666666572e+01,-5.977861583232879639e-01
2.880000000000000071e+01,-4.452556371688842773e-01
2.883333333333333215e+01,7.608957588672637939e-01
2.886666666666666714e+01,5.984097719192504883e-01
2.889999999999999858e+01,-6.175267696380615234e-01
2.893333333333333357e+01,-4.363815486431121826e-01
2.896666666666666501e+01,7.618162035942077637e-01
2.900000000000000000e+01,5.709640681743621826e-01
2.903333333333333144e+01,-6.451249122619628906e-01
2.906666666666666643e+01,-4.584449529647827148e-01
2.909999999999999787e+01,7.474699616432189941e-01
2.913333333333333286e+01,6.016078591346740723e-01
2.916666666666666785e+01,-6.109035015106201172e-01
2.919999999999999929e+01,-4.788672924041748047e-01
2.923333333333333428e+01,7.125511765480041504e-01
2.926666666666666572e+01,5.453766882419586182e-01
2.930000000000000071e+01,-5.964642763137817383e-01
2.933333333333333215e+01,-4.006581008434295654e-01
2.936666666666666714e+01,8.066515624523162842e-01
2.939999999999999858e+01,6.401538848876953125e-01
2.943333333333333357e+01,-5.701951682567596436e-01
2.946666666666666501e+01,-4.397767782211303711e-01
2.950000000000000000e+01,7.837083935737609863e-01
2.953333333333333144e+01,6.243248283863067627e-01
2.956666666666666643e+01,-5.801890790462493896e-01
2.959999999999999787e+01,-3.999254107475280762e-01
2.963333333333333286e+01,8.176276087760925293e-01
2.966666666666666785e+01,6.885668635368347168e-01
2.969999999999999929e+01,-5.182541906833648682e-01
2.973333333333333428e+01,-3.269782662391662598e-01
2.976666666666666572e+01,8.886440098285675049e-01
2.980000000000000071e+01,7.475629448890686035e-01
2.983333333333333215e+01,-4.522432386875152588e-01
2.986666666666666714e+01,-2.791410684585571289e-01
2.989999999999999858e+01,9.416643530130386353e-01
2.993333333333333357e+01,8.312259614467620850e-01
2.996666666666666501e+01,-3.807887434959411621e-01
3.000000000000000000e+01,-2.535619586706161499e-01
3.003333333333333144e+01,9.618356823921203613e-01
3.006666666666666643e+01,8.895065635442733765e-01
3.009999999999999787e+01,-3.295277059078216553e-01
3.013333333333333286e+01,-1.751545071601867676e-01
3.016666666666666785e+01,8.367284014821052551e-01
3.019999999999999929e+01,5.134840495884418488e-01
3.023333333333333428e+01,-7.032070867717266083e-01
3.026666666666666572e+01,-5.508491769433021545e-01
3.030000000000000071e+01,7.286790758371353149e-01
3.033333333333333215e+01,5.974979326128959656e-01
3.036666666666666714e+01,-6.218054518103599548e-01
3.039999999999999858e+01,-4.803070798516273499e-01
3.043333333333333357e+01,7.767367176711559296e-01
3.046666666666666501e+01,6.278104777447879314e-01
3.050000000000000000e+01,-5.853900569491088390e-01
3.053333333333333144e+01,-4.141322895884513855e-01
3.056666666666666643e+01,7.879329565912485123e-01
3.059999999999999787e+01,6.402705889195203781e-01
3.063333333333333286e+01,-5.500830430537462234e-01
3.066666666666666785e+01,-3.907177504152059555e-01
3.069999999999999929e+01,7.630874030292034149e-01
3.073333333333333428e+01,6.170790642499923706e-01
3.076666666666666572e+01,-4.967168904840946198e-01
3.080000000000000071e+01,-3.434023470617830753e-01
3.083333333333333215e+01,8.483563014306128025e-01
3.086666666666666714e+01,7.048276998102664948e-01
3.089999999999999858e+01,-4.484243318438529968e-01
3.093333333333333357e+01,-2.880476787686347961e-01
3.096666666666666501e+01,9.302865341305732727e-01
3.100000000000000000e+01,7.934723049402236938e-01
3.103333333333333144e+01,-4.223775118589401245e-01
3.106666666666666643e+01,-2.679263055324554443e-01
3.109999999999999787e+01,9.861845523118972778e-01
3.113333333333333286e+01,8.072228729724884033e-01
3.116666666666666785e+01,-4.376810789108276367e-01
3.119999999999999929e+01,-2.643656730651855469e-01
3.123333333333333428e+01,9.703056514263153076e-01
3.126666666666666572e+01,7.791258394718170166e-01
3.130000000000000071e+01,-4.160253703594207764e-01
3.133333333333333215e+01,-2.535863220691680908e-01
3.136666666666666714e+01,9.201009571552276611e-01
3.139999999999999858e+01,7.411037385463714600e-01
3.143333333333333357e+01,-4.054181277751922607e-01
3.146666666666666501e+01,-2.541661262512207031e-01
3.150000000000000000e+01,9.368768334388732910e-01
3.153333333333333144e+01,7.622270286083221436e-01
3.156666666666666643e+01,-4.351758956909179688e-01
3.159999999999999787e+01,-2.887889742851257324e-01
3.163333333333333286e+01,9.016840159893035889e-01
3.166666666666666785e+01,7.414993643760681152e-01
3.169999999999999929e+01,-4.539540410041809082e-01
3.173333333333333428e+01,-3.089725971221923828e-01
3.176666666666666572e+01,8.897700905799865723e-01
3.180000000000000071e+01,7.350736856460571289e-01
3.183333333333333215e+01,-4.604566097259521484e-01
3.186666666666666714e+01,-3.084120154380798340e-01
3.189999999999999858e+01,8.983951807022094727e-01
3.193333333333333357e+01,7.381778955459594727e-01
3.196666666666666501e+01,-4.734411835670471191e-01
